lat	lon	limit	kind	dir	road	place
33.257527	126.287340	80	E	2	평화로	안성1교차로 북측 종점
33.260577	126.494642	60	E	2	중산간서로	중산간서로 엉또폭포입구 종점
33.260676	126.517242	50	S	2	중산간동로	중산간서로 서귀포시산림조합 시점
33.262394	126.449104	60	S	2	중산간서로	중산간서로 회수입구 시점
33.263933	126.553495	50	E	2	중산간동로	중산간서로 열방교회 종점
33.268203	126.369464	50	F	2	한창로	네거리슈퍼 앞
33.274136	126.650114	60	F	2	일주동로	종남1교 (남원 → 서귀포)
33.283204	126.320529	80	S	2	평화로	서광1교차로 남측 시점
33.306969	126.804442	50	F	2	일주동로	세화2리사무소 정류장 앞
33.317558	126.600573	60	E	2	서성로	법환초교 앞 (서귀포 → 제주시)
33.322103	126.714444	50	E	2	남조로	남조로 불미터교차로 종점
33.326070	126.669055	60	F	1	서성로	온평초등학교 앞
33.330508	126.674296	60	S	2	서성로	머체왓숲길 입구
33.331399	126.710388	50	S	2	남조로	남조로 수망리 시점
33.338045	126.356121	80	S	1	평화로	광평교차로 동측
33.357320	126.822735	70	F	2	번영로	해안경비단 앞
33.364851	126.199851	60	F	2	일주서로	판포삼거리
33.386614	126.618785	50	S	1	516로	맞은편 성판악 시점
33.388585	126.376083	60	S	1	산록서로	산록서로 어음1교차로 시점
33.388844	126.376544	60	F	2	산록서로	어음1교차로 종점(노형→애월)
33.412853	126.833147	60	E	2	서성일로	모구리야영장 종점
33.419964	126.492046	60	F	2	1100로	호국원 입구 시점(노형→애월)
33.420214	126.492502	60	E	1	산록서로	천왕사 종점
33.424222	126.277694	60	F	1	일주서로	대림사거리 북측(애월>한림)
33.434357	126.671802	60	S	1	남조로	교래사거리 시점
33.437683	126.870768	60	S	2	서성일로	서성일로 수산2리입구 교차로 시점
33.438019	126.279921	70	F	2	일주서로	귀덕2리 마을입구(예인교회 맞은편)(애월→한림)
33.438494	126.573971	50	E	1	516로	첨단로 입구
33.440588	126.429324	80	E	1	평화로	제주공룡랜드 입구
33.440596	126.429335	80	E	1	평화로	제주공룡랜드 입구
33.441994	126.911881	60	F	1	일주동로	성산읍사무소 앞
33.442491	126.884603	50	E	2	서성일로	수산사거리 동측(종점)
33.443610	126.562845	50	E	1	516로	제주의료원 남측 종점
33.446475	126.906855	50	S	2	서성일로	고성교차로 서측(시점)
33.464570	126.344454	70	S	1	일주서로	일주서로 고내사거리 시점
33.466284	126.659963	60	E	1	남조로	남조로 교차로 종점
33.469806	126.363809	70	E	1	일주서로	일주서로 신엄사거리 종점
33.472728	126.426315	80	F	2	애조로	하귀장례식장 앞
33.473233	126.484369	50	F	1	1100로	제주고 앞 삼거리
33.475958	126.514619	50	F	1	오남로	한라도서관 앞
33.479086	126.429121	50	F	1	우광로	대정서초등학교 앞
33.482750	126.462831	50	S	1	오광로	오광로 삼거리 시점
33.482755	126.402557	50	F	1	일주서로	미수동포구 입구
33.485650	126.550572	50	F	1	금월길	코델리아호텔 앞
33.492960	126.511422	50	F	2	연삼로	오라동주민센터 입구
33.493220	126.501846	50	S	1	연삼로	JIBS 앞(시점 3차로)
33.493278	126.531705	50	E	1	연삼로	연삼로 쿠쿠 서비스 센터 앞(종점 3차로)
33.493967	126.455916	50	E	1	오광로	노형동 이호테우 입구교차로 종점
33.496937	126.580714	70	F	2	번영로	화물차공영차고지 앞
33.498923	126.501938	50	F	1	서광로	제주공항주유소 앞
33.506223	126.506170	50	S	1	용해로	상고지빌라 남측 구간 시점
33.513863	126.502748	50	E	1	용해로	제주출입국 외국인청 앞 구간 종점
33.513930	126.540470	50	F	1	동문로	사라봉호텔 앞
33.518242	126.540374	50	F	1	임항로	금아빌라 맞은편
33.531416	126.686495	70	F	2	일주동로	북촌서교차로
33.533236	126.637986	60	F	2	일주동로	영창공업사 앞
33.551863	126.791386	70	F	1	일주동로	월정마을입구(성산>제주)
34.162029	126.554398	30	F	2	부황길	보길초등학교후문(윤선도문학관→보길저수지)
34.162173	126.554504	30	F	1	부황길	보길초등학교후문(보길저수지→윤선도문학관)
34.162900	126.555130	30	F	2	부황길	보길초등학교정문(윤선도문학관→보길저수지)
34.162900	126.555612	30	F	1	부황길	보길초등학교정문(보길저수지→윤선도문학관)
34.162950	126.592090	30	F	1	보길동로	보길동초등학교(여항리마을회관→백사장민박)
34.163139	126.591628	30	F	2	보길동로	보길동초등학교(백사장민박→여항리마을회관)
34.164400	126.592052	30	F	2	보길동로	보길동초등학교후문(보길출장소→보길중리보건진료소)
34.171102	126.652795	30	F	1	소안로	소안초등학교(소안우체국→소안출장소)
34.171270	126.652770	30	F	1	소안로	소안초등학교(소안출장소→소안우체국)
34.194910	126.570370	30	F	2	노화서로	노화초등학교(등산저수지→소당리마을회관)
34.195644	126.570669	30	F	1	노화서로	노화초등학교(소당리마을회관→등산저수지)
34.295855	126.049493	30	F	2	창유1길	조도초등학교(하나로마트→조도초)
34.311754	126.739085	30	F	2	청해진서로	하나둘셋유치원(화흥포→군민회관)
34.312320	126.759808	30	F	1	중앙길	완도초등학교앞(완도읍→해양경찰서)
34.312479	126.759660	30	F	2	중앙길	완도초등학교(해양경찰서→완도읍)
34.312670	126.739136	30	F	2	청해진서로	하나둘셋유치원(화흥포→군민회관)
34.315900	126.518100	30	F	2	땅끝해안로	송호초등학교(송지면→땅끝)
34.316670	126.730350	30	F	2	소가용길	청해어린이집(관음사→완도야구장)
34.316704	126.730379	30	F	2	소가용길	청해어린이집(완도야구장→관음사)
34.321540	126.741490	30	F	2	개포로135번길	완도중앙초등학교(종합운동장→예술의전당)
34.321632	126.741488	30	F	2	개포로135번길	완도중앙초등학교(예술의전당→종합운동장)
34.321895	126.521425	50	F	1	땅끝해안로	송호마을입구(송지면사무소→송호초등학교)
34.322931	126.577773	60	F	1	땅끝해안로	사구미해변(북평면→송지면)
34.324483	126.701216	30	F	2	청해진서로	화흥초등학교(완도읍→군외면)
34.324490	126.701310	30	F	2	청해진서로	화흥초등학교(군외면→완도읍)
34.325137	126.741724	30	F	1	장보고대로	성광어린이집(신기마을회관→전기차충전소)
34.325437	126.741784	30	F	2	장보고대로	성광어린이집(전기차충전소→신기마을회관)
34.326559	126.849742	30	F	2	신지로	신지동초등학교(월부리마을회관→신상리마을회관)
34.327090	126.849330	30	F	1	신지로	신지동초등학교(신상리마을회관→월부리마을회관)
34.332410	126.736909	60	F	1	완도로	완도교차로부근(신지면→완도읍)
34.332602	126.997655	30	F	1	생일로	생영초등학교(서성항→용출항)
34.332900	126.997300	30	F	1	생일로	생영초등학교(용출항→서성항)
34.333768	126.826390	30	F	2	신지로	신지파출소(장보고대교→신지동초)
34.333999	126.829861	30	F	1	신지로	신지면복지회관(신지동초→장보고대교)
34.337674	126.599033	60	F	1	땅끝해안로	땅끝만물수퍼앞(땅끝→남창교차로)
34.337850	127.055142	50	F	1	궁항길	(월송리→사동리)
34.338023	127.055393	50	F	2	궁항길	(사동리→월송리)
34.338598	126.790565	50	F	1	완도로	신지교차로 전(뒷골교차로→신지교차로)
34.339040	126.647764	60	F	1	청해진서로	(군외면→당인리)
34.339096	126.598071	60	F	2	땅끝해안로	영전백화점(남창교차로→땅끝)
34.339138	126.647880	60	F	3	청해진서로	(당인리→군외면)
34.340087	127.052431	30	F	1	금일로	월송리부녀회관 앞 (월송해송림→신평)
34.344896	126.786283	60	F	2	신지로	장보고대교(고금→신지)
34.346658	127.038336	50	F	1	금일로	신평마을(금일동초→금일초)
34.349000	126.521800	60	F	2	땅끝해안로	대죽삼거리(송지면→땅끝)
34.350367	126.729906	80	F	2	완도로	중앙어린이집부근(해남→완도)
34.351600	126.476500	30	F	1	어란로	어란진초등학교(어란진항→어란진초)
34.351708	126.476669	30	F	1	어란로	어란진초등학교(송지면→어란진항)
34.353491	126.777854	60	F	1	고금1로	장보고대교(신지→고금)
34.355647	127.021348	30	F	2	도장길	금일제일어린이집(화전항→척치리마을회관)
34.357692	126.590105	50	F	2	땅끝해안로	평암보건진료소(영전리→서홍리)
34.358710	126.728798	30	F	2	청해진로	청해초등학교(해남→완도)
34.359582	126.728783	30	F	1	청해진로	청해초등학교(완도→해남)
34.364734	126.518507	60	F	2	땅끝해안로	산정교차로(땅끝→송지면)
34.367701	126.515672	60	F	1	땅끝해안로	산정사거리(송호리→땅끝)
34.370203	126.780693	60	F	1	고금로	상정마을 앞(고금→신지)
34.373920	126.599834	50	F	1	땅끝해안길	신평리노인당 부근 (서홍지 → 평암경로당)
34.379600	126.645970	30	F	1	청해진서로	군외초등학교(화흥포→군외면)
34.379908	126.645996	30	F	1	청해진서로	군외초등학교(군외면→화흥포)
34.380591	126.210984	50	F	2	진도대로	중만리마을 앞(중만리마을회관→국립남도국악원)
34.385511	126.645629	80	F	2	완도로	(완도→해남)
34.386761	126.927192	50	F	3	약산로	가래마을(가래마을회관→해동항)
34.388700	126.560000	30	F	2	달마로	서정초등학교(미황사→서정초)
34.388716	126.560083	30	F	1	달마로	서정초등학교(봄길교회→미황사입구)
34.389677	126.647183	50	F	1	청해진서로	군외면사무소(군외초→완도대교)
34.391969	126.908966	60	F	2	약산로	장용마을(약산면→당목항)
34.392647	126.854984	50	F	3	고금동로	화성리 입구(고금동부교회→약산연도교)
34.392803	126.897172	30	F	2	약산로	약산초등학교(여동리마을회관→약산면사무소)
34.392820	126.897240	30	F	2	약산로	약산초등학교(약산면사무소→여동리마을회관)
34.392901	126.880936	60	F	2	약산로	약산서부교회앞(약산면→고금면)
34.393147	126.193147	60	F	2	진도대로	구분실마을앞(진도읍→팽목)
34.396809	126.807436	60	F	2	고금동로	농협유통보관시설앞(고금→약산)
34.396974	126.275773	50	F	1	진도대로	진도목양하우스앞(국립남도국악원→금갑보건진료소)
34.397951	126.799995	30	F	2	고금로	고금초등학교(마량→고금)
34.398046	126.800059	30	F	2	고금로	고금초등학교(고금→마량)
34.398456	126.511765	50	F	2	땅끝해안로	학가리마을입구(가차리→미야리)
34.399193	126.615870	60	F	2	땅끝해안로	이진교회앞 (남창교차로→땅끝)
34.405813	126.191534	30	F	1	석교길	석교초등학교(십일시→석교초)
34.408200	126.630300	30	F	1	볼무당길	북평초등학교(북평파출소→아주빌라)
34.408244	126.630409	30	F	2	볼무당길	북평초등학교(아주빌라→북평파출소)
34.408343	126.193938	50	F	1	진도대로	석교삼거리(진도군청→석교초등학교)
34.408941	126.194231	50	F	2	진도대로	석교삼거리(석교초등학교→진도군청)
34.411835	126.272609	60	F	1	진도대로	송정마을(금갑→돈지)
34.413569	126.520929	60	F	1	땅끝해안로	송암교차로(성매교차로→송지면)
34.417327	126.808885	60	F	2	고금로	청학리버스정류장(강진→고금)
34.421547	126.335597	60	F	1	진도대로	갈릴리교회앞(가계해수욕장→솔비치)
34.422464	126.166822	30	F	1	인지독치1길	지산초등학교(지산중→지산초)
34.422529	126.166891	30	F	2	인지독치1길	지산초등학교(지산초→지산중)
34.425522	126.280391	50	F	2	진도대로	거룡마을(금갑→돈지)
34.425584	126.167562	50	F	2	지산민속로	지산면사무소(고야리→문화복지센터)
34.426910	126.524980	50	F	2	백방산길	경수리회관 부근 (경수리회관 → 두모회관)
34.427263	127.495206	40	F	1	우주로	염포마을(나로도항→염포항)
34.427972	126.576167	80	F	1	땅끝대로	황산교차로(해남→완도)
34.429000	126.584600	30	F	1	입제길	현산남초등학교(황산리→조산리)
34.429496	126.556012	60	F	2	땅끝해안로	초호마을앞 (송지면→성매교차로)
34.430085	126.818695	50	F	1	고금로	고금교차로(고금→마량)
34.430200	126.642000	60	F	2	백도로	동해마을입구(강진→해남)
34.432271	126.322182	60	F	1	진도대로	연주마을입구(고군면→의신면)
34.434244	126.822561	60	F	1	고금로	가교마을(마량→고금)
34.434925	126.230495	60	F	1	진도대로	광전마을 앞(임회면→진도읍)
34.438795	126.286232	30	F	2	돈지1길	의신어린이집(의신우체국→정지리마을)
34.439012	126.285881	30	F	2	돈지1길	의신어린이집(정지리마을→의신우체국)
34.439328	126.297355	50	F	2	진도대로	청용마을앞(고군면→의신면)
34.439704	127.060111	30	F	1	금당로	금당초등학교(육동리마을회관→차우마을회관)
34.440301	126.280207	30	F	1	진도대로	의신초등학교(금갑→진도읍)
34.440420	127.059810	30	F	2	금당로	금당초등학교(차우마을회관→육동리마을회관)
34.441096	126.282225	50	F	1	진도대로	(의신119→의신파출소)
34.442814	126.501075	60	F	1	백포해안로	안호교차로(평호교차로→송지)
34.443938	126.490225	60	F	1	백포해안로	대지마을입구(송지→평호교차로)
34.445248	126.198834	60	F	2	앵무로	소앵무사거리(소앵무사거리→송가인마을)
34.447012	126.177344	60	F	2	지산민속로	상고야마을(길은보건진료소→지산면사무소)
34.447782	126.177836	60	F	1	지산민속로	상고야마을(지산면사무소→길은보건진료소)
34.450624	126.485731	50	F	2	송평로	사포마을(석호리→평호리)
34.451840	127.487550	60	F	2	하반로	교동1교차로전(교동2교차로→교동1교차로)
34.455421	126.811862	30	F	2	까막섬로	마량초등학교(어촌체험마을→마량항)
34.455556	126.811806	30	F	2	까막섬로	마량초등학교(마량항→어촌채취마을)
34.457033	126.816097	50	F	2	미항로	서중마을앞(대구면→마량면)
34.458820	126.856562	50	F	1	장흥대로	(마량→대덕)
34.458900	126.553600	30	F	2	현산북평로	현산초등학교(고현삼거리→면사무소)
34.459624	126.858790	50	F	2	장흥대로	신리삼거리(대덕읍→마량면)
34.460523	126.277437	60	F	2	돈지로	진설마을앞(진도읍→의신면)
34.461536	127.124577	40	F	1	거금일주로	(거금대교→중촌사거리)
34.463251	127.128853	40	F	2	거금중앙길	금산중학교 (대흥회전교차로→금산초)
34.463323	127.125642	40	F	2	거금일주로	(중촌사거리→거금대교)
34.463959	126.812954	60	F	2	청자로	수인마을앞(강진→완도)
34.464474	126.358671	60	F	2	진도대로	모사삼거리(고군면→가계해수욕장)
34.466700	126.677200	30	F	1	백도로	북일초등학교(해남→강진)
34.468032	127.464007	30	F	1	우주로	신금교차로 봉래초등학교입구(나로도→고흥읍)
34.468118	126.676169	30	F	1	백도로	북일초등학교(오소재→북일초)
34.468863	127.464241	30	F	2	우주로	신금교차로 봉래초등학교입구(고흥읍→나로도)
34.469873	126.244934	50	F	2	진도대로	포산마을 앞(진도소방서→염장리)
34.469900	126.664439	60	F	1	오소재로	설아다원입구(흥촌지→두륜중학교)
34.471108	126.680357	60	F	2	백도로	배다리교(강진→해남)
34.471822	126.268197	60	F	1	왕온로	향적사 입구(의신면→진도군청)
34.474056	126.802556	60	F	1	청자로	남호마을(강진→마량)
34.476931	126.936828	30	F	1	가학회진로	회덕중학교앞(삭금→회진항)
34.477303	126.881345	60	F	2	장흥대로	양하마을입구(마량→대덕읍)
34.478612	126.968318	30	F	1	회진로	명덕초등학교(회진대교→대리회관)
34.479329	126.882809	60	F	2	장흥대로	양하마을(도청저수지→미량면)
34.480108	126.938273	30	F	1	가학회진로	회진초등학교 (회진초→회진우체국)
34.480380	126.938410	30	F	2	가학회진로	회진초등학교(회진우체국→회진초)
34.483000	126.800333	50	F	2	청자로	구곡마을(강진→마량)
34.483079	126.267364	30	F	2	옥주길	진도유치원(SK주유소→현대빌라트)
34.483940	126.244663	60	F	2	교동1길	농산물가공센터(진도읍행정복지센터→쉬미항)
34.485200	126.265300	30	F	2	성내길	진도초등학교(농협→진도초등학교)
34.485470	126.512319	50	F	1	송평로	석전마을(시목마을회관 →화산면사무소)
34.485652	126.274654	30	F	1	동외4길	진도어린이집(진도고→군청)
34.485667	126.274854	30	F	2	동외4길	진도어린이집(군청→진도고)
34.488774	126.237712	60	F	1	쉬미항로	소포삼거리(쉬미항→진도군청)
34.490900	126.514900	30	F	2	해남화산로	화산초등학교(면사무소→화산삼거리)
34.491704	126.343050	30	F	1	진도대로	오산초등학교 (오산초→고성초)
34.492436	126.342395	30	F	2	진도대로	오산초등학교(고성초→오산초)
34.493413	126.644627	60	F	2	오소재로	오소재민박(오소재→해남읍)
34.493588	126.509054	50	F	2	고천암로	화산중학교 (화산초등학교 → 월호마을회관)
34.497591	126.241004	30	F	2	신흥정자로	진도서초등학교 (군청→진도서초)
34.498114	126.518536	60	F	2	해남화산로	화산농협유통센터(구시터널→화산면)
34.498709	126.478935	60	F	2	고천암로	가좌리회관 (율동→무학)
34.499006	126.890232	30	F	2	대대로	대덕초등학교(대덕읍사무소→대덕초)
34.499033	126.890286	30	F	2	장흥대로	대덕초등학교(대덕중학교→대덕초)
34.499156	126.321598	30	F	2	오일시2길	고성초등학교(오일시사거리→고성초)
34.499353	126.321926	30	F	1	진도대로	고성초 앞(오산저수지→고성초)
34.499425	126.317493	30	F	1	오일시2길	은혜어린이집앞(은혜어린이집→고성초)
34.499482	126.317129	30	F	2	오일시2길	은혜어린이집(고성초→은혜어린이집)
34.503019	127.467562	30	F	2	우주로	백양초등학교(백양초→봉래면)
34.504617	126.917369	60	F	2	장흥대로	산외동마을(마량항→관산)
34.504787	127.286589	60	F	1	천마로	가화교회(도화→풍남)
34.504795	127.301548	40	F	3	천마로	지동마을 (도화→녹동)
34.506859	127.276585	60	F	1	천마로	여의촌마을입구(도화→풍남)
34.507340	127.274267	60	F	2	천마로	여의촌마을입구(풍남→도화)
34.508496	127.320296	30	F	1	천마로	도화복지회관(발포→풍남)
34.510587	126.543886	80	F	1	땅끝대로	구시터널부근(해남→완도)
34.511969	127.457734	60	F	1	우주로	섭정마을(나로도→나로대교)
34.513788	126.722272	40	F	2	백도로	노해마을앞(강진→완도)
34.513854	126.722289	40	F	3	백도로	노해마을앞(강진→완도)
34.514707	127.320621	40	F	2	도화로	도화고등학교앞(도화면→포두면)
34.515100	126.608800	30	F	2	고산로	삼산초등학교(삼산면→대흥사)
34.516193	127.319724	40	F	1	도화로	도화고등학교앞 (포두→도화)
34.518120	126.596564	30	F	3	충리길	충리회관 앞(대흥→신리)
34.522924	127.245115	30	F	2	천마로	풍남초등학교(풍양면→풍남항)
34.522977	127.245385	30	F	2	풍남로	풍남초등학교(풍남항→풍양면)
34.525403	126.792134	60	F	3	청자로	하저마을 앞(강진→마량)
34.526151	127.423956	60	F	2	우주로	남성삼거리(나로도→고흥)
34.526840	126.953426	30	F	2	장흥대로	관산남초등학교앞 (대덕읍→관산읍)
34.527417	126.953639	30	F	2	장흥대로	관산남초등학교 (관산읍→마량)
34.529864	127.138493	30	F	1	천마로	녹동초등학교정문(비봉파크→녹동초)
34.530800	127.138300	30	F	1	천마로	녹동초후문(버스터미널→읍사무소)
34.536090	126.294403	30	F	1	금골길	금성초등학교(게이트볼장→금성초)
34.536266	126.794245	60	F	3	청자로	중저마을앞(마량→강진읍)
34.536326	126.794147	50	F	2	청자로	중저마을앞(마량→강진읍)
34.538349	126.561915	80	F	2	땅끝대로	(해남읍→완도)
34.543552	126.610586	60	F	3	고산로	진솔통닭 (연동리삼거리→해남군청)
34.543750	127.344944	60	F	1	우주로	세동마을앞 (포두면→나로도)
34.550169	126.944217	60	F	3	장흥대로	방촌사거리 (용산면→회진면)
34.551530	126.804487	60	F	3	청자로	장계리삼거리(강진→마량)
34.551861	126.804487	50	F	2	청자로	장계리삼거리(강진→마량)
34.553219	127.347865	60	F	2	우주로	덕촌마을(포두→도화)
34.556240	126.725144	60	F	3	백도로	도암초등학교앞(강진→완도)
34.557226	126.583975	60	F	2	땅끝대로	해남군수협유류사업소(완도→해남)
34.559174	126.051429	30	F	1	신의로	기동노인정(하의면→신의면)
34.561028	126.939583	30	F	1	관산로	관산초등학교 (관산우체국→방촌사거리)
34.561060	126.939603	30	F	1	관산로	관산초등학교(방촌사거리→관산초)
34.562998	126.289756	30	F	2	군내로	군내북초등학교(대야마을→군내북초)
34.563006	126.289706	30	F	1	군내로	군내북초등학교(군내북초→대야마을)
34.563241	126.297390	70	F	2	군내대로	진도대교부근(진도→해남)
34.565452	126.606423	50	F	2	영빈로	정하에코하임(강진→해남읍)
34.567149	126.649559	30	F	2	해강로	옥천초등학교 앞(강진→해남)
34.567163	126.649467	30	F	1	옥천로	옥천초등학교 (영춘삼거리→영춘교)
34.567305	126.642290	50	F	2	해남로	영춘2리마을 (해남→성산리)
34.569576	127.341526	30	F	1	우주로	포두초등학교(고흥읍→도화면)
34.569602	127.341639	30	F	1	우주로	포두초등학교(나로도→고흥)
34.569700	126.604000	30	F	1	동초길	해남동초후문(땅끝아구찜→전기안전남지사)
34.570899	126.609588	30	F	2	해남로	백두1차A 앞 (버스터미널→우슬체육공원)
34.571348	126.437663	80	F	1	공룡대로	남리교차로(진도→해남)
34.571401	126.437772	80	F	2	공룡대로	남리교차로(해남→진도)
34.572000	126.597300	30	F	1	서초길	해남서초 후문(제일중→해남중학교)
34.572596	126.296292	50	F	1	진도대로	녹진교차로(진도군내농공단지→진도휴게소)
34.573464	126.798749	30	F	1	칠량로	칠량초등학교(마량→강진)
34.573472	126.798667	30	F	1	칠량로	칠량초등학교(강진→마량)
34.574077	126.599766	30	F	2	북부순환로	해남군청 앞(법원→우슬경기장)
34.574900	126.593500	30	F	2	서림길	아트빌어린이집(해남고→서림어린이집)
34.575300	126.428100	30	F	2	시등로	황산초등학교(면사무소→황산초)
34.576000	126.591700	30	F	2	구교3길	해오름유치원(광주지법해남지원→구교주공2단지@)
34.576325	127.243650	30	F	1	고흥로	풍양파출소 (하림삼거리→죽시사거리)
34.577100	126.599300	30	F	1	군청길	원광유치원(금강산→해남읍)
34.578300	126.592500	30	F	2	구교3길	미래클유치원(맘스터치→구교주공2단지)
34.579294	127.199708	80	F	1	우주항공로	(고흥→녹동)
34.579521	126.311513	70	F	2	관광레저로	우수영가스충전소(진도 →해남)
34.580863	127.255250	60	F	2	고흥로	고흥소방소앞(풍양면→고흥읍)
34.581184	126.579076	50	F	3	명량로	학동마을(학동교차로→복평삼거리)
34.581841	126.311802	70	F	2	관광레저로	명승회센터 앞(해남 →진도)
34.583355	127.256293	80	F	2	우주항공로	상림교차로(고흥→녹동)
34.585716	126.093493	30	F	2	신의로	모농경로당(신의파출소→신의동리항)
34.585852	126.093454	30	F	1	신의로	모농경로당(신의동리항→신의파출소)
34.586207	127.394870	60	F	2	팔영로	해창만방조제(포두면→영남면)
34.588626	126.500743	50	F	2	명량로	원호삼거리(해남→원호삼거리)
34.589302	126.558051	60	F	1	명량로	마산삼거리(해남읍→마산면)
34.589619	126.647974	80	F	1	공룡대로	영신회관앞(강진→해남)
34.589672	126.539795	60	F	2	명량로	금자마을(이목마을회관→산이교차로)
34.591042	126.360284	80	F	2	공룡대로	사교교차로(진도→해남)
34.591376	126.731722	80	F	3	강진서부로	대산주유소건너편(해남→강진)
34.591681	127.413538	60	F	2	팔영로	(영남면→포두면)
34.594100	127.417000	30	F	2	옥진로	옥곡초등학교(광양읍→옥곡면)
34.599063	127.304233	60	F	1	우주로	상하수도사업소앞(포두면→고흥읍)
34.599346	126.075349	30	F	2	상서길	(신의중학교→신의상태선착장)
34.600194	127.278204	30	F	1	고흥로	등암부분정비앞(등암삼거리→읍사무소)
34.601819	126.927237	60	F	1	장흥대로	녹동마을입구(용산면→관산읍)
34.602747	127.456047	30	F	1	팔영로	영남초등학교(파출소→영남초)
34.602902	127.456404	30	F	2	팔영로	영남초등학교(팔영대교→영남초)
34.604639	127.280888	30	F	2	고흥로	민속식당앞(현대모비스→국민연금공단)
34.605375	127.276705	30	F	2	고흥군청로	고흥군청앞(성촌삼거리→고흥군청)
34.605700	126.313100	30	F	2	동영길	우수영초등학교(문내면→난대교차로)
34.608010	127.290119	30	F	1	학교길	고흥동초등학교정문(포두면→고흥읍)
34.608103	127.289813	30	F	2	학교길	고흥동초등학교정문(고흥읍→포두면)
34.613873	127.289937	30	F	2	고흥로	고흥중학교앞(고흥여자중→고흥중)
34.614200	127.290133	30	F	1	고흥로	고흥중학교앞(한전앞교차로→고흥중)
34.614769	126.022445	30	F	1	하의로	대리2구마을회관(하의여객선터미널→당두선착장)
34.614788	126.788901	60	F	3	청자로	연화마을앞(마량→강진)
34.615951	126.915332	30	F	3	용안로	용산초교앞 (농협문화센터→우체국)
34.616647	127.729634	30	F	1	돌산로	돌산초등학교(화태대교→돌산초)
34.617700	126.570400	30	F	2	산이로	마산초용전분교(산이면→마산면)
34.622262	126.922369	60	F	2	용안로	청전마을앞(안양면→용산면)
34.622381	127.273135	60	F	1	두원로	고흥국민체육센터(두원면→고흥읍)
34.622884	127.471098	40	F	1	팔영로	신성마을앞(점암면→영남면)
34.626507	126.764799	80	F	3	녹색로	남포교차로(순천->목포)
34.627348	126.784971	80	F	3	녹색로	목리교차로부근(강진→장흥)
34.627417	126.902101	60	F	2	장흥대로	장흥교도소부근(장흥읍→용산면)
34.630596	127.493360	60	F	1	팔영로	팔영대교인근(여수→고흥)
34.631032	127.015215	60	F	1	남부관광로	울산마을앞(안양면→보성)
34.634466	126.283469	50	F	3	우수영로	(증도리마을→궁항마을)
34.634679	126.281678	50	F	3	우수영로	(궁항마을→증도리마을)
34.636543	126.762753	30	F	3	삼일로	한별어린이집 앞(강진중앙초→한별어린이집)
34.636995	126.766228	30	F	2	중앙로	중앙초등학교(의료원→군청)
34.637231	126.980927	60	F	1	남부관광로	해창마을(안양면→보성)
34.639310	127.627743	30	F	2	화양로	안일초등학교(백야도→안일초)
34.639556	126.776000	30	F	1	보은로	동초등학교후문(종합운동장→교육청)
34.640020	126.809727	80	F	2	녹색로	군동교차로(순천→목포)
34.641472	126.775639	30	F	2	보은로	동초등학교정문(터미널→종합운동장)
34.641518	126.775354	30	F	1	보은로	동초등학교(종합운동장→터미널)
34.642154	126.317398	70	F	1	관광레저로	명량대첩주유소앞(우수영→영암)
34.642165	127.034988	60	F	3	남부관광로	수락교차로 (장흥→보성)
34.643355	126.444824	60	F	2	산이로	산이119지역대(화원면→해남읍)
34.644200	126.448000	30	F	1	비석길	산이초등학교(면사무소→우체국)
34.644972	126.785942	30	F	1	군동계산길	계산초등학교(종합운동장→터미널)
34.645167	126.785972	30	F	2	군동계산길	계산초등학교 (농업기술센터→종합운동장)
34.645200	126.659200	40	F	1	해남로	계곡면사무소(우체국→보건지소)
34.645285	126.788289	30	F	3	까치내로	새하늘어린이집(계산초교→군동면호계리삼거리)
34.645315	126.659236	40	F	1	해남로	계곡면사무소(보건지소→우체국)
34.646065	126.318178	70	F	2	관광레저로	장춘교차로(영암→우수영)
34.646225	127.273258	30	F	2	두원로	고흥우체국두원출장소(대전해수욕장→면사무소)
34.646566	127.275058	30	F	1	두원로	두원초등학교(면사무소→두원초)
34.647529	126.817260	30	F	1	석교로	군동초등학교(청람중→면사무소)
34.647972	126.817639	30	F	1	석교로	군동초등학교(면사무소→청람중학교)
34.648170	126.737919	80	F	3	녹색로	화전교차로부근(성전→강진)
34.650087	126.778003	30	F	3	청령길	신풍회관 앞(보은제가복지센터→교촌마을회관)
34.650746	126.973312	30	F	2	운정2길	안양초등학교(청송회관→안양면행정복지센터)
34.651709	126.730818	80	F	3	녹색로	화전교차로부근(강진→성전)
34.652033	126.887281	60	F	1	장흥대로	(용산면→장흥읍)
34.652330	127.382676	30	F	1	점암학교길	점암초등학교(점암파출소→점암중)
34.652935	126.587738	60	F	2	흑석로	가학농장(계곡면→미암면)
34.658722	126.960667	60	F	1	남부관광로	수양삼거리(장흥읍→안양면)
34.658836	126.570939	50	F	2	흑석로	잠두리회관 앞 (만년리회관 → 한국가스공사)
34.666206	126.889602	30	F	1	장흥대로	장흥남초등학교(순지교차로→장흥읍)
34.672168	126.947150	60	F	1	남부관광로	기산사거리(장흥→안양)
34.672340	127.086377	30	F	2	남부관광로	회천초등학교(율포→보성녹차밭)
34.672348	127.086437	30	F	1	남부관광로	회천초등학교(보성녹차밭→율포)
34.672600	126.333400	30	F	1	청용길	화원초등학교(김치공장→화원면)
34.672686	126.333471	30	F	2	청용길	화원초등학교(화원면→김치공장)
34.675115	126.908013	30	F	2	흥성로	효성어린이집(장흥군민회관→장애인복지관)
34.675522	126.901628	30	F	2	칠거리예양로	장흥서초등학교(궁전웨딩→읍사무소)
34.675833	126.901694	30	F	1	칠거리예양로	장흥서초등학교(토요시장→Y식자재마트)
34.675900	126.410800	30	F	2	산이로	산이서초등학교(해남읍→화원면)
34.678861	127.358559	30	F	2	과역로	과역초등학교(과역초→버스터미널)
34.678874	127.358066	30	F	1	과역로	과역초등학교(버스터미널→과역초)
34.679291	126.902130	30	F	1	읍성로	중앙어린이집(경찰서→읍사무소)
34.679330	126.901969	30	F	1	읍성로	중앙유치원(장흥읍사무소→장흥경찰서)
34.680965	126.904579	50	F	2	장흥대로	장흥교로터리앞(장흥IC→장흥성당)
34.682347	126.907353	30	F	1	건산로	장흥초등학교(장흥하나로마트→장흥중)
34.682426	126.907223	30	F	1	건산로	장흥초등학교(장흥중→하나로마트)
34.685000	126.906694	50	F	1	북부로	수창아트빌(미래2차@→선거관리위원회)
34.685203	127.369238	80	F	1	우주항공로	석봉교차로(벌교→고흥)
34.685278	126.907194	50	F	1	북부로	수창아트빌(선거관리위원회→미래2차@)
34.685759	127.595497	30	F	2	화양로	화양초등학교(화양고→화양초)
34.685796	127.594381	30	F	1	화동로	화양초등학교(청양리→화양초)
34.685955	126.904292	30	F	2	동교로	에덴어린이집(미래2차아파트→부동교)
34.686054	126.904222	30	F	2	동교로	장흥교육지원청 앞 사거리(부동교→미래2차아파트)
34.687466	126.714975	80	F	1	녹색로	강진IC삼거리(영암→강진)
34.687969	127.089787	40	F	1	남부관광로	만수마을회관전 (회천→율포)
34.688601	127.366542	80	F	1	우주항공로	금성휴게소(고흥→벌교)
34.688833	126.918917	30	F	2	흥성로	동화어린이집 (버스터미널→월계교)
34.690968	126.706862	30	F	3	별뫼로	성전어린이집(성전성당→성전면사무소)
34.692032	127.768281	60	F	2	돌산로	굴전마을 (화태도→여수시청)
34.693682	127.612379	70	F	2	안포나진로	화동2교차로(화양→백야도)
34.694273	126.711495	80	F	3	녹색로	월평교차로부근(강진→목포)
34.695194	127.359250	80	E	2	우주항공로	과역교차로 구간종점(벌교→고흥)
34.697714	126.678628	80	F	2	녹색로	밤재삼거리(영암→강진)
34.697823	126.678664	80	F	2	녹색로	밤재삼거리(강진→영암)
34.698718	126.827560	60	F	3	장강로	도룡마을 앞(하고리→삭앙리)
34.699312	126.574144	30	F	2	미중로	미암초등학교(면사무소→미암초)
34.699414	126.575061	30	F	2	선황로	미암초등학교(율리마을회관→미암면사무소)
34.701937	126.708183	80	F	3	예향로	송월교차로(영암→강진)
34.702646	125.952883	30	F	1	서남문로	도초농협(도초초등학교→도초항)
34.703476	126.772939	30	F	2	평리길	작천초등학교(작천119지역대→작천초)
34.705871	127.353313	80	F	2	우주항공로	노송교차로(고흥→벌교)
34.706432	127.124841	60	F	1	충의로	화당마을앞(득량→율포)
34.713281	125.936448	60	F	2	서남문로	성심의원 앞(비금→도초)
34.714376	126.811925	30	F	2	장강로	병영초등학교후문(면사무소→병영교차로)
34.714890	126.811937	30	F	2	장강로	병영초등학교후문(병영교차로→면사무소)
34.715214	127.752738	50	F	3	강남해안로	진모축구장 부근(돌산도서관→진모축구장)
34.715431	126.929478	80	F	1	녹색로	S-oil주유소 앞(장흥→보성)
34.715981	128.041840	30	F	2	남해대로	미조초등학교 앞 (초전→미조항)
34.717639	127.752472	30	F	1	강남10길	동백초등학교(돌산진모지구→동백초)
34.719194	126.709250	80	F	1	예향로	신풍삼거리(영암→강진)
34.719460	126.597330	30	F	2	금계로	학산초등학교(독천시가지→천해마을)
34.719536	126.597635	30	F	2	금계로	학산초등학교(초안삼거리→학산면사무소)
34.719713	126.932496	100	E	2	남해선	남해고속도로 41.23k 종점(순천→영암)
34.719893	126.709487	80	F	1	예향로	신풍삼거리(강진→영암)
34.720435	127.622967	70	F	1	화양로	용주교차로(화양면→소라면)
34.722440	126.902851	30	F	2	부유로	부산초등학교(부산우체국→하나로마트)
34.724090	127.985918	30	F	2	남해대로	상주초등학교 앞(이동→상주해수욕장)
34.724134	127.985957	30	F	2	남해안대로	상주초등학교 (미조→남해읍)
34.724792	126.901333	60	F	2	부유로	유량마을 앞(나주→장흥군청)
34.724967	128.602983	30	F	1	거제남서로	명사초등학교 (명사초등학교→남부면사무소)
34.725003	128.602810	30	F	2	거제남서로	명사초등학교 (남부면사무소→명사초등학교)
34.725876	128.023480	60	F	1	영서로	송정한솔마을 교차로 (초전삼거리→상주면)
34.726061	128.023818	60	F	2	영서로	송정한솔마을 교차로 (상주면→초전삼거리)
34.726394	127.698309	50	F	3	신월로	서남교회 앞(여객선터미널→이순신공원)
34.727149	126.565014	30	F	2	영산로	독천초등학교(독천시가지→광산마을)
34.727377	127.641287	50	F	2	소호로	송소마을앞삼거리(화양→소호동)
34.727409	127.091490	70	F	1	녹차로	삼산마을앞 (장수교차로→봇재교차로)
34.727417	127.713250	30	F	1	신월로	신월초등학교앞(웅천지구→여수남초)
34.727565	126.533359	30	F	1	곤미현로	서창초등학교(사동마을→우산정마을회관)
34.728047	127.743770	30	F	2	돌산로	백초초등학교 (돌산교차로->돌산공원)
34.728056	127.713778	30	F	2	신월로	신월초등학교(여수남초→웅천지구)
34.728196	127.353554	30	F	2	골안노송길	남양초등학교(남양초→노송교차로)
34.728452	127.353922	30	F	1	골안노송길	남양초등학교(노송교차로→남양초)
34.728652	126.547951	80	F	2	녹색로	삼호에너지GS/LPG(삼호읍→독천면)
34.729389	127.334417	80	S	2	우주항공로	구간시점(벌교→고흥)
34.731497	127.721427	30	F	2	어항로	남초등학교(어항단지입구교차로→극동교)
34.731889	127.721083	30	F	2	신월로	여수남초등학교(봉산파출소→어항단지삼거리)
34.734258	126.968229	80	F	2	녹색로	하산교부근(보성→장흥)
34.734667	126.716139	80	E	1	예향로	구간종점(영암→강진)
34.735887	126.509964	80	F	1	녹색로	매자사거리(목포→영암)
34.736282	128.629676	50	F	1	거제대로	다대마을 (바람의언덕→남부면)
34.736611	127.730361	30	F	1	남산로	남산초등학교(수산물특화시장→KT여수지사)
34.737344	127.731410	50	F	2	충무로	남산교(교동사거리→남산공원)
34.738728	126.388567	70	F	2	대불로	현대중공업앞(삼호→해남)
34.739386	127.624608	70	F	2	화양로	문덕교차로(화양면→소라면)
34.739831	126.500315	80	F	1	녹색로	오리온사거리(영암→대불공단)
34.740482	127.743941	30	F	1	하멜로	중앙초교정문(종화동사거리->여수경찰서)
34.740516	127.646098	30	F	1	소호6길	안심초등학교(주은금호아파트→안심초)
34.741559	127.686638	30	F	2	웅천로	송현초등학교(부영2차아파트→송현초)
34.742223	127.134287	60	F	1	충의로	회룡삼거리(율포→득량면)
34.742929	127.727150	40	F	1	한재로	한재터널→한재사거리
34.743622	126.459129	30	F	2	삼호중앙로	일오삼어린이집(삼호도서관→대불교차로)
34.743939	126.429735	70	F	1	관광레저로	형제농장앞(대불교차로→화원)
34.744064	126.456079	30	F	1	삼호중앙로	일오삼어린이집 부근(용앙교차로→삼호도서관)
34.744194	126.796000	30	F	1	옴천중앙로	옴천초등학교(치안센터→정동마을)
34.744318	126.796182	30	F	1	옴천중앙로	옴천초등학교(정동마을→치안센터)
34.744596	127.728375	50	F	1	좌수영로	여수전남병원앞(시민회관→서교동)
34.744862	126.386896	70	F	1	대불로	영암2교차로부근(대불산단→해남)
34.745640	127.652550	30	F	2	소호4길	소호초등학교(금호아파트→소호해변공원)
34.745646	126.378056	30	F	2	신항로	삼호서초등학교(현대삼호2차@→현대삼호3차@)
34.745800	127.654085	30	F	1	소호로	소호초교 건너편(소호해변공원→장성삼거리)
34.746102	126.470368	30	F	1	곤미현로	삼호중앙초등학교(용앙휴먼시아@→삼호우체국)
34.746115	126.470473	30	F	1	중앙촌길	삼호중앙초등학교(삼호우체국→용앙휴먼시아@)
34.746496	126.993406	30	F	2	흥성로	장동초등학교(보건소→장동교차로)
34.746590	127.654489	30	F	2	소호로	소호초등학교(장성삼거리→소호해변공원)
34.746635	127.742874	50	F	2	충민로	공화사거리 방면(여수동초->여수고)
34.746653	126.993440	30	F	2	북교반산로	장동초등학교(대성레미콘→장동초교)
34.747324	126.467662	30	F	1	세가래로	삼호어린이집(삼호중앙초→에벤에셀어린이집)
34.747381	127.684767	30	F	3	웅청북4로	예울초등학교(부영1차@→오충사)
34.748032	126.468137	30	F	2	세가래로	삼호교회어린이집(퀸스빌@→하나로마트)
34.748079	126.466695	30	F	1	이라니길	에벤에셀어린이집(삼호우체국→삼호불가마사우나)
34.748378	127.680718	50	F	2	신월로	예울병원건너편(송원삼거리→시청) 3차로
34.748468	127.628046	70	F	1	화양로	관기교차로(소라면→화양면)
34.748503	127.628133	70	F	2	화양로	관기교차로(화양면→소라면)
34.749036	127.626272	30	F	2	관기길	관기초등학교(가사리->관기교차로)
34.749111	127.673847	30	F	2	웅천중앙로	웅천초등학교 (웅천지웰아파트→웅천초)
34.749144	127.626119	30	F	1	관기길	관기초등학교 (관기교차로->가사리)
34.751722	127.642472	30	F	2	안심산길	킨더숲유치원(유캐슬호텔→죽림제)
34.751771	127.727470	30	F	1	좌수영로	진남초등학교 (버스터미널→한재사거리)
34.751918	127.694503	30	F	3	여문2로	문수초등학교 후문(여수정보과학고→문수초등학교)
34.752109	127.727684	30	F	1	좌수영로	진남초등학교(한재사거리→버스터미널)
34.752111	127.744083	30	F	1	박람회길	종고초등학교 어울림식자재마트앞(종고초→엑스포타운)
34.752361	127.691972	30	F	2	여문2로	좌수영초등학교(영재유치원→여수부영9차)
34.752362	125.929591	50	F	1	서남문로	비금농협(도초면→비금가산터미널)
34.752978	125.929168	30	F	2	비금북부길	비금농협주유소(비금면사무소→도초면)
34.753143	127.675885	50	F	1	신월로	웅천생태터널앞(웅천동→시청)
34.754167	126.125394	30	F	2	중부로	안좌초등학교
34.754687	127.185909	50	F	1	공룡로	월평마을(해평선착장→득량중)
34.755163	126.582480	30	F	2	서호로	장천초등학교(하나로마트→서호교회)
34.755249	126.582320	30	F	1	서호로	장천초등학교(서호면사무소→월출산농협)
34.755278	127.710778	30	F	2	장군산길	여문늘벗작은도서관(오림부영3차→해양수산청)
34.755997	127.732654	30	F	1	충밀사길	홍익어린이집(현암도서관->중앙여고앞삼거리)
34.756150	126.460490	30	F	1	대불주거6로	대불초등학교(삼호지구대→용앙@)
34.756657	127.719247	50	F	2	충민로	오림삼거리(중앙여자고등학교→버스터미널)
34.757082	126.460961	30	F	1	대불주거6로	대불초등학교(용앙아파트→렉시안@)
34.757209	126.460682	30	F	2	대불주거6로	대불초등학교(렉시안@→중흥S클래스@)
34.758210	125.930538	50	F	2	서남문로	(가산선착장→도초도)
34.760904	127.645645	50	F	1	도원로	KBC광주방송국앞(죽림→도원사거리)
34.761423	127.675804	30	F	2	여천체육공원길	신기초등학교(망마경기장→신기초)
34.762394	127.608518	30	F	1	서부로	소라초소라남분교(에코힐즈→소라남초)
34.762640	127.667684	30	F	1	흥극로	쌍봉초등학교(흥국실내체육관앞교차로→쌍봉초)
34.762688	126.632737	30	F	2	왕인로	구림초등학교(구림교→군서파출소)
34.762750	127.667389	30	F	2	흥국로	쌍봉초등학교(쌍봉지구대→흥국실내체육관)
34.762826	126.473086	60	F	1	녹색로	금강산식당앞(목포→영암)
34.763311	127.655867	50	F	2	무선로	롯데케미칼사택 (신동아@삼거리→도원사거리)
34.763863	127.949177	60	F	1	남해대로	원천마을 (미조,상주→하동,남해)
34.763890	127.949199	60	F	2	남해대로	원천마을 (하동,남해→미조,상주)
34.764056	127.651972	30	F	1	선원4길	도원초등학교(부영여자고→여선중학교)
34.764194	127.705806	30	F	1	좌수영로	미평초등학교앞(미평삼거리→한국전력)
34.764969	127.684165	60	F	1	쌍봉로	에스오일개인충전소(둔덕동→신기동)
34.764994	127.082573	30	F	2	우산길	새싹어린이집(택촌노인회관→삼성디지털프라자)
34.765212	127.637980	30	F	1	죽림로	죽림초등학교(호반베르디움→죽림초)
34.765325	127.707387	30	F	1	미평로	미평초등학교(미평주공삼거리→미평초)
34.765528	127.637972	30	F	2	죽림로	죽림초등학교(삼일중→호반베르디움)
34.766438	125.988955	30	F	1	서남문로	가산경로당(비금가산여객터미널→비금면사무소)
34.766675	126.455830	60	F	2	녹색로	산호삼거리(목포→삼호읍)
34.767286	125.952842	50	F	1	서남문로	지동마을앞 (가산선착장→도초도)
34.767540	127.071712	30	F	1	갱맹골길	동화나라어린이집(보성승마장→노인복지센터)
34.768605	127.294257	60	F	2	봉두로	서호마을(대서면→남양면)
34.769716	127.077858	30	F	2	새싹길	보성남초등학교(보성초-교육지원청)
34.769908	127.158773	60	F	1	충의로	충절사부근(득량면→군두사거리)
34.770773	127.889836	30	F	2	남서대로	남명초등학교 (이동,용현→평산, 아난티남해)
34.770782	127.889841	30	F	1	남서대로	남명초등학교 (평산, 아난티남해→이동,용현)
34.771091	127.702254	50	F	2	양지6길	선경3단지아파트앞(전남대학교→양지마을교차로)
34.772349	127.712623	50	F	2	만성로	충무고등학교앞(만성리→미평동)
34.773290	127.693569	50	F	2	좌수영로	율촌천연가스충전소맞은편(순천→여수)
34.774391	127.727028	50	F	2	만성로	상촌마을앞(미평동→만성리)
34.775694	127.640333	30	F	1	대통로	성산초등학교(석유화학고→무선주공3단지)
34.775722	127.640778	30	F	1	대통로	성산초등학교(무선주공3단지→석유화학고)
34.775897	126.972487	30	F	1	장평중앙길	장평초등학교(장평파출소→장평농공단지)
34.776225	126.971867	30	F	1	장평중앙길	장평초등학교(장평농공단지→파출소)
34.776861	127.129306	80	F	1	녹색로	쇠실쉼터부근(보성→순천)
34.777985	127.197619	30	F	1	서관기길	예당초등학교(예당리→예당사거리)
34.778215	127.197733	30	F	1	예당길	예당초등학교(예당사거리-예당리)
34.778461	128.652072	50	F	1	거제대로	수산마을 입구 (일운면→남부면)
34.778470	128.652072	50	F	2	거제대로	수산마을 입구 (남부면→일운면)
34.778652	128.594774	30	F	1	거제남서로	동부초등학교 율포분교 앞 (남부면→거제면)
34.778652	128.594828	30	F	2	거제남서로	동부초등학교 율포분교 건너편 (거제면→남부면)
34.778669	127.036623	100	S	2	남해선	남해고속도로 52.35k 시점(순천→영암)
34.779582	127.932900	30	F	3	남서대로	용소마을 (남면↔이동면)
34.780813	126.964258	60	F	2	곰치로	축내리삼거리(장평면행정복지센터→봉림리)
34.781715	126.739633	80	F	2	예향로	장흥교차로(강진→영암)
34.782295	127.334637	30	F	2	고흥로	동강초등학교 (벌교→고흥)
34.782378	126.373917	30	F	1	유달로	서산초등학교 (유달산→대반동)
34.784350	127.633207	60	F	1	덕양로	가산마을(화양면→소라면)
34.784806	127.693139	30	F	2	좌수영로	여도초등학교(둔덕삼거리→로얄골드빌)
34.785092	126.873851	60	F	2	장흥대로	송정마을입구(유치면→장흥읍)
34.785904	128.049787	60	F	2	동부대로	남해군 삼동면 은점마을(미조면→창선면)
34.785994	126.379458	30	F	2	유달로	유달초등학교(성옥기념관→유달초)
34.786027	128.049846	60	F	2	동부대로	남해군 삼동면 은점마을(창선면→미조면)
34.786062	126.379508	30	F	2	유달로	유달초등학교(유달초→성옥기념관)
34.788662	126.404199	50	F	1	삼학로	삼학렌탈앞(삼학도→제일중학교)
34.789020	127.632815	50	F	1	덕양로	여양고 (소라초->덕양5구내기마을)
34.789056	127.656222	60	F	2	좌수영로	GS25주삼점(석창사거리→주동사거리)
34.790550	126.390430	30	F	2	산정로21번길	남초등학교 정문 (동명동행정복지센터→우성마트)
34.790845	126.400283	30	F	2	용당로45번길	삼학초등학교(삼학하이츠→삼학파출소)
34.791481	126.391730	30	F	2	자유로20번길	남초등학교 후문(동명동행정복지센터→구청호시장)
34.791502	126.391720	30	F	1	자유로20번길	남초등학교 후문(구청호시장→동명동행정복지센터)
34.791764	126.367270	40	F	3	해양대학로	용정마을앞 (여객선터미널→어민동산)
34.792296	127.959042	60	F	1	남해대로	성현마을 앞 (미조,상주→하동)
34.792788	126.413648	50	F	2	남농로	남해배수펌프장(갓바위→제일중)
34.793167	126.715750	80	S	2	예향로	춘향교차로(시점)(영암→강진)
34.793790	126.903123	60	F	2	피재로	유치교차로(장평농공단지→장흥)
34.793805	126.366583	40	F	3	해양대학로	봉후마을앞 (어민동산→여객선터미널)
34.794401	126.410489	50	F	1	남농로	남해배수펌프장(제일중→갓바위)
34.795036	126.513588	90	F	1	무영로	청호IC부근(영암→목포)
34.795459	128.662666	30	F	1	거제대로	양화마을회관 (남부,해금강→시청,장승포)
34.795645	126.393758	30	F	1	연동로17번길	연동초등학교(오아시스사우나→연동초)
34.795773	126.378772	30	F	2	수문로	북교초등학교(목포역→북항)
34.796339	126.685607	30	F	2	월출로	영암초등학교후문앞(소방서→기찬랜드)
34.796380	126.689340	30	F	2	교동로	영암초등학교(영암교→축협하나로마트)
34.796409	126.689392	30	F	1	교동로	영암초등학교(축협마트→영암초)
34.798166	126.419949	50	F	1	하당로	동광프라자앞(하당지구대→갓바위)
34.798283	128.385953	40	F	3	산양일주로	삼덕사 양방향 (삼덕항↔삼덕삼거리)
34.799044	126.422768	30	F	2	하당로	신흥초등학교(노동부→갓바위)
34.799505	128.430646	50	F	2	산양일주로	영운마을회관(일운) (산양읍사무소→동원로얄cc)
34.799984	127.087577	30	F	1	송재로	미력초등학교(보성→복내)
34.800059	127.087641	30	F	1	송재로	미력초등학교 앞(복내면-보성읍)
34.800463	126.819085	50	F	2	장흥대로	관동마을앞(장흥→영암)
34.800544	126.440915	60	F	1	녹색로	영산하구둑(영암→목포)
34.800635	126.440777	60	F	1	녹색로	영산하구둑(목포→영암)
34.800707	126.390078	30	F	1	산대로	산정초등학교정문(동부광장교차로→산정초)
34.800931	126.438569	30	F	1	미항로	미항초등학교 ( 제일풍경아파트-해양수산청)
34.801720	126.836187	30	F	2	유치로	유치초등학교(강성서원→유치우체국)
34.801871	127.718224	60	F	2	상암로	남양크레인앞(여수→광양)
34.802375	128.393941	30	F	2	산양중앙로	산양도서관 (박경리기념관→산양초교)
34.802688	126.372835	30	F	2	원산로	서부초등학교(유달산→보건소)
34.803045	127.952551	30	F	2	무림로	이동초등학교 (이동초등학교→이동중학교)
34.803071	127.952551	30	F	1	무림로	이동초등학교 (이동중학교→이동초등학교)
34.803704	126.421828	30	F	2	교육로66번길	한빛초등학교(동아@→우성@)
34.803793	126.422158	30	F	2	교육로66번길	한빛초등학교(우성아파트→동아아파트)
34.804100	126.406500	30	F	2	삼학로373번길	이로초등학교후문(한국전력→의료원)
34.804487	126.432232	30	F	1	부흥로	부영초등학교 (부영1차→부영2차)
34.804763	126.807564	50	F	2	장흥대로	장주마을(영암군→장흥군)
34.805143	128.431268	50	F	2	산양일주로	영운마을회관(일운) (동원로얄cc→산양읍사무소)
34.806160	126.411030	50	F	1	영산로	목포과학대사거리(과학대→터미널)
34.806405	126.419770	30	F	2	백년대로337번길	하당초등학교(도담어린이집→은혜할인마트)
34.806998	126.685943	60	F	2	월출로	망호정마을입구(기찬랜드→덕진면)
34.807697	126.457524	30	F	2	남악1로16번길	부주초등학교(한라비발디@→남악)
34.807725	126.403565	30	F	1	용당로264번길	광주교대부설초등학교(부설초→시청)
34.808311	127.248675	30	F	1	조성로	조성초등학교앞 (행정복지센터→회전교차로)
34.808524	127.837683	30	F	2	남서대로	성명초등학교 (서상삼거리, 고현→아난티남해,사촌)
34.808537	127.837662	30	F	1	남서대로	성명초등학교 (아난티남해,사촌→서상삼거리, 고현)
34.808866	126.452046	30	F	1	남악1로16번길	옥암유치원(영산초→옥암초)
34.809107	126.441376	30	F	1	당가두로38번길	애향초등학교(부흥산게-애향초
34.810268	127.637113	70	F	2	여수산단1로	대동맥주유소맞은편(해산IC→산단)
34.810320	126.427931	30	F	2	옥암로124번길	청호초등학교(청호초→영신오피스텔)
34.810347	126.427944	30	F	2	옥암로124번길	청호초등학교 (영신오피스텔→청호초)
34.810401	126.382241	30	F	3	원산로	서해초등학교앞 (서해초→연산주공)
34.810566	126.382286	30	F	3	원산로	서해초등학교앞 (연산주공→서해초)
34.811435	126.381159	30	F	2	원산로145번길	연산초등학교후문(원산동행정복지센터→서해초)
34.811667	126.380279	30	F	2	원산중앙로	연산초등학교 (삼성한의원→목포연합의원)
34.811823	128.666260	30	F	2	거제대로	망치경로당 앞 (구조라→학동)
34.811832	128.666271	30	F	1	거제대로	망치경로당 앞 (학동→구조라)
34.812919	127.728073	60	F	1	좌수영로	양지마을입구(둔덕동→상암동)
34.813196	126.474078	30	F	2	남악영산길	남악초등학교(남악지구대 →오룡유치원)
34.813739	126.413636	30	F	2	상동로	상동초등학교 (상동주공4단지→상동주공2단지)
34.814215	126.450641	60	F	1	후광대로	옥암2휴먼시아@ 맞은편(무안→목포)
34.814767	126.425174	30	F	1	옥암로186번길	석현초등학교(청호시장→제일풍경채@)
34.815070	126.423592	30	F	2	옥암로186번길	석현초등학교정문(석현초→경현빌딩)
34.815299	126.424959	30	F	1	옥암로186번길	석현초등학교후문(청호시장→녹색어네지연구원)
34.815320	126.425071	30	F	1	옥암로186번길	석현초등학교후문(녹색에너지연구원→청호시장)
34.815474	126.698660	60	F	1	예향로	보성석재앞(영암→나주)
34.815681	128.675197	30	F	2	거제대로	망양경로당 앞 (구조라→학동)
34.815907	127.674319	60	F	2	여수산단로	여천NCC삼거리(시청→이순신대교)
34.817756	126.390095	30	F	2	연산백련로	백련초등학교 (백련초→포미타운아파트)
34.817797	127.193215	100	S	1	남해선	남해고속도로 69.1k 시점(순천방향)
34.818197	126.484476	60	F	1	후광대로	남악JC앞(도청→나주)
34.819075	126.397138	30	F	1	포미로	용해초등학교 (씨유편의점→세븐일레븐)
34.819635	126.399113	30	F	1	용당로	대연초등학교앞(용해동→대양산단)
34.819787	126.489428	90	F	1	무영로	남악JC분기점앞(영암→남악)
34.820618	128.609569	30	F	2	동부로	동부초등학교(동부초등학교→동부면사무소)
34.820737	128.609408	30	F	2	동부로	동부초등학교 (동부면사무소→동부초등학교)
34.820742	126.699181	30	F	1	백운선로	덕진초등학교(산림항공대→덕진초사거리)
34.820769	126.698435	30	F	2	백운선로	덕진초등학교 앞(덕진사거리→산림항공대
34.821492	126.394274	50	F	1	대양로	선그린골프연습장건너(삽진산단→실내체육관)
34.821640	128.035699	60	F	2	동부대로	화천마을 앞
34.821666	127.613427	80	S	1	엑스포대로	구간단속시점(여수→순천)
34.822829	126.399683	50	F	2	대양로	주사랑교회 앞(실내체육관→삽진산단)
34.825022	128.433842	40	F	2	도남로	남포초등학교 (통영유람선터미널→통영국제음악당)
34.825101	128.433788	40	F	2	도남로	남포초등학교 (마리나리조트→도남관광단지)
34.826386	127.090931	80	F	2	화보로	증촌2교앞(보성-화순)
34.826589	128.357849	30	F	2	풍화일주로	산양초등학교 풍화분교(풍화분교→중부마을회관)
34.826897	128.400669	30	F	1	미우지5길	신화유치원 앞 (미우지해안로→미수로)
34.826985	128.400530	30	F	2	미우지5길	신화유치원 앞 (미수로→미우지해안로)
34.827325	128.423113	30	F	2	데메4길	한려초등학교 (봉평동주민센터→어드벤쳐타워방면)
34.827334	128.423140	30	F	1	데메4길	한려초등학교 (어드벤쳐타워→봉평동주민센터)
34.829659	128.020545	60	F	2	동부대로	전도마을(창선→미조)
34.829712	128.020218	60	F	1	동부대로	전도마을(미조→창선)
34.829850	127.661167	50	F	1	여수산단로	금호석유화학2공장(세아엠앤에스→중흥부두)
34.830483	127.150436	30	F	2	충의로	겸백초등학교(겸백면→겸백삼거리)
34.830765	127.652064	70	F	3	산단중앙로	한화에너지 앞(한화에너지→한화솔루션)
34.830883	127.093271	60	F	1	송재로	상화마을앞 (복내면→미력면)
34.831022	127.672124	60	F	1	산단중앙로	롯데케미칼사거리(시청→이순신대교)
34.831263	127.150006	30	F	2	충의로	겸백초등학교(겸백삼거리-겸백면)
34.831586	127.614579	70	F	3	여순로	소라119안전센터 앞(광양→여수)
34.832444	127.738457	50	F	3	상암로	상암삼거리(상암사거리→상암교)
34.833350	126.370678	80	F	2	압해로	압해대교(신안→목포)
34.833719	128.409385	30	F	2	도남로	진남초등학교 정문 (시청,충무교→도남관광단지)
34.833803	127.351656	50	F	2	남하로	분토마을 (경동택배→벌교교회)
34.833807	126.692440	80	F	2	예향로	청림삼거리 (영암읍→신북면)
34.833942	127.648194	70	F	1	여수산단1로	하이테크삼거리(중흥부두→해산IC)
34.834355	127.346185	30	F	1	남하로	분토마을 (벌교고→벌교교회)
34.834511	127.886853	30	F	1	망운로61번길	남해유치원 (한국국토정보공사→남해여중)
34.834542	127.886880	30	F	2	망운로61번길	남해유치원 (남해여중→한국국토정보공사)
34.834551	127.896659	30	F	3	화전로	해양초등학교 앞(군청↔이동)
34.834657	127.343573	50	F	2	채동선로	벌교고등학교 (고흥→벌교)
34.834934	127.290756	100	E	1	남해선	남해고속도로 78.3k 종점(순천방향)
34.834986	127.343150	30	F	2	녹색로	장좌교차로 (원동교→장좌교차로)
34.835838	127.343261	30	F	1	녹색로	홍성탑마트앞 (남벌교휴게소→홍성탑마트)
34.836102	126.636309	30	F	1	줄다리로	도포초등학교(도포1구마을→명당마을)
34.836149	126.636293	30	F	2	줄다리로	도포초등학교(시종면→도포초)
34.837963	127.341764	30	F	1	채동선로	벌교중앙초등학교(벌교읍→고흥)
34.837983	127.341603	30	F	2	채동선로	벌교중앙초등학교(고흥-벌교읍)
34.838126	127.892486	30	F	2	망운로	남해초등학교 (남해도립대학→종합사회복지관)
34.838135	127.899138	60	F	2	남해대로	남해대학
34.838139	127.892459	30	F	1	망운로	남해초등학교 (종합사회복지관→남해도립대학)
34.838522	128.416118	40	F	1	통영해안로	영생상가아파트 후면 (해저터널→서호시장)
34.839294	126.111166	30	F	2	중부로	기동경로당(기동저수지→기동삼거리)
34.839858	126.354071	30	F	1	압해로	압해동초등학교
34.839917	128.416189	30	F	2	중앙로	중앙유치원 (통영시립박물관→해저터널)
34.839926	128.416210	30	F	1	중앙로	중앙유치원 (해저터널→통영시립박물관)
34.840142	127.656286	70	F	1	여수산단4로	한화케미칼앞(해산IC→중흥부두)
34.841211	128.612624	60	E	1	상동5길	명진터널 종점 (상동동→명진리)
34.841276	128.612620	60	S	2	상동5길	명진터널 시점 (명진리→상동동)
34.841498	126.691787	80	F	1	예향로	남성촌마을(광주→영암)
34.841509	127.424446	80	E	2	녹색로	사계절삼거리 구간종점(순천→벌교)
34.842440	127.692347	60	F	2	산단중앙로	금호폴리캠2공장앞(이순신대교→시청)
34.842780	128.648311	30	F	1	거제중앙로	삼거리 경로당 (학동,남부→통영,시청)
34.842784	128.648322	30	F	2	거제중앙로	삼거 경로당 (통영,시청→학동,남부)
34.843283	126.433172	30	F	2	삼일중앙로	삼향초등학교(삼향교차로→예술고)
34.843349	126.878331	60	F	2	유치도암로	암천교차로(운월터널→보림사)
34.843384	127.610695	30	F	1	여순로	신풍초등학교(여수→순천)
34.844294	127.893183	30	F	2	오동로	현대모모어린이집 (아산저수지→남해보건소)
34.845525	126.487348	70	F	2	임성로	일로소재지입구(용포교차로→일로소재지)
34.845835	128.219286	30	F	2	상도일주로	사량초등학교 (대항→사량면사무소)
34.846033	128.417308	30	F	2	여황로	충렬초등학교(충렬사→해저터널)
34.846082	128.417153	30	F	1	여황로	충렬초등학교(해저터널→충렬사)
34.846100	126.939200	70	F	1	곰치로	신석교차로(장흥→화순)
34.846197	127.350958	30	F	2	홍암로	벌교중앙어린이집(문화복합센터→벌교상고)
34.846207	127.351406	30	F	1	홍암로	벌교중앙어린이집(벌교상고→문화복합센터)
34.846882	126.693120	80	F	2	예향로	로하스코앞(영암→나주)
34.847085	128.484573	60	F	1	거제남서로	술역마을 (사등면→둔덕면)
34.848209	127.341353	30	F	2	채동선로	벌교어린이집(벌교성당→벌교시장)
34.849274	128.429395	30	F	1	비석1길	충무초등학교 (중앙로→공설운동장)
34.849320	127.414874	30	F	1	송산길	송산초등학교(송기리→구룡리)
34.849696	126.494490	30	F	2	일로로	일로초등학교(우체국→일로초)
34.849844	126.492550	30	F	2	일로로	하얀어린이집(에스오일→MG남악새마을금고)
34.849969	128.015739	60	F	3	동부대로	당저마을 앞
34.850742	128.591201	30	F	1	읍내로2길	거제초등학교 (동상사거리→거제면사무소)
34.853025	126.495829	30	F	3	삼일로	일로유달주유소(일로읍용산리교차로→월암교차로)
34.854467	128.413158	60	F	1	통영터널로	통영터널 북단 (무전동방면)
34.854591	127.109476	50	F	2	송재로	회룡마을 앞 (화순→보성)
34.855859	128.425613	30	F	1	여황로	충무제일교회 (충무고→북신동행정복지센터)
34.856956	127.711214	60	F	3	여수산단로	GS칼텍스 공장(월내교차로→적량역)
34.857495	126.315020	30	F	2	구항길	(압해중학교→구항산)
34.857638	128.011614	30	F	2	창선로97번길	창선초등학교 (창선중학교→창선초등학교)
34.857651	128.011587	30	F	1	창선로97번길	창선초등학교 (창선초등학교→창선중학교)
34.857691	127.328510	60	F	2	채동선로	평촌마을앞(석거리재→벌교읍)
34.857694	126.129111	30	F	2	박달로	신석마을앞 (천사대교→암태면)
34.857795	127.328440	60	F	1	채동선로	평촌마을 앞(벌교읍-석거리재)
34.858164	127.537668	30	F	2	하사길	사랑어린학교(와온→하사리)
34.859677	128.627201	60	E	2	상동5길	명진터널 종점 (명진리→상동동)
34.859677	128.627201	60	S	1	상동5길	명진터널 시점 (상동동→명진리)
34.860768	126.153913	60	S	1	천사대교로	천사대교구간시점(암태면→압해읍)
34.860768	126.153913	60	E	2	천사대교로	천사대교구간종점(압해읍→암태면)
34.860811	126.233737	60	S	1	천사대교로	천사대교구간시점(압해읍→암태면)
34.860811	126.233737	60	E	2	천사대교로	천사대교구간종점(암태면→압해읍)
34.861090	126.751973	30	F	2	영나로	금정초등학교앞(나주→장흥)
34.861313	128.582538	70	F	2	읍내로	귀목정마을 앞
34.861502	126.271916	30	F	2	압해로	압해서초등학교
34.862801	128.425114	30	F	1	무전3길	통영초등학교 (일성르네상스→무전대로)
34.863312	128.425226	30	F	2	무전7길	통영초등학교 (롯데마트→새통영병원)
34.863366	127.589770	70	F	2	여순로	취적마을(순천→여수)
34.864262	128.425763	70	F	2	남해안대로	말구리마을 앞
34.864924	127.822710	30	F	2	남서대로	노구마을회관 (정포리→남상리)
34.864933	127.822667	30	F	1	남서대로	노구마을회관 (남상리→정포리)
34.865019	128.693571	30	F	2	탑곡로2길	아주초등학교 (탑곡로,아주초→아주로)
34.865028	128.693453	30	F	1	탑곡로2길	아주초등학교 정문 (아주로→탑곡로,아주초)
34.865556	127.025250	80	E	1	화보로	구간종점(화순→보성)
34.865600	127.025600	80	F	2	화보로	쌍봉사입구(보성→화순)
34.866438	126.489925	110	E	2	서해안	서해안고속도로 하행 7.5k(서울→목포)
34.866753	128.643553	70	E	1	거제대로	양정터널(14번국도 우회도로) 종점 (22번교차로→상동교차로)
34.866841	128.643800	70	S	2	거제대로	양정터널(14번국도 우회도로) 시점 1,2차로 (상동교차로→22번교차로)
34.867308	127.442781	80	S	2	녹색로	신석사거리 구간시점(순천→벌교)
34.867454	126.309940	30	F	1	복룡로	압해초등학교(복룡리→읍사무소)
34.867933	128.692616	70	E	1	거제대로	아주터널(14번국도 우회도로) 종점 1,2차로 (상동교차로→22번교차로)
34.868554	128.728434	30	F	1	장승포1로	장승포초등학교병설유치원(장승포초후문→장승포파출소)
34.868817	128.444379	30	F	1	남해	용남초등학교 (용남면사무소→동남맨션)
34.868928	128.444533	30	F	2	남해안대로	용남초등학교(동남전원맨션→용남면사무소)
34.868964	126.491574	110	S	1	서해안	서해안고속도로 상행 7.8k(목포→서울)
34.869148	127.893403	30	F	2	남해대로	도마초등학교(하동→남해읍)
34.869676	128.688764	70	S	1	거제대로	아주터널(14번국도 우회도로) 시점 1,2차로 (22번교차로→상동교차로)
34.869799	128.687949	70	S	1	거제대로	아주터널(14번국도 우회도로) 시점 3차로 (22번교차로→상동교차로)
34.869900	126.421600	70	F	1	영산로	지산부대앞(무안→목포)
34.870235	128.729265	30	F	1	장승포1로	장승포초등학교 (장승포항→능포항)
34.871199	126.509718	30	F	1	삼산로	일로동초등학교(광암보건진료소→일로동초)
34.871916	127.719486	60	F	2	이순신대로	묘도대교입구(광양→여수)
34.872040	127.719554	60	F	1	이순신대로	묘도대교부근(여수→광양)
34.873629	127.114686	50	F	3	송재로	계동마을 (복내면→미력면)
34.874653	128.578407	70	F	1	읍내로	호산나주유소 (사등면→거제면)
34.875036	128.417181	30	F	2	신죽1길	제석초등학교 (죽림초교→충무도서관)
34.875045	128.417153	30	F	2	신죽1길	제석초등학교(죽림종합문화센터→제석초등학교)
34.875061	127.453147	30	F	2	별량길	별량초등학교(별량파출소→면사무소)
34.875111	127.315227	30	F	2	채동선로	낙성초등학교(벌교읍-낙성치안센터)
34.875222	127.709944	30	F	2	묘도1길	상암초등학교 묘도분교(이순신대교→선착장)
34.875558	126.970196	30	F	3	평지촌길	청풍초등학교
34.876290	127.114686	50	F	3	송재로	계동마을 (미력면→복내면)
34.876837	128.413371	60	F	1	남해안대로	농업기술센터
34.876890	127.304993	80	F	2	우주항공로	(승주→벌교)
34.877681	128.010181	60	F	2	동부대로	곤유마을
34.877844	127.891295	70	F	1	남해대로	성산교차로(남해군청→하동)
34.879107	126.420307	30	F	2	원지산길	삼향북초등학교(지산마을회관→삼향북초)
34.879895	127.888388	70	F	2	남해대로	성산교차로(진교IC→남해)
34.880331	128.626016	30	F	1	거제중앙9길	계룡초등학교 (계룡초등학교→시청)
34.880348	128.626011	30	F	2	거제중앙9길	계룡초등학교 (시청→계룡초등학교)
34.880759	127.570897	70	F	1	여순로	동양엔파트아파트(순천→여수)
34.881441	126.900393	60	F	1	유치도암로	(유치면→도암면)
34.882905	128.619670	30	F	1	계동로11길	고현유치원 (시청→거제공업고)
34.882931	128.619724	30	F	2	계동로11길	고현유치원 (거제공업고→시청)
34.883125	128.479284	30	F	2	거제남서로	대교의원 (신촌정류장 앞) (오량리→학산리)
34.883418	126.989114	30	F	3	이양로	이양초등학교
34.883444	127.578139	30	F	2	율촌로	율촌초등학교앞(율촌파출소→면사무소)
34.883615	126.988108	30	F	2	이양로	이양초등학교(재래시장→면사무소)
34.883698	126.437749	30	F	1	문화로	청계남초등학교(장부다리→일로)
34.883700	126.437800	30	F	1	문학로	청계남초등학교(일로→장부다리)
34.887847	128.576224	70	F	1	읍내로	두동터널 출구 (거제면→사등면)
34.888097	128.690746	30	F	2	서간도길	거제외국인학교 (옥포유치원→옥포성지중학교)
34.888361	128.690489	30	F	2	서간도길	거제외국인학교 (옥포성지중학교→옥포유치원)
34.889979	128.460945	70	F	1	남해안대로	굴수하식수산업
34.890072	128.595626	70	F	1	거제대로	수창아파트 (통영→거제)
34.890150	126.696909	30	F	2	간은정로	신북초등학교앞(신북→금정면)
34.890492	126.696244	30	F	2	간은정로	신북초등학교(금정면→신북)
34.890521	128.603208	30	F	1	장평1로	양지초등학교(양지초교→삼성중공업)
34.894084	128.013667	60	F	1	동부대로	목화주유소 앞
34.894183	128.458915	30	F	1	적촌길	원평초등학교(거제→통영ic)
34.894213	128.459099	30	F	1	적촌길	원평초등학교 (적촌마을→죽촌마을)
34.894531	128.696961	50	F	2	옥포대첩로	종합사회복지관 앞 (덕포→거제대로)
34.895264	127.551294	80	E	2	엑스포대로	구간단속종점(여수→순천)
34.895886	127.877594	30	F	1	탑동로	고현초등학교 (하동→설천,남해읍)
34.895899	127.877611	30	F	2	탑동로	고현초등학교 (설천,남해읍→하동)
34.896343	128.694171	30	F	2	옥포중앙로	국산초등학교 (거제소방서→옥포중학교)
34.896613	128.625559	50	F	2	거제대로	인도교 앞 3지교차로 (산업단지→고현)
34.896682	128.502302	70	F	1	거제대로	청포마을 (통영→시청,장승포)
34.897614	127.127474	30	F	2	개기로	복내초등학교(복내면→화순)
34.897624	128.572002	70	F	2	거제대로	사곡교차로 전방 (거제→통영)
34.897656	127.127399	30	F	2	개기로	복내초등학교 앞(화순-복내면)
34.897981	127.637027	60	F	1	항만대로	내트럭하우스 앞 (광양IC→컨테이너부두)
34.898429	128.703334	60	F	1	옥포대첩	덕포골프랜드 앞 (옥포항→덕포해수욕장)
34.898710	128.355194	50	S	2	도산일주로	㈜ 기림 앞 시점 (고성,수월→저산리,가오치선착장)
34.898816	128.355478	50	S	1	도산일주로	가오치마을 시점(저산리,가오치선착장→고성,수월)
34.899021	127.652871	40	F	1	황곡로	한국국제터미널앞(2차부두→하포일반부두)
34.899243	127.649001	60	F	2	항만대로	마린센터 부근(마린센터→초남대교)
34.899757	128.563398	70	F	2	거제대로	사곡삼거리 후면(통영→시청)
34.900107	127.140868	30	F	2	송재로	삼광어린이집 (문덕면→복내면)
34.900127	128.406955	30	F	2	노산길	광도초등학교(광도초교→광도면사무소)
34.900157	127.140897	30	F	2	송재로	삼광어린이집(복내면→문덕면)
34.900431	128.406923	30	F	1	노산길	광도초등학교 (광도면사무소→광도초교후문)
34.900954	128.552154	30	F	2	언양로	기성초등학교(거성초교→둔덕면)
34.901033	128.552363	30	F	1	언양로	기성초등학교 (기성초등학교→국도14호선)
34.902732	128.362168	30	F	2	도산일주로	도산초등학교 (가오치항→도산삼거리)
34.902751	126.696359	80	F	1	예향로	대우미곡처리장앞(나주→영암)
34.902863	128.362435	30	F	2	도산일주로	도산초등학교 (도산삼거리→가오치항)
34.903796	128.171039	30	F	1	자란만로	용암포삼거리 (하이면→하일면)
34.903963	128.622884	50	F	2	연하해안로	하면옥 앞 후면(오비리→시청)
34.904175	128.645811	60	F	2	거제대로	연초가스충전소 앞 (부산,장승포→시청,통영)
34.905300	126.993500	80	F	2	화보로	(보성→화순)
34.905343	128.142164	50	F	2	하이로	덕명1교차로(하이면사무소→공룡박물관)
34.905547	128.320926	50	E	1	도산일주로	㈜ 기림 앞 종점 (저산리,가오치선착장→고성,수월)
34.905552	128.320910	50	E	2	도산일주로	가오치마을 종점(고성,수월→저산리,가오치선착장)
34.906141	128.358665	70	F	1	남해안대로	근해통발수협 (거제→고성)
34.906451	128.515052	70	F	2	거제대로	장좌마을 (통영→거제)
34.906490	127.658835	80	F	1	중마중앙로	이순신대교입구
34.906490	127.658835	70	F	1	항만대로	광양항 홍보관 앞 사거리(여수→광양)
34.906724	128.026151	50	F	1	동부대로	냉천마을앞
34.908166	127.667649	40	F	1	황곡로	광양항 종합변전소앞(하포일반부두→2차부두)
34.908555	128.163077	60	F	2	자란만로	입암마을 (하일면→하이면)
34.908704	127.341115	30	F	2	동서길	낙안초등학교(낙안119지역대→낙안중)
34.909583	127.643667	70	E	2	제철로	일신공업사 구간종점(경찰서→시청)
34.909706	127.635686	70	F	1	제철로	고길마을앞(광양읍→중마동)
34.911390	127.622450	80	F	2	광양항전용1로	(광양읍→광양항)
34.911602	126.657925	30	F	2	고분로	반남초등학교(반남면→박물관)
34.911757	126.657861	30	F	2	고분로	반남초등학교(국립나주박물관→반남초)
34.911790	128.652345	50	F	2	거제대로	연초초등학교(장승포→통영,시청)
34.913061	128.516652	30	F	2	성포로	사등초등학교 (사근마을회관→사등초교)
34.913866	128.659206	50	F	2	죽토로	연초중학교 ( 연초면사무소→연초중학교)
34.914499	128.538366	70	F	2	거제대로	유경 cm 앞 (통영→거제)
34.915089	128.411504	60	F	1	안정로	대촌마을(통영→거류)
34.915417	127.273030	30	F	2	반월로	외서초등학교(외서교회→외서초)
34.917160	128.521484	50	F	1	거제대로	중촌마을 앞 후면 (한내→오비리)
34.917667	127.623222	70	S	2	제철로	황금LPG건너편 구간시점(경찰서→시청)
34.917965	127.677010	60	F	1	항만로	황금물류센터 앞 사거리(광양→여수)
34.918280	126.747919	30	F	2	동창로	세지초등학교(오봉교차로→세지면)
34.918375	128.523561	70	F	2	거제대로	성포로 진입부 (거제→통영)
34.918389	126.747817	30	F	1	동창로	세지초등학교(세지면→오봉교차로)
34.919380	126.747073	30	F	1	세지로	세지초등학교 (섬마을회관→동창사거리)
34.919458	127.173932	30	F	2	동소산길	문덕초등학교 앞(문덕면-내동보건진료소)
34.919697	127.173679	30	F	2	동소산길	문덕초등학교(내동보건진료소→문덕면)
34.919859	128.123196	50	F	1	하이로	덕호교차로(공룡박물관→하이면사무소)
34.921783	127.467098	60	F	2	민속마을길	상사사거리(연동삼거리→상사사거리)
34.921953	126.664193	60	F	2	고분로	(왕곡면→반남면)
34.922898	127.620527	70	F	1	제철로	CNG충전소 앞 삼거리
34.923916	127.626797	80	E	1	충무공로	황금터널후 구간종점(하동→순천)
34.924185	127.688870	50	F	1	항만9로	세븐일레븐 광양중마길호점 앞 삼거리
34.924981	127.914437	30	F	2	설천로	설천초등학교 (설천초등학교→설천중학교)
34.924994	127.914421	30	F	1	설천로	설천초등학교 (남해대교→설천초등학교)
34.925240	127.612455	80	F	1	제철로	초남교차로 부근(국도)
34.925787	127.657569	70	F	1	통사로	골약 기동, 통사 마을 삼거리
34.926113	127.693722	60	F	1	항만대로	광양산이고운아파트 앞 사거리
34.926511	127.547549	30	F	1	송산2길	기린숲유치원(중흥S2차@→성산역)
34.926912	128.426771	50	F	1	안정로	적덕마을 앞
34.927197	127.704480	60	F	1	제철로	묘도-이순신대교 012 종점 (광양방면)
34.927665	126.760852	30	F	1	세남로	덕림리교차로(남평→세지면)
34.927702	126.761042	30	F	2	세남로	덕림리교차로(세지면→남평)
34.928269	127.698046	60	F	1	항만대로	길호횟집앞(마린센터→광영동)
34.928505	127.694141	60	F	1	중동로	홈플러스 사거리(홈플러스→월드마린센터)
34.928677	127.698343	60	F	1	중마로	길호횟집앞(마린센터→광영동)
34.929000	126.502500	30	F	1	몽탄로	몽탄초등학교(일로읍→몽탄면)
34.929019	128.176537	50	F	2	공룡로	오방마을(하일면사무소,고성→상족암군립공원)
34.929207	126.502615	30	F	1	몽탄로	몽탄초등학교(몽탄면→일로읍)
34.930067	127.710470	60	F	3	제철로	금당교차로(금호동→중마동)
34.930559	127.692799	60	F	2	제철로	성호3차사거리(길호대교→중마사거리)
34.930662	127.612246	80	F	1	제철로	초남부근 (광양시청→방향)
34.930720	127.612290	80	F	2	충무공로	초남2교부근(하동→순천)
34.930841	127.690210	80	F	1	광장로	성호3차사거리(길호대교→중마사거리)
34.930945	127.866641	70	F	1	남해대로	감암터널 후방(하동→남해)
34.931279	128.064272	50	F	2	삼천포대교로	농협봉남사업소(삼천포→고성)
34.931324	126.829333	60	F	1	다도로	장암마을앞(화순→다도면)
34.931556	127.611139	80	S	1	충무공로	초남1교 구간시점(광양→하동)
34.931610	127.738309	60	F	1	백운로	포스코기술연구소 삼거리(제철1문→제철2문)
34.931610	127.738309	80	F	1	강변로	금호교차로(마린센터→광영동)
34.931700	127.595200	80	F	2	광양항전용1로	(마린센터→광양읍)
34.932000	127.564000	80	F	1	무평로	신대교차로(신대IC→율촌산단)
34.932141	127.595258	80	F	1	소미로	세풍리 1866-1(초남대교 → 세풍IC)
34.932338	127.692325	30	F	1	광장로	중진초등학교(중진초→백운중)
34.932739	127.676920	70	F	2	제철로	성황교 (황금지구→대근사거리)
34.932788	127.676458	70	F	3	제철로	성황교(대근사거리→황금지구)
34.932833	127.676921	70	F	1	제철로	성황교 (대근사거리→황금지구)
34.932894	127.734326	60	F	1	폭포사랑로	포스코기술연구소 삼거리 669번지(시추대삼거리→제철1문)
34.932895	127.675954	70	F	3	제철로	제철로 상황교앞(광양읍↔금호동)
34.933790	127.695850	30	F	2	광장로	중동초등학교(백운중→성호1차@)
34.934427	127.706161	80	F	1	중마중앙로	마동2교차로 삼거리(이순신대교 →금호교차로)
34.934917	126.984917	80	S	2	화보로	용두터널500M전 구간시점(화순→보성)
34.934940	127.718304	30	F	2	금호로	광양제철유치원(광양제철유치원→금호2공원)
34.935110	127.689067	50	F	2	중마로	대근사거리(컨부두사거리→중앙하수처리장)
34.935110	127.689067	60	F	1	중마로	대근사거리(골약동→홈플러스사거리)
34.935453	127.765695	60	F	1	산업로	한라시멘트앞(섬진대교-태금교)
34.935888	127.693534	50	F	1	공영로	금광아파트앞교차로(지동터널→금광아파트)
34.936271	128.274749	50	F	1	공룡로	삼산보건지소 앞 (고성군청→상족암군립공원)
34.936614	126.954588	30	F	3	개천로	춘양면 가봉마을 앞
34.936680	126.772200	60	F	1	지평로	운곡교차전(봉황→세지)
34.936917	128.124497	50	F	2	하이로	신촌마을 (봉현리→덕호리)
34.936961	128.124524	50	F	1	하이로	신촌마을 (덕호리→봉헌리)
34.936981	126.565220	30	F	2	동강로	동강초등학교(동강농협→동강초)
34.937066	126.565205	30	F	2	동강로	동강초등학교앞(나주→무안)
34.937081	127.688147	50	F	1	중동로	진아리채2차 사거리
34.937655	127.698234	50	F	2	중마중앙로	중마시장앞(길호대교→광양시청)
34.938317	127.593597	80	F	2	충무공로	세풍교차로(순천→하동)
34.938460	127.721940	30	F	1	희망길	포스코금당어린이집(광양금호도서관→초원@)
34.938466	127.593037	80	F	1	소미로	세풍교차로 부근(광양시청)
34.938486	127.592485	80	F	1	소미로	세풍교차로 부근(순천방향)
34.938506	127.592503	80	F	1	충무공로	세풍교차로(하동→순천)
34.938794	127.691847	60	F	1	광장로	KT사거리(광양→태인동)
34.939466	127.688879	50	F	3	백운로	컨테이너부두사거리(시청사거리→골약교차로)
34.939495	127.688879	60	F	1	중마로	컨테이너부두사거리(광양읍→중마동)
34.940100	127.526042	30	F	2	도장길	율산유치원(율산초→낙농농협)
34.940227	127.681969	30	F	2	지동길	성황초등학교(바울하우스→성황초정문)
34.940461	127.708328	60	F	1	중마중앙로	중동 (우림필유@→금호교차로)
34.940851	126.957364	30	F	3	개천로	춘양면 가봉마을 앞
34.941077	128.098978	30	F	2	삼상로	용산초등학교 앞 (고성→삼천포대교)
34.941103	128.099075	30	F	1	삼상로	용산초등학교 (삼천포→폴리텍대학,고성)
34.941243	127.726773	30	F	2	동백길	포스코어린이집(백운아트홀→포스코어린이집)
34.941466	126.612015	30	F	2	공산로	공산초등학교(복사초리→공산초)
34.941539	126.612097	30	F	2	공산로	공산초등학교(공산교차로→공산초)
34.941803	127.666984	80	F	1	백운로	성황동 산99-22, 황금동 산214-4
34.941844	127.665824	80	S	2	충무공로	성황터널전 구간시점(하동→순천)
34.941960	127.667602	80	F	1	느지매로	성황터널 앞(광양읍→광양시청)
34.941995	126.441371	80	F	2	영산로	청수가든앞(목포→무안)
34.942056	127.667639	80	E	2	충무공로	구간종점(광양→하동)
34.942140	127.667620	30	F	2	매천로	광양고등학교(설담가→사천교)
34.942709	127.715786	50	F	1	청암로	우림필유아파트입구삼거리1,2차로(마동2교차로→금호교차로)
34.942727	127.501518	30	F	2	중앙초등길	중앙초등학교(풍덕금호@→순천중앙초)
34.942798	127.582698	30	F	2	해광로	세풍초등학교(세승교차로→세풍초등학교)
34.942814	128.716815	30	F	1	우포대첩로	외포초등학교 (김영삼대통령생가→외포중학교)
34.942854	128.716804	30	F	2	옥포대첩로	외포초등학교 (장목,부산→김영삼대통령생가)
34.942883	127.536544	30	F	2	상성길	하나둘셋어린이집(순복음교회→상삼사거리)
34.942918	127.515833	30	F	1	연향로	어린양유치원(강남중앙교회→연향초)
34.943016	128.109116	50	F	3	삼상로	봉전마을(삼천포↔고성)
34.943135	127.447567	30	F	2	상사초등길	상사초등학교(상사체육공원→상사초)
34.943421	128.193172	50	F	2	공룡로	경남고성음악고등학교(고성→상족암군립공원)
34.943430	128.193205	50	F	1	공룡로	경남고성음악고등학교 (상족암군립공원→고성)
34.943446	127.497151	50	F	1	강변로	풍덕동주민센터부근(서면→정원박람회)
34.943453	127.679750	60	F	1	느지매로	골약교차로(광양읍→시청)
34.943850	127.678761	60	F	1	백운로	골약교차로 사거리
34.944061	127.710171	60	F	2	백운로	와우행복주택건너편(시청→금호교차로)
34.944101	127.686410	50	F	1	중동로	중동 (공공도서관→남양파크)
34.944120	127.709794	60	F	1	백운로	광양와우행복주택아파트앞(금호교차로-시청)
34.944208	127.694626	30	F	1	불로로	중앙초등학교(중마터널→태완노블리안@)
34.944534	128.266466	50	F	2	공룡로	미동마을(고성→사천, 상족암)
34.944544	128.266478	50	F	1	공룡로	미동마을 (사천→고성)
34.944587	126.893333	30	F	1	천태로	천태초등학교(도곡면→도암우체국)
34.944654	127.580047	80	F	1	인덕로	세풍고가교(덕례사거리→하이스코)
34.944750	127.542491	30	F	1	복성길	코끼리어린이집(복성고→신대지구정류소)
34.944806	128.711177	80	F	2	거가대로	외포마을 (부산→거제)
34.944852	127.740576	30	F	3	삼봉산로	(태금중앙교회→태인대교)
34.945938	126.892756	30	F	3	천태로	천태초등학교
34.945973	127.580964	80	F	2	인덕로	바다동산수족관(광양→율촌산단)
34.947268	127.686605	30	F	1	구마9길	중마초등학교(중마주공2차@→중동교회)
34.947526	127.752777	60	F	1	김시식로	궁기마을(진월IC→태인동)
34.947769	127.686860	30	F	2	구미10길	중마초등학교(중마유치원→백운고)
34.948250	127.500389	50	F	1	이수로	이수육교부근(조례동→시청)
34.948653	127.530435	30	F	1	장성배기길	예사랑어린이집(팔마초→금당중)
34.948732	126.959638	30	F	1	춘양로	춘양초등학교(치안센터→석정교차로)
34.949036	126.959094	30	F	3	춘양로	춘양초등학교
34.949858	127.765848	60	F	1	김시식로	대우후판가공사업부(하동→광양)
34.949929	127.876704	50	F	2	경충로	노량터널 앞 (진교ic→남해)
34.950433	127.691952	30	F	1	무등길	해오름어린이집(해오름어린이집→진입광장)
34.950616	126.598138	60	F	2	금강로	(백사→공산면)
34.951257	128.214812	50	F	2	공룡로	수태보건진료소 (하일면→삼산면)
34.951283	128.214812	50	F	1	공룡로	수태보건진료소 (삼산면→하일면)
34.951485	127.857806	30	F	2	제면당길	노량초등학교(금남교차로→노량항)
34.951967	127.724357	60	F	1	강변로	도촌삼거리
34.952081	127.703625	30	F	2	가야로	가야어린이집(광영고→중마고)
34.952721	127.675689	80	F	1	정산로	성황교차로 부근(국도-1대)
34.953710	127.576876	60	F	1	무선로	무선마을입구 교차로(광양→순천)
34.953768	126.797136	30	F	1	세남로	각동교차로(세지면→남평)
34.953776	126.797121	60	F	2	세남로	각동교차로(세지면→남평)
34.953899	127.755793	80	F	1	용지로	배알도(진월→광양)
34.954644	127.686864	30	F	1	느지매기길	내친구어린이집(오뚜기농장→광양마동중학교)
34.955076	127.607839	60	F	3	제철로	양동교차로 (광양항↔광양읍)
34.955225	127.592678	60	F	1	도월로	월평교차로(순천→광양)
34.955460	128.308261	50	F	3	공룡로	판곡마을 (수남리↔ 미룡리)
34.955983	127.581300	80	F	1	도월로	무선마을입구(하이스코 →덕례사거리)
34.956209	127.580890	80	F	1	인덕로	도월리 547-6 (덕례리→율촌산단)
34.956534	127.587639	60	F	1	해광로	인서리 구.광양역앞(순천→광양)
34.956679	126.787651	30	F	2	죽석길	봉황초등학교(칠천교차로→봉황초)
34.956685	127.671949	80	F	1	백운로	강동산업입구 (동광양IC→성황교차로)
34.956697	127.675655	80	F	1	충무공로	(하동→광양)
34.956770	128.341162	70	F	1	남해안대로	월평삼거리 (통영→고성)
34.957070	128.342480	30	F	1	월평로	철성초등학교(율대농공단지→14호선)
34.957096	126.826561	30	F	2	다도로	다도초등학교(다도초→다도면)
34.957185	127.671103	80	F	1	광양항전용2로	강동산업입구(동광양IC→성황교차로)
34.957442	126.826909	30	F	1	다도로	다도초등학교(다도면→다도초)
34.957755	127.544814	80	F	1	무평로	상비교차로(순천IC→율촌공단)
34.958181	127.522764	30	F	1	태봉길	조례초등학교(대주파크빌→삼성서비스센터)
34.958319	126.338107	30	F	1	운해로	운남초등학교(운남면→압해도)
34.958340	127.776326	70	F	2	산업로	하동해양파크빌
34.958400	126.338100	30	F	2	운해로	운남초등학교(압해도→운남면)
34.959280	127.559512	60	F	2	덕용로	한려대학교부근(순천→광양)
34.959500	127.487400	30	F	1	환선로	만수경로당(시립도서관→삼산초)
34.959723	127.729649	60	F	3	강변로	삼천리자전거 동광양점(옥곡→광양시청)
34.959790	127.586057	60	F	1	덕용로	(광양→순천)
34.960015	128.236178	50	F	1	공룡로	중촌마을 앞 (용태리→미룡리)
34.960090	128.236115	50	F	2	공룡로	중촌마을 (미룡리→용태리)
34.960500	127.487400	30	F	2	환선로	만수경로당(삼산초→시립도서관)
34.960591	127.615415	80	F	1	백운로	광양폐차장 앞
34.960893	127.514602	30	F	2	봉화1길	왕조초등학교(주공5차→주공3차)
34.960912	128.321554	40	F	3	공룡로	남포마을 (통영↔수남삼거리)
34.961026	127.729280	60	F	1	강변로	광영삼거리(옥곡→광영)
34.961476	126.732891	60	F	2	영나로	송정마을입구 (부덕교차로→세지교차로)
34.961916	127.655228	80	F	1	백운로	(광양읍→중마동)
34.961929	126.349727	80	F	2	공항로	팔학교차로(현경→압해도)
34.962528	126.655556	30	F	1	나주서부로	왕곡초등학교(왕곡면→공산면)
34.962632	127.604331	60	F	2	제철로	광양경찰서앞삼거리 (강정교차로→경찰서사거리)
34.962698	126.655671	30	F	2	나주서부로	왕곡초등학교(월천보건소→왕곡초)
34.963042	127.570199	60	F	1	무선로	한려대학교사거리(광양→순천)
34.963064	127.578943	60	F	1	순광로	덕례사거리(순천→광양)
34.963158	127.578471	60	F	1	덕산안로	덕례사거리(광양→순천)
34.963195	128.655747	60	F	2	거제북로	사환마을회관 앞 (장목→하청면사무소)
34.963297	126.753267	60	F	2	봉황로	황용2구마을입구(전남청제3기동대->신정마을)
34.963472	127.610790	80	F	1	강정로	거성주유소앞(시청→경찰서)
34.963475	127.751502	80	F	1	백운로	SK LPG 주유소 앞(태인동→진월IC)
34.963522	128.655555	60	F	1	거제북로	사환마을회관 앞 (하청면사무소→장목)
34.963644	127.601249	60	F	1	목성로	경찰서 앞 교차로(경찰서→중방향)
34.964480	127.564123	60	F	1	덕산안로	엘에프사거리(순천→광양)
34.964547	127.551018	60	F	1	순광로	주령마을인근(순천→광양)
34.964599	127.550288	60	F	1	순광로	동주마을 앞 (순천→광양)
34.964680	127.551426	60	F	2	순광로	주령마을인근(광양→순천)
34.965034	127.520060	30	F	2	비봉길	선혜학교(대림2차@→비봉초)
34.965330	127.520035	30	F	1	봉화2길	비봉초등학교(동아@→선혜학교)
34.965751	127.639215	80	F	1	백동로	영세공원입구(중마동→광양읍)
34.966100	127.539000	80	F	2	무평로	자동차전용도로(상비교차로→순천IC)
34.966113	128.319327	70	F	1	상정대로	고성중앙고 앞(통영,창원→진주,사천)
34.966238	127.713649	30	F	1	가야로	가야초등학교(광영고등학교→가야아파트)
34.967326	128.375584	50	F	3	거류로	월치마을 앞
34.967362	127.852542	70	F	2	섬진강대로	신기마을
34.968434	128.688223	30	F	2	대금산로	율천마을(장목면→율천면)
34.968531	128.688255	30	F	1	대금산로	율천마을(율천면→장목면)
34.968563	127.747825	50	F	2	백운1로	(태인동→진월IC)
34.968774	128.701133	30	F	1	남해대로	대금마을회관 (시방리→장목리)
34.968879	126.729693	60	F	1	영나로	빛가람타이어앞(세지면->부덕교차로)
34.969163	128.357141	50	F	1	남해대로	용산마을 (월치마을→용산사거리)
34.969315	127.726498	80	F	2	강변로	제철공무 (옥곡면→광영동)
34.969322	127.611416	30	F	2	와룡길	마로초등학교(오네뜨아파트→도담어린이집)
34.969810	127.726342	80	F	1	강변로	제철공구(옥곡면→광영동)
34.969851	128.699548	30	F	2	남해대로	대금마을 (장목리→시방리)
34.970051	128.322541	40	F	1	남산로	수외마을 (고성군법원→만림ic)
34.970056	126.705111	30	F	1	고분로	양산초등학교(반남면→양산삼거리)
34.970144	126.705164	30	F	1	고분로	양산초등학교 (양산삼거리→반남면)
34.970388	127.520405	30	F	2	비봉길	으뜸어린이집(NC백화점→비봉초)
34.971209	127.581726	50	F	1	인덕로	광양병원앞교차로(서산교→광양여고)
34.971224	127.582063	50	F	1	인덕로	광양병원 사거리
34.971238	127.588011	30	F	1	읍성길	광양동초등학교(신광교회→광양우리병원)
34.971493	128.363161	30	F	1	방산로	방산초등학교 (율대농공단지→방산초교)
34.971498	128.363149	30	F	1	남해대로	방산초등학교 (정촌마을→용산사거리)
34.971587	127.582679	30	F	1	성북길	서초등학교(재향군인회관→구원협삼거리)
34.971750	127.489389	50	F	1	강변로	용당교부근(조곡교→서면)
34.971858	128.327884	40	F	1	동외로	고성군 법원 (통영→고성군청)
34.972300	126.875200	60	F	2	나주호로	인암마을(우산교차로→중흥골드스파)
34.972502	126.496415	110	S	2	서해안	서해안고속도로 하행 20.8k(서울→목포)
34.973379	128.057827	80	F	1	사천대로	송포교차로
34.973809	127.474335	30	F	1	석현북길	향림초등학교(향림초→향림공원)
34.974244	128.655706	50	F	2	거제북로	실전마을 앞(장목→연초)
34.974249	128.655906	50	F	1	거제북로	실전마을 앞(연초→장목)
34.974897	126.463669	50	F	3	무안로	대곡버스정류장(청천리사무소→무안군청)
34.975359	128.322096	30	F	1	중앙로15번길	대성초등학교 (고성농협서부지점,고성박물관→고성군청)
34.975394	128.322070	30	F	1	중앙로15번길	대성초등학교 (고성군청→고성농협서부지점,고성박물관)
34.975673	126.729945	90	E	2	빛가람장성로	부덕교차로부근 구간단속종점(광주→영암)
34.975684	127.535745	30	F	2	왕지로	아림킨더하우스어린이집(법원→광양)
34.975758	127.608499	30	F	2	용강2길	용강어린이집(따뜻한교회→용강초)
34.975760	127.608572	30	F	2	용강2길	용강어린이집(용강초→용강어린이집)
34.976082	127.609602	30	F	2	용강2길	용강초등학교(임마누엘교최→용강중학교)
34.976210	126.733848	90	S	1	빛가람장성로	부덕교차로부근 구간단속시점(영암→광주)
34.976450	127.669101	60	F	1	백운1로	선유마을앞(광양읍→옥곡면)
34.976937	127.593051	30	F	2	유당로	북초등학교(광양실고앞삼거리→광양북초)
34.977159	127.573014	30	F	1	매천로	구산리 482 (119안전센터→e편한세상@)
34.977397	127.573012	30	F	2	서천변로	덕진아파트서천변(119안전센터→칠성e편한세상)
34.977662	127.002112	30	F	1	죽헌로	한천초등학교(사평→능주)
34.977673	128.305026	50	F	2	송학고분로	고성중학교 앞(사천→고성군청)
34.977747	127.667244	60	F	1	선유로	선유마을 입구(양방향)
34.978039	127.718253	80	F	1	강변로	의암교차로(옥곡IC→광영동)
34.978183	127.718692	80	F	1	신금로	옥곡면 신금리 225-4 (광영동→옥곡면)
34.978816	128.062559	50	F	2	진삼로	남양초등학교 앞 (시청→삼천포항)
34.978900	127.578000	30	F	1	서평로	칠성초등학교(서천→광양교회)
34.979223	127.004638	30	F	3	청계길	한천초등학교
34.979350	127.578304	30	F	2	서평로	칠성초등학교(광양교회→칠성초등학교)
34.979480	128.688297	80	F	2	거가대로	두모교 앞 (부산→통영,시청)
34.979529	128.404484	50	F	1	안정로	상원마을 앞
34.979604	127.719119	80	F	1	충무공로	신금교차로(하동→광양)
34.979818	128.234800	30	F	1	장치로	자은마을 앞 (상족암,삼산→영현,연화산)
34.979832	128.234811	30	F	2	장치로	자은마을 앞 (영현,연화산→상족암,삼산)
34.979849	128.299463	50	F	1	송학고분로	군부대 앞 (고성→사천)
34.980830	127.723237	80	F	2	충무공로	신금교차로(광양→하동)
34.982158	127.572529	30	F	2	매천로	광양고등학교(서천교→설담가)
34.982504	127.897362	70	F	2	경충로	중평교차로 전방(진교ic→남해)
34.982588	127.753508	30	F	2	백운2로	이정마을앞 (용소→선소)
34.983023	128.403222	50	F	3	거류로	용동마을회관앞(동고성ic↔창원,동해)
34.983099	126.690885	70	F	1	나주서부로	(왕곡→영산포)
34.983471	128.345758	50	F	2	동해로	상하수도사업소 앞
34.983609	127.572654	30	F	2	매천로	광양고등학교(사천교→설담가)
34.983686	128.624520	30	F	1	남해대로	칠천초등학교 (곡촌마을→칠천보건소)
34.985168	126.703935	60	F	1	나주서부로	장산사거리(왕곡면→농산물공판장)
34.985920	127.838287	30	F	1	섬진강대로	금남중고등학교 (고전면→노량리)
34.985927	127.838298	30	F	2	섬진강대로	금남중고등학교 (노량리→고전면)
34.985959	128.679049	50	F	2	거제북로	장서마을 (하청면→장목면)
34.986022	128.679547	50	F	1	거제북로	장서마을 (장목면→하청면)
34.986270	127.746042	30	F	2	백운2로	용소마을(마룡교차로→진월중)
34.986770	127.745444	30	F	1	백운2로	용소마을 (진월119지역대→마룡교차로)
34.987136	126.724248	60	F	1	영나로	지석교(남평→화순)
34.987145	126.729171	50	F	1	봉황로	부춘마을앞(용산주공@교차로→나주배원협)
34.987723	128.158446	30	F	1	삼상로	외원마을 (상리면→삼천포)
34.987770	126.910676	30	F	3	고인돌1로	도곡중앙초등학교
34.987910	127.585283	30	F	2	유당로	희망찬특수어린이집(봉강→옥룡)
34.988070	127.742535	60	F	2	충무공로	마룡교차로(광양→하동)
34.988146	127.585366	30	F	2	유당로	희망찬특수어린이집(옥룡→봉강)
34.988167	126.956275	30	F	3	학샘길	능주초등학교
34.988234	126.958574	30	F	2	죽수길	능주초등학교(한천→능주면사무소)
34.988400	127.508000	50	F	2	백강로	순천햇살주유소앞(서면→순천IC)
34.989037	127.684397	60	F	1	옥진로	신촌마을 앞
34.990121	127.696242	30	F	2	옥진로	옥곡초등학교앞(옥곡면→광양읍)
34.990284	127.741425	80	F	1	방죽로	마룡교차로 부근(국도-1대)
34.990284	127.741425	60	F	1	방죽로	마룡교차로
34.990340	128.695234	30	F	1	관포길	관포마을회관 (수협위판장→관포마을회관)
34.990381	128.695200	30	F	1	관포길	관포마을회관 (관포마을회관→수협위판장)
34.990767	126.477712	30	F	2	성내2길	무안초등학교(읍사무소→무안초)
34.990853	126.477199	30	F	1	면성1길	무안초등학교(무안군청→무안초)
34.991637	128.681823	30	F	1	거제북로	장목초등학교 (부산,통영→송진포,구영)
34.992986	128.405126	30	F	1	거류로	거류초등학교 (동해면→통영)
34.993065	128.405088	30	F	1	거류로	거류초등학교 (통영→동해면)
34.994370	128.310954	50	F	1	대가로	덕선리삼거리 (고성읍→대가면)
34.994388	128.310943	50	F	2	대가로	덕선리삼거리 (대가면→고성읍)
34.994445	128.187137	50	F	1	삼상로	연꽃공원 앞(삼천포항→사천,고성)
34.994973	126.715028	30	F	1	금영로	영산포초등학교앞(영산포→외국어고)
34.995083	126.714472	30	F	2	금영로	영산포초등학교(외국어고→영산포터미널)
34.995315	128.329745	70	F	2	남해안대로	우산교차로 (고성농업기술센터) (통영→창원)
34.995416	128.187926	30	F	2	삼상로	연꽃공원 앞(사천,고성→삼천포항)
34.996251	128.419841	50	F	1	조선특구로	봉암일반산업단지
34.996846	128.238512	50	F	3	부포로	국계마을(통영,거류↔고성,동해)
34.997096	128.462438	60	F	2	조선특구로	하장1교차로 (장좌터널→sk오션플랜트)
34.997187	128.357650	30	F	3	동해로	덕촌마을(동현면↔고성읍)
34.997602	126.917601	30	F	3	지석로	효산마을 앞
34.998612	126.863675	30	F	2	다남로	(오계아동센터→상곡리)
34.998800	128.186671	30	F	1	석번정1길	상리초등학교 (연꽃공원→상리면사무소)
34.999208	128.473683	50	F	2	조선특구로	우두포마을 앞 (가룡→장좌)
34.999226	128.473705	50	F	1	조선특구로	우두포마을 앞 (장좌→가룡,내산리)
34.999353	128.186545	30	F	2	척번정1길	상리초등학교 (상리면사무소연→꽃공원 방면)
34.999361	126.941702	60	F	3	지석로	도곡면 옥천사 앞
34.999500	126.864900	30	F	2	다남로	오계2구마을입구(봉황면→오계리삼거리)
34.999600	127.831219	60	S	2	구고속도로	하삼천회전교차로 시점 (성평리→백련리)
34.999775	126.709979	30	F	2	영산포로	홍어거리입구사거리(영산교→영산포우체국)
35.000752	128.402685	50	F	2	거류로	거류119안전센터 앞
35.000870	128.402610	50	F	2	거류로	거류119안전센터 (동해→통영)
35.000917	126.878639	60	S	2	지석로	구간시점(화순→남평)
35.001594	126.137151	30	F	1	문준경길	증도초등학교(증도파출소→증도초)
35.002638	126.812933	70	F	2	지평로	신도교차로
35.003205	127.478560	100	F	2	호남고속도로	호남고속도로 0.3K 종점 1,2차선 (천안→순천)
35.003651	127.829047	100	E	1	남해고속도로	남해고속도로 36.8K(순천방면) 종점2차로
35.005381	126.492629	110	E	1	서해안	서해안고속도로 상행 23.1k(목포→서울)
35.005428	127.468306	100	S	1	호남선	호남고속도로 1.4K 시점 (순천→광주)
35.006771	126.712122	30	F	2	영강길	영강초등학교(영강지역아동센터→영산고)
35.006939	126.818858	70	F	1	지평로	도래교차로 (남평→봉황)
35.007720	127.976485	30	F	1	서포로	서포초등학교 (서포삼거리→서포시장)
35.007723	127.093525	30	F	2	사호로	사평초등학교(면사무소→화순읍)
35.008137	127.766180	60	F	1	방죽로	진월교앞(진상→하동)
35.008230	127.092334	30	F	3	사호로	사평초등학교
35.008434	127.766723	60	F	1	충무공로	진월교 앞(진상→하동)
35.009615	126.787495	30	F	1	그린로	빛가람초등학교 (빛가람LH6단지→빛가람중)
35.010216	128.684529	30	F	1	거제북로	송진마을 (장목면사무소→구명리)
35.010250	128.684489	30	F	1	거제북로	송진마을 (구명리→장목면사무소)
35.010494	126.514002	30	F	1	엄다길	엄다초등학교(엄다치안센터→엄다우체국)
35.010941	128.398628	50	F	2	거류로	감동마을 앞
35.011199	126.822346	30	F	1	세남로	이화학교(산제낚시터→수생식물원)
35.011306	126.822583	30	F	1	세남로	나주이화학교(다도면→남평읍)
35.012688	126.509730	30	F	1	신송길	엄다어린이집(엄다초→신계교차로)
35.012788	126.795655	30	F	1	그린로	한아름유치원(빛가람LH6단지→금천중)
35.012891	126.909721	30	F	2	천암1길	도곡초등학교(도곡온천→도곡면행정복지센터)
35.012919	126.911871	30	F	3	지강로	은빛소망요양원
35.013242	127.465000	70	F	2	순천로	구만마을앞(순천→구례)
35.013325	126.764594	60	F	2	금영로	광암2구입구(금천면→혁신도시)
35.013500	127.718200	50	F	2	옥지로	진상농협앞(하동→옥곡면)
35.013548	126.907825	30	F	3	천암1길	도곡초등학교
35.013660	127.718296	60	F	1	옥진로	진상농협 앞(진상사거리 →옥곡면 방향)
35.013666	126.796796	30	F	2	호수로	한아름초등학교 (한아름초→빛가람호수공원)
35.014167	126.536028	30	F	1	학다리길	학다리중앙초등학교(면사무소→학다리성당)
35.014216	126.535923	30	F	2	학다리길	학다리중앙초등학교(학교리성당→면사무소)
35.014351	126.397164	30	F	1	운해로	(망운면사무소→현경면사무소)
35.014794	128.298025	30	F	2	대가로	대흥초등학교 (진주→고성군청)
35.014820	128.297993	30	F	1	대가로	대흥초등학교(고성군청→진주,대가면사무소)
35.014844	126.391852	30	F	2	망운로	망운초등학교(해제→우체국)
35.015035	128.709197	80	F	2	거가대로	장목터널 출구 (구간,종점 1,2차로) (부산→거제)
35.015100	126.391800	30	F	1	망운로	망운초등학교(우체국→해제)
35.015277	126.733681	60	F	2	영산강변로	나주대교→나주종합운동장
35.015444	128.396688	60	F	2	거류로	정남마을
35.015496	127.619142	30	F	2	신재로	옥룡초등학교(광양햇살학교→옥룡초)
35.015875	127.766665	60	F	1	방죽로	신구교차로(하동→진상)
35.016076	128.384811	50	F	2	동해로	거류주유소 앞
35.016981	126.778785	50	F	2	중야1길	대방엘리움2차@(대방엘리움1차→2차)
35.017167	126.639472	30	F	1	다시로	다시초등학교(다시역→다시초등학교)
35.017529	127.766510	60	F	1	충무공로	신구교차로(하동→진상)
35.017680	128.335260	100	F	2	통영대전고속도로	(통영대전고속도로 대전→통영) 21.5K 1,2차로
35.017745	126.772822	90	S	2	빛가람장성로	구간단속시점(광주→영암)
35.019400	126.667000	80	F	2	영산로	신광삼거리(나주→다시면)
35.019433	126.907853	60	F	1	지강로	엄마손팥죽(능주→화순읍)
35.019644	126.407182	30	F	2	운해로	현경어린이집 (현경면사무소→망운면사무소)
35.020208	127.458114	70	F	2	순천로	비월마을입구(구례→순천)
35.020397	126.415082	30	F	2	현해로	현경초등학교(무안읍→현경면)
35.020659	127.359445	60	F	2	승주로	봉곡교차로(주암→승주)
35.020826	126.714658	50	F	1	나주로	KT플라자앞 삼거리(엘지화학→한국통신교차로)
35.021200	126.785300	60	F	2	빛가람로	사학연금공단사거리(빛가람주민센터→시청)
35.021274	128.174960	70	F	1	상정대로	비곡마을 (사천→고성)
35.021559	127.875561	60	E	2	구고속도로	하동축산종합방역소 종점 (성평리→백련리)
35.021635	126.906196	60	F	2	지강로	온천마을버스정류장(광주→도곡면)
35.022096	126.774600	60	F	1	빛가람로	석전교차로(시청→혁신도시)
35.022124	126.775491	60	F	1	빛가람로	석전교차로(혁신도시→나주시청)
35.022491	128.810762	80	E	1	거가대로	가덕해저터널출구 종점 3차로
35.022538	126.754940	60	F	2	금영로	서고안마을앞(고동교차로→금천면)
35.024880	126.694750	70	F	2	영산로	이화영아원앞 삼거리(가운삼거리→나주소방서)
35.025404	126.780244	50	F	2	한빛로	금곡빌딩(한국농촌경제연구원→한빛2교)
35.026264	128.478876	50	F	3	조선특구로	매정마을(노인회관 앞)(창원,진동↔통영,거류)
35.026315	126.716824	30	F	1	나주로	이화유치원(금성지구대→엘리시아컨벤션)
35.026849	128.065220	60	F	1	진삼로	석계마을 입구
35.027331	126.539886	30	F	2	학교길	함평어린이집(함평골프고→학다리삼거리)
35.027472	126.855611	60	E	1	지석로	구간종점(화순→남평)
35.027767	127.720200	60	F	1	백운3로	용계마을(수어댐→진상면사무소)
35.028422	127.720285	60	F	1	백운3로	용계마을 (수어댐→진상면사무소)
35.028955	126.719202	30	F	2	남고문로	나주초등학교 (금성지구대사거리→남고문)
35.029077	126.719194	30	F	1	남고문로	나주초등학교 정문앞(남고문→소방서)
35.030294	126.786796	30	F	2	한빛로	빛누리초등학교(빛가람우미린→산포하나로마트)
35.030922	127.042717	30	F	2	충의로	동면초등학교(화순읍→사평)
35.031588	127.042586	30	F	3	충의로	동면초등학교
35.031735	127.445927	80	F	2	순천로	학구삼거리(순천→구례)
35.032505	126.584675	80	F	1	영산로	함평천지휴게소(나주→함평)
35.032581	126.778614	90	E	1	빛가람장성로	석전교차로앞 구간단속종점(영암→광주)
35.032980	127.444628	80	F	2	순천로	학구삼거리(구례→순천)
35.033059	126.610618	30	F	1	체암로	평산버스정류장(문평면→신옥)
35.033639	126.753833	30	F	2	금영로	금천초등학교(면사무소→금천사거리)
35.033854	126.804925	30	F	1	산포로	산포초등학교(산포농협→뉴혁신카)
35.033962	127.767292	60	F	1	섬진강매화로	섬진강대교앞(진상→하동)
35.034032	126.753701	30	F	1	금영로	금천초등학교(금천사거리→금천면사무소)
35.034041	127.767160	60	F	2	충무공로	섬진강대교 앞(진상→하동)
35.034166	126.804726	30	F	2	산포로	산포초등학교앞(부영CC→산포면)
35.034191	126.906872	60	F	1	지강로	원화리버스정류장(광주→도곡면)
35.034307	128.226303	50	F	3	부포로	봉발마을 (부포사거리↔대촌삼거리)
35.034432	126.561074	80	F	2	영산로	학교농공단지(목포→광주)
35.035700	126.712800	60	F	2	건재로	산정삼거리(동신대→시청)
35.036414	127.756448	30	F	3	섬진강매화로	대리마을(진월면↔하동군청)
35.036608	127.756376	30	F	2	섬진강매화로	대리마을(송금교차로→대리교)
35.037900	126.851800	50	F	2	지석로	양우아파트2차앞(남평→화순도곡)
35.038581	127.773058	60	F	1	섬진강대로	하동교차로(남해,하동ic→구례)
35.038590	127.773058	60	F	2	섬진강대로	하동교차로(구례→남해,하동ic)
35.039267	128.469981	50	F	3	조선특구로	법동마을 앞(통영,거류→고성,동해)
35.039361	127.437667	80	E	2	순천로	구간종점(구례→순천)
35.039494	128.469585	50	F	2	조선특구로	법동마을 앞(마산→거류면)
35.040531	127.895292	100	F	2	남해고속도로	남해고속도로 44.7K(순천→부산)
35.040582	127.896188	100	S	1	남해고속도로	남해고속도로 44.6K(순천방면) 시점2차로
35.041005	128.356964	70	E	1	남해안대로	푸른휴게소 종점 1,2차로 (마산→고성)
35.041023	128.356921	70	E	2	남해안대로	푸른휴게소 종점 3,4차로 (마산→고성)
35.041098	128.407298	30	F	3	동해로	용흥마을(거류면↔동해면)
35.041155	126.525413	100	F	1	광주-무안	광주 무안고속도로 광주방면 13.8K( 함평군 학교면 월산리 1402-2)
35.041732	126.845427	30	F	2	지석로	남평초(남평오거리->남평119안전센터)
35.041993	126.845308	30	F	1	지석로	남평초(남평119안전센터->남평오거리)
35.042726	126.847266	30	F	2	남평3로	남평초등학교(남평초→남평중)
35.042913	126.847219	30	F	2	남평3로	남평초등학교(남평중→남평초)
35.043181	126.716011	60	F	1	건재로	정렬사입구교차로(금성고→광주)
35.044481	128.099482	30	F	1	사남로	샘터노인요양원 앞 (고성,삼천포항→사천읍)
35.045340	127.846754	40	F	1	진양로	수척마을(양보) (진교→횡천)
35.045441	128.444452	30	F	2	동해로	동해초등학교 (거류면→마산)
35.046052	128.220875	50	F	3	대가로	대촌삼거리(영현면↔대가면)
35.049621	127.283986	100	F	2	호남고속도로	호남고속도로 19.4K 시점 (천안→순천)
35.049906	128.463688	50	F	2	조선특구로	전도마을 앞
35.049953	126.533100	80	F	2	함영로	(함평읍→학교면)
35.049985	126.846218	70	F	3	남화로	수원교차로 (광주→화순)
35.050035	126.847424	70	F	3	남화로	수원교차로 (화순→광주)
35.050435	127.283624	100	E	2	호남선	호남고속도로 19.8K 종점 (순천→광주)
35.050996	126.943597	70	F	2	오성로	도웅교차로(앵남->화순읍)
35.051184	126.950580	60	F	3	오성로	도웅교차로
35.051316	126.972359	40	F	3	화보로	화순 대리2교차로
35.051602	126.986434	50	F	1	서양로	삼천2교차로(화순역→전대병원)
35.051641	126.202440	60	F	1	지도증도로	송도마을입구 (사옥대교→송도입구)
35.051720	126.985490	50	F	3	서양로	삼천가든 앞
35.052419	126.921011	70	F	1	오성로	땀재터널부근(화순역→도곡면)
35.053150	126.972776	50	F	3	서양로	대리2교차로 앞
35.053232	128.348668	50	F	2	옥천로	항정마을 (회화면→개천면)
35.053250	128.348633	50	F	1	옥천로	항정마을 (개천면→회화면)
35.053400	126.382670	60	F	2	송마로	용정교차로(무안→해제)
35.054018	128.206337	30	F	2	대가로	영현초등학교 (개천,영오→고성,대가)
35.054022	128.206315	30	F	1	대가로	영현초등학교 (고성,대가→개천,영오)
35.054193	126.999316	30	F	3	화동로	로뎀나무어린이집
35.054929	126.994889	30	F	3	화동로	제일초등학교
35.055031	126.994654	30	F	1	화동로	제일초등학교(일심교차로→고인돌공원교차로)
35.055388	128.371959	30	F	2	회진로	배둔어린이집 (배둔터미널→당항포)
35.055419	128.372001	30	F	2	남해대로	배둔어린이집 (당황포→배둔터미널)
35.055551	128.336274	30	F	2	옥천로	마암초등학교 (배둔리→진주)
35.055555	128.336182	30	F	2	옥천로	마암초등학교 (진주→배둔리)
35.055776	126.994675	30	F	2	화동로	제일초등학교앞(부영1차→제일초)
35.055862	128.475502	50	S	1	조선특구로	에스케이오션플랜트 가공공장 앞 시점 (통영,거류→창원,진동)
35.056025	126.603294	30	F	1	체암로	문평교 (문평초 → 문평면행정복지센터)
35.056146	126.255919	50	F	2	해제지도로	자동교차로전(북신안농협→지도체육공원)
35.056271	126.835125	70	F	2	회재로	자연사랑 앞(대촌→남평)
35.056385	128.475764	50	E	2	조선특구로	에스케이오션플랜트 가공공장 앞 종점 (창원,진동→통영,거류)
35.056669	126.981758	40	F	2	쌍충로	경동나비엔앞 (삼천리교차로→중앙병원교차로)
35.056698	126.719774	70	F	2	노안상도로	율정교차로(나주IC→동신대)
35.056931	128.956881	70	F	3	다대로	기계2단지교차로
35.057264	126.834781	70	F	1	회재로	선농기계 앞(남평→대촌)
35.057531	126.603875	30	F	2	문평로	문평초등학교(대도저수지→문평초)
35.057639	126.604194	30	F	2	문평로	문평초등학교(문평소재삼거리→서원회관)
35.058370	127.963012	30	F	3	성내로	곤양초등학교 양방향 (곤양면행정복지센터↔곤양성당)
35.058405	126.602573	30	F	1	체암로	(고막원→문평IC)
35.058964	127.767003	50	F	1	섬진강대로	재첩특화마을 (남해→구례)
35.058967	126.361853	30	F	1	현해로	현경북초등학교(무안읍→해제면)
35.059131	126.956179	60	F	3	오성로	도웅교차로
35.059143	128.326698	30	F	1	옥천로	장산경로당(마암면→개천면)
35.059612	128.320996	30	F	2	옥천로	서장산마을(개천면→마암면)
35.060286	126.996488	30	F	3	중앙로	만연초등학교 사거리
35.060475	126.562785	100	F	2	무안-광주	무안-광주 고속도로 무안방면 17.6k
35.061237	128.373905	30	F	2	배둔로	회화초등학교 (당항포관광지→회화면사무소)
35.061323	126.994940	30	F	3	알메로	화순만연초등학교
35.061389	128.972083	30	F	1	윤공단로	더푸르네유치원(어린이보호구역)
35.061407	126.994704	30	F	2	알메로	만연초등학교앞(부영5차→만연초)
35.061408	128.374200	30	F	1	배둔로	회화초등학교 (회화면사무소→당항포관광지)
35.061623	127.000300	50	F	3	서양로	전남대학교병원 앞
35.061744	126.523431	30	F	1	외대화길	함평군법원 앞(엑스포공원→공영터미널)
35.061770	128.114946	70	F	1	상정대로	신기교차로(고성→사천)
35.061771	128.984561	30	F	3	다대로381번길	다대4지구 도개공@113동앞
35.061804	128.372714	30	F	3	관인로	회화초등학교(회화초등학교↔배둔삼거리 )
35.062281	128.977303	50	F	3	다대로	현대아파트앞교차로
35.062540	126.514134	30	F	1	내대화길	함평초등학교(함평초→함평군청)
35.063165	128.308819	50	F	3	옥천로	석마마을(고성,배둔↔진주,문산)
35.063716	126.515969	30	F	1	남일길	삼애어린이집(함평성당→함평군민복지회관)
35.064201	128.419878	60	F	2	회진로	어신 정류장 (창원,진전→회화,삼북)
35.064419	127.066793	30	F	2	규봉로	지오학교(청궁저수지→지오학교)
35.064491	128.378164	40	F	2	엑스포로	천년빌회전교차로 후방 (당항포관광단지→배둔삼거리)
35.064561	127.066712	30	F	2	규봉로	지오학교(지오학교→청궁저수지)
35.064649	127.066475	30	F	3	규봉로	지오학교
35.064698	126.984173	30	F	1	동헌길	화순초등학교정문(군청→LX국토정보공사)
35.065034	126.284697	60	F	1	해제지도로	참새골황토펜션가든입구(지도→해제)
35.065565	126.984142	30	F	3	동헌길	화순초등학교
35.065663	126.804681	30	F	1	포충로	신가교 → 포충사
35.065703	126.804705	30	F	2	포충로	포충사 → 신가교
35.065751	126.985596	30	F	3	동헌길	화순초등학교
35.065790	126.985657	30	F	1	동헌길	화순초교(서라2차→화순군청)
35.066155	127.991374	100	F	2	남해고속도로	남해고속도로 54.6k (부산→순천)
35.066351	126.525680	60	F	1	함영로	기각사거리(함평→영광)
35.067462	126.529366	30	F	1	영수길	대동향교초등학교 근방(기각사거리→향교사거리)
35.068325	126.532577	30	F	2	대동길	대동향교초등학교(향교사거리→대동우체국)
35.068361	126.532528	30	F	1	대동길	대동향교초등학교(대동우체국→향교사거리)
35.068394	128.356996	30	F	2	영회로	녹명마을 (무진농장) (배둔→구만면, 진성)
35.068598	128.980041	30	F	3	다대로381번길	다송초등학교입구R(어린이보호구역,삼환2차@→다대로)
35.068728	126.990179	30	F	3	만연로	아이샘터어린이집
35.071645	129.061908	30	F	3	함지로	절영초등학교입구 삼거리(어린이보호구역,75광장→영도여고)
35.072543	127.127743	30	F	3	오지호로	동복초등학교
35.072662	128.472369	50	S	2	조선특구로	동진교 시점 (창원,진동→통영,거류)
35.072740	127.771344	60	F	2	경서대로	계성마을 앞
35.073030	126.291743	60	F	2	해제지도로	천마교차로(해제→지도)
35.073241	128.212368	50	F	2	대가로	신촌마을(영현면→영오면)
35.073245	128.471784	50	E	1	조선특구로	동진교 종점 (통영,거류→창원,진동)
35.074701	129.015281	30	F	3	암남공원로	비스타동원더비치테라스@앞(암남공원->송도초교)
35.075335	129.064668	30	F	1	함지로79번길	봉삼초등학교앞(어린이보호구역)
35.075349	129.075371	50	F	3	해양로	해양연수원앞
35.076191	129.065381	30	F	1	와치로	절영@209동앞(어린이보호구역,다솜어린이집)
35.077080	128.211139	30	F	1	대가로	일심마을 (영오면→영현면)
35.077164	127.232752	40	F	1	동주로	장수원회관앞(화순→주암면)
35.077328	128.343553	50	F	2	남해대로	중암마을 (구만면→회화면)
35.079379	128.280800	50	F	2	옥천로	좌연마을 (진주→고성)
35.079422	128.280768	50	F	1	옥천로	좌연마을 (고성→진주)
35.079446	126.716871	30	F	1	노안로	노안초등학교(노안면사무소→남산마을회관)
35.079528	126.717010	30	F	1	노안로	노안초등학교(남산마을회관→노안면사무소)
35.080559	126.860640	80	F	2	서문대로	효천역 → 남평
35.080900	126.293800	30	F	2	현해로	해제남초등학교(해제→지도)
35.081000	127.418639	80	S	1	순천로	승주교 앞 구간시점(구례→순천)
35.082121	129.012406	50	F	3	감천로	SK셀프주유소
35.082428	126.502967	80	F	1	함영로	함평농협주유소전방(함평읍→함평IC)
35.082527	129.021717	30	F	3	천마로	부산해송학교입구R(어린이보호구역,송도교차로→천마산)
35.083253	126.914081	60	F	3	지강로	칠구재 터널 앞
35.083264	128.787464	60	F	1	신항로	8번신호등 교차로 (웅천대교→부산강서구)
35.083633	129.039871	60	F	3	남항서로	부산항대교 접속도로
35.084321	126.112672	30	F	2	임자대교로	임자교차로 (임자1대교→임자면사무소)
35.084889	128.991952	60	E	1	을숙도대로	장평지하차도 출구 종점1,2차로(명지동→감천동)
35.084889	128.991952	60	S	2	을숙도대로	장평지하차도 입구 시점1,2차로(감천동→명지동)
35.085014	127.940736	60	F	3	봉명로	다솔사입구
35.085216	128.993895	60	F	3	을숙도대로	감천지하차도입구
35.085349	128.969841	60	S	1	을숙도대로	장평지하차도 입구 시점1,2차로(명지동→감천동)
35.085349	128.969841	60	E	2	을숙도대로	장평지하차도 출구 종점1,2차로(감천동→명지동)
35.085563	128.959448	60	F	3	을숙도대로	대한제강사거리
35.085585	128.899554	30	F	3	명지오션시티2로	명호초등학교 앞
35.085657	128.994133	70	F	3	을숙도대로	감천지하차도출구
35.086248	128.589862	80	S	2	구산중앙로	난포교차로 후방 시점 3차로 (로봇랜드→현동)
35.086481	128.589840	80	E	2	구산중앙로	석곡교차로 전방 종점 1,2차로 (로봇랜드→현동
35.086542	128.589760	80	S	1	구산중앙로	석곡터널 전방 시점 (현동→로봇랜드)
35.086784	127.798770	60	S	2	경서대로	학리1터널 시점(순천→진주)
35.086789	127.798770	60	E	1	경서대로	학리1터널 종점(진주→순천)
35.086950	126.875831	80	F	1	서문대로	광주대방면
35.087061	128.585510	30	F	2	이순신로	반동초등학교 (창원,진동→심리,난포)
35.087062	128.093833	50	F	2	대신로	한마음어린이집 (운동장 → 농협)
35.087077	128.093678	50	F	2	대신로	한마음어린이집 (농협 → 운동장)
35.087083	128.585542	30	F	2	이순신로	반동초등학교 (심리,난포→창원,진동)
35.087092	126.172907	50	F	1	해제지도로	금출마을(지도읍→임자2대교)
35.087135	127.721259	60	F	1	섬진강대로	신지마을회관 앞 (남해→구례)
35.087520	126.768800	90	S	2	빛가람장성로	본덕IC → 장성
35.087593	129.064635	30	F	3	일산봉로	한일유앤아이@앞(어린이보호구역, 청동초교)
35.088220	128.334712	30	F	1	영회로	구만초등학교 (사천,영오→배둔리)
35.088272	128.334696	30	F	1	영화로	구만초등학교 (배둔리→사천,영오)
35.088528	126.495389	80	F	1	함영로	양림교차로부근 (영광→함평)
35.088889	128.849441	70	F	3	녹산산업대로	7번신호등
35.089039	128.856889	70	F	3	녹산산업대로	5번신호등
35.089091	128.839401	60	F	3	가락대로	10번신호등
35.089118	128.118606	30	F	1	구암두문로	구암1리마을(사천→고성)
35.089141	128.118608	30	F	2	구암두문로	구암1리마을(고성→사천)
35.089460	126.101091	30	F	1	임자로	임자초등학교(임자농협→임자고교)
35.089558	128.460510	50	F	1	회진로	창포마을앞
35.089808	129.067969	50	F	1	태종로	영도구청앞(어린이보호구역,청동초교)
35.090059	128.185147	30	F	1	구암두문로	금곡초등학교(사천→연화산ic)
35.090059	128.378518	70	S	2	남해안대로	적석산교차로 시점 3차로 (마산→고성)
35.090082	128.854075	30	F	1	녹산산단335로	녹산산단바른어린이집앞
35.090300	126.331000	60	F	2	현래로	물암마을앞(무안읍→해제)
35.090578	128.378865	70	S	2	남해안대로	적석산교차로 시점 1,2차로 (마산→고성)
35.091031	129.070653	50	F	3	해양로	한국타이어
35.091101	128.969161	30	F	3	신산북로	사하코오롱하늘채@입구R(동성케미컬→신평사거리)
35.092670	127.379273	30	F	1	태안로	월등초등학교(곡성→월등면)
35.092745	129.050165	30	F	1	하나길	맞은편(어린이보호구역,영도중앙유치원)
35.092855	129.059566	30	F	3	청학로	청학초등학교 맞은편(어린이보호구역,효성교회→김천탕)
35.093339	128.799474	30	F	2	안골로	청천공업사 앞(안청공원, 안청초교→안골부두,신항안골산업단지)
35.094106	126.939535	30	F	1	남계길	진아리채A → 남문로
35.094208	128.993170	50	F	3	사하로	옥천초등학교입구(어린이보호구역)
35.094296	129.045481	30	F	3	대교로2번길	에이스타운앞(어린이보호구역,대교초교,봉래교차로→대교초교)
35.096836	128.803391	30	F	1	안골로	진해유치원(안청초등학교→안골포)
35.097533	126.906746	50	F	1	효덕로	회순 → 광주대
35.097534	128.061578	30	F	3	서삼로	하탑마을회관 앞 (탑리공단&amp;harr;축동구호농공단지)
35.097701	129.060628	50	F	3	해양로	청학수변공원
35.097915	128.144007	30	F	1	구암두문로	장전1리마을 후면 (금곡리→장전리)
35.097920	128.259798	30	F	2	옥천로	개천초등학교 (진주→배둔리)
35.097986	128.259820	30	F	2	옥천로	개천초등학교 (고성→진주)
35.098159	129.016676	30	F	3	해돋이로	아미초등학교입구 맞은편(어린이보호구역,초장중→아미파출소)
35.098307	128.962443	30	F	3	비봉로	신남초등학교(어린이보호구역,허브휴병원→탑마트)
35.098903	128.010063	60	F	1	흥신로	흥사일반산업단지입구
35.099227	128.986205	50	F	3	낙동대로	비스타동원@ 104동 앞
35.099579	129.022031	30	F	3	까치고개로	토성초등학교(어린이보호구역,토성역교차로→부평교차로)
35.100016	129.016122	30	F	1	까치고개로	아동보호종합센터 맞은편(어린이보호구역,으뜸어린이집)
35.101016	128.987855	30	F	3	승학로	괴정한신아파트 101동앞(어린이보호구역,사하초교,화신@→성민장로교회)
35.101098	129.003761	30	F	3	오작로	벽산하이츠@입구 맞은편(어린이보호구역,승학초교,은창골든빌→성현교회)
35.101694	128.397187	70	F	2	남해안대로	신고성터널 후방 (통영→창원)
35.101699	126.890692	30	F	2	효우2로	효우로 → 효천초
35.102172	128.998351	50	F	3	낙동대로	조은약국(어린이보호구역, 괴정초교)
35.102274	129.021426	50	F	3	보수대로	부평교회 앞
35.102278	128.252315	50	F	1	옥천로	덕성마을(고성,배둔→진주,문산)
35.102368	128.991771	30	F	3	승학로	화신아파트 3동앞(어린이보호구역,꿈동산유치원,괴정한신@→부산보건대)
35.102581	128.070477	100	F	2	남해고속도로	남해고속도로 63.5k (부산→순천)
35.103121	128.961009	50	F	2	하신중앙로	햇님공원앞
35.103626	128.981475	30	F	1	승학로	무궁화빌라앞(어린이보호구역)
35.103651	128.973285	50	F	3	낙동대로	당리역2번출구앞(어린이보호구역,낙동초교,하단교차로→사하역)
35.105254	128.216803	30	F	2	영회로	영오초등학교 (일반성면→연화산ic)
35.105275	128.216915	30	F	1	영회로	영오초등학교 (연화산ic→일반성면)
35.105649	129.028184	30	F	1	망양로	중구종합사회복지관앞(어린이보호구역,노틀담어린이집)
35.105952	129.028912	30	F	1	망양로	대청파크빌라 맞은편(어린이보호구역,노틀담어린이집)
35.106008	128.242337	30	F	1	옥천로	연암노인복지센터 (계천면→영오사거리)
35.106256	128.090303	30	F	1	운계길	사천 축동초등학교 (사천ic→사천읍)
35.106929	128.846201	70	F	3	낙동남로	송정마을 진입지점
35.107982	127.495165	50	F	2	삽재팔동길	황전초회덕분교(간전면→황전면)
35.108356	128.124633	30	F	2	두량로	두량6리마을입구 (두량2리마을회관→사천ic,축동)
35.108399	128.124714	30	F	1	두량로	두량6리마을입구 (사천ic,축동→두량2리마을회관)
35.108629	128.941027	60	F	3	낙동남로	낙동강배수문 다리인근
35.109015	127.875567	50	F	2	경서대로	직전교 (직전교→북천역)
35.109076	127.875572	50	F	1	경서대로	직전교 (북천역→직전교)
35.109493	128.414991	30	F	2	팔의사로	진전초등학교 (진북면→진주)
35.109502	128.415002	30	F	2	팔의사로	진전초등학교 (양촌마을→임곡삼거리)
35.109935	127.808148	30	F	2	경서대로	횡천초등학교 (남산리→횡천면사무소)
35.110041	128.556189	80	E	2	구산중앙로	석곡교차로 전방 종점 3차로 (로봇랜드→현동)
35.110050	127.808318	30	F	2	경서대로	횡천초등학교 (진주,창학동→광양,하동)
35.110274	129.011176	50	F	3	낙동대로	대티터널 진출 200m
35.110438	129.089977	60	F	3	신선로	한국쉘석유
35.110496	129.114259	30	F	3	용주로50번길	오륙도뜨란채@101동앞(어린이보호구역,운산초교,드림빌라트→운산초교)
35.110761	129.093917	60	E	2	신선로	신선대지하차도출구 구간단속 종점3,4차로
35.110984	128.555776	80	S	2	구산중앙로	난포교차로 후방 시점 1,2차로 (로봇랜드→현동)
35.111103	128.555744	80	E	1	구산중앙로	난포교차로 전방 종점 (현동→로봇랜드)
35.111222	126.832815	80	F	2	회재로	풍암지구 → 남평
35.111812	129.029365	30	F	1	망양로	동주파크맨션 가동 맞은편
35.112244	127.847575	60	E	2	경서대로	황치산터널 종점(순천→진주)
35.112249	127.847580	60	S	1	경서대로	황치산터널 시점(진주→순천)
35.113010	126.780000	60	F	1	동곡로	본덕IC → 선운지구
35.113100	126.829553	30	F	2	눌재로	서창R → 백마R
35.113257	126.609050	30	F	1	나산길	나산어린이집(나산면사무소→나산파출소)
35.113555	128.923726	60	F	3	낙동남로	경일고교앞
35.113910	126.491774	80	F	1	함영로	농공단지입구(영광→함평)
35.113943	129.045164	50	F	1	이순신대로	친수공원앞 지하주차장 입구
35.113974	126.295956	30	F	1	양간로	해제초등학교(해제초→해제중)
35.113991	126.901721	30	F	1	진제길	진월현대3차@ → 화산로
35.113998	129.081596	50	F	3	우암로	동항초등학교 맞은편(어린이보호구역)
35.114193	126.829566	30	F	1	눌재로	백마R → 만귀정
35.114223	129.081757	50	F	3	우암로	동항초등학교앞(어린이보호구역)
35.115602	126.902146	30	F	1	진제길	화산로 → 광주티병원
35.115614	128.769646	70	F	2	진해대로	진해대로 평발고개(부산행)
35.115702	126.867533	50	F	1	송암로	송원대 → 풍암IC
35.115882	126.607231	30	F	2	함장로	나산초등학교(나산면→해보면)
35.116017	128.844551	60	F	1	가락대로	옥포마을입구
35.116056	126.607278	30	F	2	함장로	나산초등학교(해보면→나산면)
35.116094	129.110923	50	F	3	용호로	용호골목시장 맞은편(어린이보호구역,용산초교)
35.116225	128.718959	70	F	2	진해대로	대발령내리막길
35.116354	126.928205	90	F	2	제2순환도로	진월IC → 소태TG
35.116740	126.927862	90	F	1	제2순환도로	소태TG → 진월IC
35.117108	127.043521	30	F	3	규봉로	화순초등학교 이서분교
35.117656	127.045130	30	F	1	규봉로	화순초교이서분교(인암교차로→동면)
35.117835	129.037748	30	F	3	초량상로	부산초량우체국앞(어린이보호구역,초량초교, 초량3동행정센터→초량초교)
35.118488	129.014319	50	F	3	보수대로	부산대신중학교(어린이보호구역, 구덕초교)
35.118534	128.936181	70	F	1	공항로	염막2구마을
35.118866	126.863929	50	F	1	송암로	풍암IC 방면
35.118988	129.115294	30	F	3	동명로	한일@앞(어린이보호구역, 용산초교, 경동@→부산은행)
35.119003	129.079443	60	F	3	신선로	감만고가교 진출 100M(감만고가교→감만사거리)
35.119313	128.580344	30	F	1	구산로	구산초등학교(수정삼거리→유산삼거리)
35.119458	128.580333	30	F	1	구산로	구산초등학교 (덕동,현동→진동, 수정삼거리)
35.119623	128.793860	70	F	1	진해대로	의곡육교 (용원→진해구청)
35.119681	129.107841	30	F	3	동명로	우성골든빌라앞(어린이보호구역,백운초교,백운초교→금풍빌라)
35.120525	128.799413	80	F	2	진해산업로	마천터널 전방(부산→진해)
35.120700	128.537782	30	F	2	해양관광로	구산초등학교 구서분교 (마전교→군령삼거리)
35.120731	128.537718	30	F	2	해양관광로	구산초등학교(구서분교) (수정,심리→진동,마전)
35.121260	128.289279	50	F	2	영회로	가천마을 앞(구만면→영오면)
35.121367	129.078288	50	F	3	동서고가로	감만동방향 종점부
35.121528	127.300306	30	F	1	주목로	평호회관(한울고→평리삼거리)
35.121619	127.300188	30	F	1	주목로	곡성군 목사동면 평리(상행)
35.121710	127.690505	30	F	2	섬진강매화로	다압초등학교(다압교회→다압보건지소)
35.121972	127.300306	30	F	2	주목로	버스정류장옆(평리삼거리→한울고)
35.122131	127.300200	30	F	2	주목로	곡성군 목사동면 평리(하행)
35.122144	128.795800	80	F	1	만금로	마천터널 후방 (진해ic→부산)
35.122316	129.041485	30	F	3	고관로29번길	맞은편(어린이보호구역,동일중앙초교)
35.122411	129.041394	30	F	3	고관로29번길	범양레우스@101동 앞(어린이보호구역,동일중앙초교)
35.123086	129.044132	50	F	3	중앙대로	부산YWCA 앞
35.123210	126.627796	60	F	2	문화로	달맞이공원(나산면→월야면)
35.123769	128.896283	60	F	3	생곡로	성산마을회관 앞
35.123995	129.040246	30	F	3	홍곡로	e편한세상부산항@정문 맞은편(어린이보호구역, 동일중앙초교,동남@→초량동)
35.124237	126.912300	30	F	2	봉선중앙로	봉선초 → 쌍용4
35.124242	129.094547	30	F	3	홍곡로30번길	신대연코오롱하늘채@정문(유엔평화기념관→석포여중)
35.124476	129.036825	30	F	3	구봉로	동일중앙초등학교(어린이보호구역)
35.124531	129.076028	50	F	3	우암로	우암초교 맞은편
35.124786	126.932092	60	F	1	남문로	남광주 방면
35.125938	128.706650	30	F	1	충장로	장천초등학교 (행암로→풍호동)
35.125971	129.100797	60	S	2	신선로	신선대지하차도입구 구간단속 시점 1,2차로
35.126022	128.550614	80	F	1	구산중앙로	유산IC (원전항,로봇랜드→창원,현동)
35.126041	128.977108	30	F	1	엄궁로	엄궁누리유치원앞(어린이보호구역)
35.126110	128.550603	80	F	1	구산중앙로	유산ic (창원,구산→원전항, 로봇랜드)
35.126136	128.706526	30	F	1	충장로	장천초등학교(벚꽃공원→이동)
35.126149	129.094646	30	F	3	유엔평화로	부산발도르프학교담임학사앞(어린이보호구역,석포초교→UN조각공원)
35.126408	126.786595	30	F	2	송도로85번길	도산파출소 → 공군부대
35.126425	128.485394	80	F	2	남해안대로	진북터널출구(고성행)
35.126426	126.849306	50	F	1	풍서우로	풍암IC → 서창IC
35.126759	128.855051	60	F	3	가락대로	삼우엠씨피(신항→가락IC)
35.127702	129.102585	60	F	3	신선로	삼성@ 101동 앞
35.128082	126.791924	30	F	2	송도로	송도로입구R → 송정2교
35.128345	129.077407	30	F	3	유엔로25번길	신연초등학교 앞
35.128557	128.499991	60	F	1	삼진의거대로	창원시립복지원 (고성→창원)
35.129261	129.057957	60	F	3	충장대로	해양항만청 맞은편
35.129629	127.278001	50	F	1	대황강로	서정마을앞 (죽곡→석곡)
35.129871	129.049639	50	F	3	중앙대로	동부경찰서 앞
35.129899	127.279290	50	F	2	대황강로	서정마을앞 (석곡→죽곡)
35.130085	129.060575	60	F	3	충장대로	항만삼거리
35.130671	129.046937	30	F	3	진성로	부산진세무서(어린이보호구역,수정초교)
35.130716	128.943557	70	F	3	공항로	송백동자 버스정류장앞
35.130765	128.781343	80	F	1	웅장로	소사교차로 앞(장유→진해,웅동)
35.130945	126.935275	30	F	2	증심천로	원지교R → 홍림교R
35.131875	127.694625	60	F	2	섬진강대로	악양교차로(하동ic→구례)
35.131934	127.694635	60	F	1	섬진강대로	악양교차로 (구례→남해,하동읍)
35.132008	129.046397	30	F	3	진성로	수정성당 맞은편(어린이보호구역,수정초교)
35.132048	129.052495	50	F	3	중앙대로	부산항일동미라주@ 102동 앞
35.132208	128.171575	60	F	1	월아산로	월아산로 홍정마을
35.132612	126.855051	30	F	2	금화로59번길	상무초 → 서광병원
35.132695	126.932035	30	F	1	의재로	학운성당학운초 → 학동3
35.132860	128.100412	50	F	2	정촌로	모다아울렛 앞
35.132869	129.108447	60	F	3	광안대로	광안대교 용호동방면 진출부
35.133040	126.929400	30	F	1	의재로	학동교회 앞(홍림교 → 증심사입구역)
35.133094	129.051696	70	F	3	관문대로	수정터널 출구
35.133600	127.253900	30	F	2	주석로	석곡초등학교(행정복지센타→석곡초)
35.133723	127.249656	100	F	1	호남고속도로	호남고속도로 30.0K 종점(광주→순천)
35.134344	129.043463	30	F	3	망양로	수성초등학교 맞은편(어린이보호구역, 수정5동행정센터→수정5동R)
35.134734	129.043794	30	F	3	망양로	수성초등학교 앞
35.134753	127.254391	30	F	1	석곡로	곡성군 석곡면 석곡리 532-1 석곡초등학교(행정복지센타→석곡초  )
35.134865	126.861060	30	F	2	금화로115번길	금부로 → 금화로
35.135814	128.857395	60	F	3	과학산단로	리노공업앞
35.136244	128.143380	30	F	2	정촌로	관봉초등학교(고성,금곡→사천,예하)
35.136255	128.143671	30	F	2	정촌로	관봉초등학교 (사천,예하→문산,금곡)
35.136755	129.091569	30	F	3	진남로	대연초등학교 앞
35.136880	128.711060	30	F	2	천자로421번길	풍호초등학교 (충무동→풍호공원)
35.137347	129.074402	60	F	1	충장고가로	문현터널 70M전(문현고가→대연터널)
35.137354	128.773947	80	E	2	진해산업로	진해터널 출구 종점 (진해→부산)
35.137537	128.773970	80	S	1	진해산업로	진해터널 입구 시점 (부산→진해)
35.137581	128.993947	30	F	3	학감대로49번길	구학초등학교정문 맞은편(어린이보호구역,으뜸유치원→학감대로)
35.137710	126.921226	30	F	1	천변우로	원지교R → 남광교
35.137961	126.896501	60	F	1	대남대로	농성역방면
35.138061	129.059196	50	F	3	범일로	부산은행
35.138488	128.993341	50	F	3	학감대로	구덕극동아파트 앞
35.138925	126.901522	30	F	2	독립로	대성초4 → 백운R
35.139348	129.071069	30	F	3	고동골로	문현베스티움@ 110동 앞
35.139407	128.122142	40	F	1	화개길	죽봉회관 앞 (정촌면→신진주역)
35.139425	128.820543	50	F	3	과학산단1로	보배터널출구 400m
35.139706	129.056526	50	F	3	중앙대로	한성기린프라자 앞
35.139742	129.050192	30	F	3	망양로	범일초등학교 앞
35.139985	129.080668	80	F	2	번영로	문현터널 110M전(대연터널→문현고가)
35.140084	126.900680	30	F	2	월산로	무진중5 → 독립로
35.140171	126.902263	30	F	1	독립로	백운R → 대성초4
35.140466	129.079357	30	F	3	진남로	대연SK뷰1차@ 109동앞(어린이보호구역,부산혜성학교)
35.140513	128.121981	40	F	2	화개길	죽봉회관 앞 (신진주역→정촌면)
35.141127	126.856300	30	F	1	금호운천길	금호동성당 → 운천저수지
35.141174	128.873974	60	F	3	가락대로	세산사거리
35.141351	128.873908	60	F	3	가락대로	세산교차로
35.141885	129.103389	50	F	3	황령대로	남천더샵@107동앞(대남교차로→황령터널)
35.142195	129.106386	30	F	3	수영로393번길	남천더샵101동앞(어린이보호구역,남천초교,쉼마루소공원→남천역)
35.143126	129.113758	30	F	3	남천동로	남천2치안센터 맞은편(어린이보호구역,광남초교,수영구청→남천자이@)
35.143254	126.905658	30	F	1	중앙로	무진중 → 중앙대교
35.143898	129.100699	60	F	3	황령대로	대일주유소 맞은편(황령터널→대남교차로)
35.144134	129.100846	60	F	3	황령대로	대일주유소 3,4차로(대남교차로→황령터널)
35.144513	129.107999	30	F	3	수영로427번길	남천성당(어린이보호구역,남천초교,부산동여고→부산KBS정문)
35.144534	126.432507	30	F	1	일강로	손불초등학교(신광면→손불면)
35.145232	129.067013	50	F	3	전포대로	BNK부산은행본점 맞은편(문현교차로→문전교차로)
35.146061	128.984811	30	F	3	대동로	학장초등학교 맞은편(어린이보호구역,학장교→학감사거리)
35.146437	129.006514	30	F	1	주례로	동서대학교 글로벌빌리지 맞은편 (어린이보호구역,동주초교)
35.147601	129.028062	30	F	3	엄광로	가야벽산유치원앞(어린이보호구역,가야벽산상가→신화빌라)
35.147781	129.034534	30	F	3	엄광로	이디야커피앞(어린이보호구역,가산초교)
35.147831	129.034494	30	F	3	엄광로	이디야커피 맞은편(어린이보호구역,가산초교)
35.148064	128.999972	50	F	1	동주로	신진정비 맞은편
35.148198	129.017713	30	F	3	엄광로	개금아이파크@ 213동앞((어린이보호구역,주례초교)
35.148248	127.317652	50	F	1	대황강로	태평삼거리(압록→석곡IC)
35.148255	128.668982	30	F	1	제황로	제황초등학교 (충무동→진해만)
35.148257	129.024304	30	F	3	엄광로	가야동원@2동 앞(가평초교)
35.148272	128.668965	30	F	2	제황로	제황초등학교 (진해만→충무동)
35.148347	129.095369	80	E	2	번영로	대연램프 종점 1,2차로(원동IC→문현터널)
35.148942	129.096099	80	S	1	번영로	광안터널 60M전 시점 1,2차로(문현터널→원동IC)
35.148987	126.771655	30	F	2	선운로	선운초 → 선운해광A
35.148989	127.318256	60	F	2	대황강로	곡성군 죽곡면 태평리 449-1 태평삼거리(압록→석곡IC)
35.149311	129.092187	50	E	1	황령대로	황령터널 출구 250M후 종점 3차로
35.149794	129.091002	50	S	1	황령대로	황령터널 입구 시점 1,2차로
35.150266	129.055514	50	F	3	범천로	부산진초등학교 앞
35.150362	129.069053	50	E	1	황령대로	황령터널 출구 종점 1,2차로
35.150362	129.069053	50	S	1	황령대로	황령터널 입구 시점 1,2차로
35.150474	129.062234	70	S	1	동서고가로	황령램프 1·2차로(감만동→서부산IC)
35.150665	128.837692	30	F	3	과학산단2로20번길	녹산초등학교정문 맞은편(어린이보호구역, 녹산유치원→삼정@)
35.150739	128.945765	30	F	3	맥도강변길	배영초등학교앞(어린이보호구역,맥도강→공항로)
35.150759	128.835961	30	F	3	과학산단2로20번길	녹산유치원앞R(어린이보호구역, 삼정그린코아@→지사파출소)
35.150791	128.982213	70	E	1	동서고가로	감전램프 진출부(감만동→서부산IC)
35.150891	128.945353	30	F	3	맥도강변길	배영초등학교 맞은편(어린이보호구역,공항로→맥도강)
35.150977	129.048376	30	F	3	엄광로	e편한서면더센트럴@106동앞(어린이보호구역,선암초교→순복음범천교회)
35.151451	126.845962	30	F	1	상무자유로	여성발전센터4 → 무각사3
35.151616	126.865802	60	F	1	상무대로	공항 방면
35.151739	129.034907	30	F	3	대학로46번길	태경부동산앞
35.151901	128.976739	50	F	3	가야대로	감전지구대
35.151989	128.880965	60	F	3	가락대로	렛츠런파크 앞
35.152532	126.880708	60	F	1	상무대로	쌍촌역 → 돌고개역
35.152611	129.008884	50	F	3	백양대로	보훈골프랜드 맞은편
35.152808	126.898915	30	F	1	경열로	돌고개 → 유동4
35.152812	129.009087	50	F	3	백양대로	보훈골프랜드
35.152846	127.319091	30	F	1	오죽로	곡성군 죽곡면 축곡초교(상행)
35.152936	127.319122	30	F	1	오죽로	죽곡초등학교 (면사무소→태평2교)
35.152979	127.319009	30	F	2	오죽로	곡성군 죽곡면 축곡초교(하행)
35.152983	129.011088	30	F	3	백양대로	주양초등학교운동장 입구(어린이보호구역,주례센텀@→동서고가)
35.153031	127.318940	30	F	2	오죽로	죽곡초등학교 (태평2교→면사무소)
35.153342	128.812298	80	F	3	웅장로	지사IC
35.153408	129.025166	50	F	3	가야대로	성원상떼뷰@앞 교차로
35.153784	129.044567	30	F	3	엄광로	가남초교 정문 맞은편(어린이보호구역,가야아파트→범천동)
35.153805	129.044318	30	F	3	엄광로	가남초등학교 앞
35.154181	126.731362	80	F	1	어등대로	영광 → 호남대
35.154439	129.021479	50	F	3	가야대로443번길	개금초등학교 맞은편 (어린이보호구역)
35.154531	129.021325	50	F	3	가야대로443번길	개금초등학교앞(어린이보호구역)
35.154575	127.801832	50	F	1	청학로	지리산청학농협 청암지점 (하월마을,횡천면→청암면사무소))
35.154588	129.052326	50	F	3	신천대로	도시공사 150m 앞
35.154597	129.068543	30	F	3	동성로46번길	서면아이파크1단지 상가 앞
35.154610	127.801775	50	F	2	청학로	지리산청학농협 청암지점 (청암면사무소→하월마을,횡천면)
35.155106	126.844348	30	F	1	상무시민로	상무시민공원 → 시청로
35.155260	126.916403	30	F	1	구성로	광주고 → 동부소방서
35.155799	128.139957	80	F	2	진마대로	원촌교차로 앞
35.156036	128.665139	40	F	2	연구단지로	진해여좌지구(진해고→중앙삼거리)
35.156053	126.936305	30	F	2	무등로	산수5 → 지산유원지
35.156058	126.936311	30	F	1	무등로	지산유원지 →산수5
35.156095	129.045021	50	F	3	가야대로	새마을금고앞
35.156189	128.066640	80	F	1	경서대로	모산교차로
35.157255	126.498516	30	F	2	신광중앙길	신광초등학교(신광교회→신광면사무소)
35.157351	129.113251	50	F	3	수영로	장대골교차로
35.157374	128.658165	30	F	2	영서로	여명경로당 (장복터널→북원로터리)
35.157409	128.658241	30	F	1	영서로	여명경로당 (북원로터리→장복터널)
35.157722	129.108111	30	F	3	호암로	광안에일린의뜰@103동앞(어린이보호구역,호암초교)
35.157742	129.108168	30	F	3	호암로	맞은편(어린이보호구역,호암초교)
35.157819	126.847501	30	F	1	치평로	운천초 → 내방로
35.159220	126.715350	80	F	2	영광로	영광방면
35.159303	128.708848	70	F	2	제2안민로	석동터널 (창원→진해)
35.159601	128.709655	80	S	2	진해산업로	진해터널 입구 시점 (진해→부산)
35.159677	126.500578	80	F	1	함영로	(함평→영광)
35.159979	126.780683	60	F	2	동곡로	평동산단방면
35.160011	129.162446	50	F	3	해운대해변로	이벤트광장 앞
35.160360	126.924470	30	F	2	무등로	광주역 → 산수5
35.160750	128.706661	80	E	1	진해산업로	진해터널 출구 종점 (부산→진해)
35.161011	129.034272	30	F	3	백양대로136번길	당평초등학교앞(어린이보호구역)
35.161022	129.064092	30	F	3	동성로	동원오피스텔 맞은편(어린이보호구역, 전포초교, 전포대로→부전역)
35.161101	129.029661	30	F	3	백양관문로	금란유치원앞(어린이보호구역)
35.161119	126.826978	80	F	1	무진대로	운수IC → 광천터미널
35.161162	127.339208	60	F	2	대황강로	전라남도 곡성군 죽곡면 남양리 남양마을 앞(하행)
35.161252	127.339141	50	F	2	대황강로	남양마을(와룡체육공원→면사무소)
35.161257	126.913453	30	F	2	중흥로	제봉로 → 독립로
35.161727	126.810271	80	F	2	무진대로	무안방면
35.161742	126.833791	80	F	2	무진대로	광천터미널 → 운수IC
35.161845	129.030702	50	F	3	백양관문로	광무여중앞
35.162024	128.917508	100	S	3	남해고속도로제2지선	15.1K 가락IC 2km전 시점 3,4차로
35.162048	126.801208	80	F	1	무진대로	광주청방면
35.162049	128.111612	30	F	1	가호로44번길	정촌초등학교 어린이보호구역(개양변전소→남부산림과학관)
35.162211	129.113911	50	F	3	수영로	광안1치안센터앞
35.163151	128.991009	50	F	3	백양대로	유미자원 앞
35.163154	126.674157	80	F	1	영광로	영광 → 호남대
35.163189	129.136315	50	F	3	해운대해변로	엑소디움@ 앞
35.163290	127.649075	60	F	2	섬진강대로	검두마을 (구례→남해)
35.163368	129.186547	30	F	3	청사포로	광덕어린이집(어린이보호구역,청사포입구R→청사포)
35.163709	128.824114	40	F	3	율하5로	장유동 율하행복주택3단지 304 동 앞
35.163928	129.160682	30	F	3	중동1로	푸르지오더원1번게이트앞
35.164144	126.855653	60	F	1	빛고을대로	동림IC → 금호동
35.164401	128.912879	50	F	3	제도로	제도로 중곡마을입구
35.164521	129.142287	50	F	3	해운대로	승당삼거리(벡스코→해운대)
35.164868	128.828714	30	F	3	율하5로	장유동 율산초등학교앞(장유동 871)모산중학교 사이 인도
35.164895	126.812436	30	F	2	월곡산정로	월곡중 → 무진대로
35.165066	126.883712	60	F	1	죽봉대로	신세계백화점 방면
35.165176	126.851510	30	F	2	유덕로	유덕2R → 광주천
35.165285	129.143353	30	F	3	해운대로469번길	해림초등학교(어린이보호구역, 동백역→해운대공고)
35.165363	128.682874	80	F	1	진해산업로	경화IC 앞(부산→진해)
35.165393	128.683222	80	F	2	진해산업로	경화IC 앞(진해→부산)
35.165439	129.162905	30	F	3	중동2로	롯데캐슬스타103동앞
35.165458	129.166654	30	F	3	해운대해변로	중동두산위브@ 103동앞(해운대초교)
35.165734	127.249852	50	F	2	곡순로	연동마을(석곡→옥과)
35.165876	128.975682	80	F	3	강변대로	강변대로→낙동대로 연결로 접속지점
35.165931	128.823543	30	F	3	율하로	장유동 율하회전교차로(S오일주유소 앞)
35.166002	128.831470	30	F	3	율하5로	장유동 원메이저힐스테이트아파트(213동 앞)
35.166206	126.869599	50	F	1	칠성로	광천e편한세상 → 극락초
35.166230	127.448365	60	E	2	섬진강로	구간 종점 (곡성→순천)
35.166321	129.171534	50	F	3	해운대해변로	해운대동일스위트@ 앞 교차로
35.166351	126.937249	50	F	1	삼정로	두암그린파크A → 두암무등파크3차
35.166386	129.048351	50	F	3	동평로	시민공원삼정그린코아@입구(당감동→부암교차로)
35.166557	126.936069	30	F	2	탁영로	두암주공3차 → 두암중
35.166948	129.157523	30	F	3	우동1로	해운파크맨션A동앞(어린이보호구역,백조어린이집,해동초교→우1치안센터)
35.167304	128.827070	40	F	3	율하로	장유동 모산초등학교입구(장유농협 옆)
35.167424	129.032956	30	F	3	백양순환로	성복교회앞(당감4동주민센터→개금여중)
35.168193	128.044524	30	F	2	판문로	평거초등학교(평거초등학교→판문천수변공원)
35.168228	129.183935	30	F	3	좌동순환로311번길	좌산초등학교정문앞
35.168330	127.133514	30	F	1	이양로	아산초등학교(곡성→치안센터)
35.168370	127.132478	30	F	3	학천길	아산초등학교
35.168371	129.027392	60	E	1	관문대로	백양터널 출구 400M후 종점 3,4차로 (백양터널TG→가야고가교)
35.168386	127.133625	30	F	1	학천길	아산초등학교(곡성→화순)
35.168392	128.830045	30	F	3	율하로	장유동 원메이저힐스테이트아파트 사거리 207동 앞
35.168609	129.035953	30	F	3	당감서로	금강헬씨랜드 앞(동평초교)
35.168706	128.980141	30	F	1	운산로	괘법한신유치원 맞은편(어린이보호구역)
35.169044	126.836600	30	F	1	유덕로	광신대교 → 유덕2R
35.169100	128.225477	30	F	2	진성로	진성초등학교(진성ic→고성,영오)
35.169232	128.576970	60	F	2	드림베이대로	가포신항(1,2차로) (가포신항터널→가포신항)
35.169302	128.576927	60	F	2	드림베이대로	가포신항(3,4차로) (가포신항터널→가포신항)
35.169608	128.988592	50	F	3	백양대로	신라대입구 교차로
35.169735	128.286784	30	F	1	동부로	반성초등학교
35.169983	129.103421	30	F	3	망미로30번길	부산배화학교(어린이보호구역,망미성당→솔빛학원)
35.170261	128.823027	30	F	3	율하숲길	장유동 율하2지구PC-004지점(롯데슈퍼 앞)
35.170281	129.026447	60	S	2	관문대로	백양터널 입구 시점 1,2차로 (가야고가교→백양터널TG)
35.170504	128.162595	30	F	1	소문길	문산초등학교 (남동마을→코아루아파트)
35.170539	128.162595	30	F	2	소문길	문산초등학교 (코아루아파트→남동마을)
35.170565	128.161769	30	F	1	월아산로	문산초등학교(고성,금곡→문산ic)
35.170609	126.897398	60	F	1	서암대로	동운고가방면
35.170767	129.067537	50	F	3	거제대로	대원칸타빌 앞
35.170924	129.037835	30	F	3	당감로	롯데캐슬라센트@203동앞(어린이보호구역,전원유치원,협성아파트→당감사거리)
35.171397	126.614251	80	F	2	함장로	용산교차로(함평→장성)
35.171623	128.814939	30	F	3	율하3로	율하동 율하유적공원삼거리
35.171689	126.900137	50	F	1	용봉로	신안교방면
35.171696	127.641104	60	F	1	섬진강대로	중기마을 (남해→구례)
35.171746	128.824645	30	F	3	율하6로	장유동 율하2지구상가(장유율하스포츠센터 세라젬웰카페 앞)
35.171885	128.813471	30	F	3	율하2로97번길	율하동 모아미래도 606동 앞(CU편의점 맞은편)
35.171937	129.135991	30	F	1	해운대해변로349번길	강동초등학교 맞은편 (어린이보호구역)
35.172059	128.619641	80	S	1	남해안대로	귀산터널 입구 1,2차로 시점(마창대교→부산)
35.172249	129.059524	50	F	3	동평로	화인@102동앞(하마정교차로→연지삼거리)
35.172319	129.108841	50	F	1	과정로	수영구선거관리위원회 앞
35.172364	128.137079	30	F	2	영천강로119번길	무지개초등학교 (다비치리조트→대곡중학교)
35.172408	128.808075	30	F	3	율하2로58번길	율하동 율하초등학교(해법수학 앞)
35.172490	128.327701	30	F	1	오봉산로	이반성초등학교 (용암리→장안리)
35.172500	126.614576	80	F	1	함장로	용산교차로(장성→함평)
35.172552	128.824093	40	F	3	율하뜰천길	장유동 장유율하2지구 PC-001지점
35.172709	128.327798	30	F	2	오봉산로	이반성초등학교 (군북→이반성면사무소)
35.172854	129.147762	70	S	1	장산로	장산1터널 80M전 시점 1,2,3차로(광안대교→대천램프)
35.172911	128.149431	30	F	1	사들로60번길	충무공초등학교 후문 (병설유치원→사들로)
35.173002	129.147552	70	E	2	장산로	장산1터널 100M후 종점 1,2,3차로(대천램프→광안대교)
35.173055	129.030163	30	F	3	백양산로53번길	백양산한가족 맞은편(어린이보호구역,동원초교)
35.173100	128.092042	30	F	1	진주대로815번길	주약초등학교(경상대병원→주약동삼거리,진양호)
35.173642	128.979258	30	F	1	삼덕로	삼덕초등학교 정문(어린이보호구역)
35.173732	129.114506	30	F	3	수미로	한신제빙기 맞은편(어린이보호구역,망미초교)
35.174021	129.166112	30	F	3	대천로67번길	양운초등학교(양운초R→외국인학교)
35.174121	126.872083	30	F	2	동운로	운암블루시안1차 → 운암벽산2차A
35.174144	127.629280	60	F	1	계동길	구 매화랜드 앞 도로
35.174167	128.989781	30	F	3	덕상로	덕상초등학교 정문 맞은편(어린이보호구역,사상도서관→벽산신익@)
35.174213	128.066728	30	F	1	신평공원길47	신진초등학교 정문 (신안녹지공원→배영초등학교)
35.174335	128.825769	40	F	3	율하7로	장유동 장유율하2지구 PC-011지점
35.174345	129.089991	50	F	3	연수로	연산힐스테이트@ 101동 맞은편
35.174375	128.066810	30	F	1	신평공원길57번길	신진초등학교 정문 (진주제일중학교 정문 → 평거행정복지센터)
35.174452	128.989808	30	F	3	덕상로	덕상초등학교 정문앞(어린이보호구역,벽산신익@→사상도서관)
35.174612	128.065338	30	F	1	평거로	신진초등학교(진양호→신안동,진주교육대)
35.174946	128.102015	30	F	2	공단로	가람초등학교(남강3로삼거리,진주성→송림공원,상평공단)
35.174966	129.070341	30	F	3	동평로405번길	양정초등학교앞R(어린이보호구역)
35.175095	129.111493	30	F	3	망미번영로	명성유치원앞(어린이보호구역,망미초교)
35.175097	126.847841	50	F	2	하남대로	흑석4방면
35.175386	129.081482	50	F	3	연수로	E마트 연제점앞
35.175691	126.876819	30	F	1	서강로54번길	서영대 → 화운로
35.175849	126.876610	30	F	2	서강로54번길	화운로 → 서영대
35.175852	126.865456	30	F	2	유림로160번길	광신프로그레스A → 죽림주공A
35.176108	128.066454	30	F	2	평거로	배영초등학교(신안동,진주교육대→진양호)
35.176284	129.164981	70	S	2	장산로	우동지하차도 150M전 시점 1,2,3차로(대천램프→광안대교)
35.176432	129.165212	70	E	1	장산로	우동지하차도 200M후 종점 1,2,3차로(광안대교→대천램프)
35.176568	127.352491	50	F	2	대황강로	북소마을앞 (남양→용정)
35.176606	126.891361	30	F	2	운용로	경신여고4 → 설죽로
35.176786	128.129640	60	F	2	남강로	극동스틸(남강로) (초전→김시민대교)
35.176806	126.603500	30	F	1	해삼로	해보초등학교(해보교차로→문장터미널)
35.176855	129.102177	30	F	3	배산중로	배산초등학교(어린이보호구역)
35.176957	127.542957	30	F	2	간전중앙로	간문초정문(면사무소→효곡)
35.177035	126.603503	30	F	1	해삼로	해보초등학교(문장터미널→해보교차로)
35.177155	127.542964	30	F	1	간전중앙로	간문초등학교(간전파출소-대평마을)
35.177287	127.629567	60	F	2	섬진강매화로	매화랜드부근(다압면→구례군)
35.177451	127.026957	30	F	2	가사문학로	남면초등학교앞(화순→광주호)
35.177456	127.026855	30	F	2	연천길	남면초등학교(광주호→화순)
35.177748	129.112799	80	E	1	번영로	망미램프 300M전 종점 1,2차로(문현터널→원동IC)
35.177814	126.922912	30	F	1	면앙로	무등도서관4 → 문흥초
35.177951	128.816243	30	F	3	관동로	관동동 관동초등학교(서희공인중개사, 24시동네점빵 앞)
35.177986	128.790652	30	F	3	팔판로	관동동 김해신안초등학교(GS25시 앞)
35.178111	126.633472	30	F	2	밀재로	월야초등학교(월야우체국→월야초)
35.178340	126.743500	90	E	2	빛가람장성로	본덕IC → 장성
35.178554	126.858527	80	F	2	빛고을대로	계수4 → 동림IC
35.178678	128.975255	80	F	3	강변대로	삼락강변체육공원앞
35.178771	129.084189	30	F	3	월드컵대로47번길	연산초등학교후문(어린이보호구역,중앙천로→월드컵대로)
35.179126	128.989445	30	F	1	덕상로	모덕유치원앞(어린이보호구역)
35.179204	126.723130	30	F	1	용진로	삼도초 → 본량R
35.179219	126.723183	30	F	1	용진로	본량R → 삼도초
35.179383	127.882487	30	F	1	주포중앙길	옥종초등학교 (옥종,옥종농협→미산교차로,수곡)
35.179539	126.819175	50	F	2	하남대로	무등경기장 → 흑석4
35.179541	126.629186	30	F	2	밀재로	명성어린이집(월야보건소→월야초)
35.179865	128.084205	30	F	2	천수로	망경초등학교(서진주ic,천수교삼거리→진주ic,주약철도건널목삼거리)
35.180668	126.936771	50	F	1	군왕로	서희스타힐스A → 문화초교
35.180978	126.588900	60	F	1	신해로	국군통합병원앞(신광면→해보면)
35.181049	128.777245	70	E	2	창원대로	창원터널 출구 1.8km 장유방면 (종점 3차로)
35.181378	126.832761	90	F	2	제2순환로	유덕IC → 산월IC
35.181624	128.990413	50	F	3	덕상로	모덕초등학교 정문 맞은편
35.181641	128.988435	50	F	3	백양대로	무학@앞
35.181659	128.691672	80	F	2	남해안대로	성주사교차로 전방 (완암IC→성주사교차로)
35.181859	127.920647	60	F	2	옥수로	창촌마을앞
35.181884	128.990485	30	F	1	덕상로	모덕초등학교 정문(어린이보호구역)
35.181913	128.069506	30	F	2	평거로	신안초등학교(진주교대→신안녹지공원)
35.182080	128.831974	30	F	3	장유로	신문동 관광유통단지스포츠센터
35.182150	128.764563	70	S	1	금관대로	창원터널 입구 창원방면 (시점 3차로)
35.182272	128.149367	30	F	2	사들로	갈전초등학교(속사리→혁신도시)
35.182426	126.834553	30	F	1	목련로382번길	중흥A → 선광학교입구R
35.182517	126.586148	60	F	1	신해로	(금계리→국군함평병원)
35.182524	128.979214	50	F	1	모덕로	부산솔빛학교 맞은편(어린이보호구역)
35.182527	126.839918	30	F	2	수등로258번길	선광학교 → 수등로
35.182600	127.465400	80	F	2	산업로	구례휴게소부근(순천→남원)
35.182662	127.465391	80	F	2	산업로	구례휴게소부근
35.182904	128.219636	100	F	2	남해고속도로	남해고속도로 81K 부산방면
35.183132	128.976156	50	F	3	낙동대로	사상양수장교차로
35.183247	129.050809	50	F	3	월드컵대로	부산시립시민도서관
35.184268	128.833610	30	F	3	칠산로	신문동 장유롯데물류센터 맞은편 주차장 입구
35.184511	129.118711	60	F	3	센텀동로	센텀동로 수영강변지하차도 상부교차로
35.185207	129.115256	80	S	2	번영로	부산환경공단 소화조앞 시점 1,2차로(원동IC→문현터널)
35.185243	129.003751	60	S	1	관문대로	백양터널 입구 시점 1,2차로 (백양터널TG→가야고가교)
35.185263	128.117142	50	F	1	대신로	하이마트 앞
35.185876	129.002718	60	E	2	관문대로	백양터널 출구 종점 3,4차로 (가야고가교→백양터널TG)
35.185891	129.051919	60	E	2	함박봉로	만덕초읍터널출구 300m 후 종점1,2차로(만덕동→초읍동)
35.185970	126.820800	60	F	2	임방울대로	운남지구 → 첨단
35.186003	128.638478	60	F	1	진해대로	장복ic (장복터널→신촌광장)
35.186014	128.715982	80	F	1	남해안대로	천선터널 입구 (부산→고성)
35.186025	128.797768	30	F	3	대청로	대청동 대청프라자 사거리
35.186075	129.125455	30	F	3	재반로	NH농협은행(재송초등학교)
35.186150	126.870109	60	F	2	북문대로	보건대 방면
35.186367	128.991573	50	F	1	모라로	신모라교차로 50M전
35.186451	128.709160	70	F	1	제2안민로	석동터널 (진해→창원)
35.186727	128.801975	30	F	1	반룡로	석화꽃무지풀 유치원 (부영9차삼거리→장유병원사거리)
35.186843	126.868189	30	F	1	동림용산로	동림주공4차A → 동림지구앞R
35.186850	128.802441	30	F	2	반룡로	석화꽃무지풀 유치원 (장유병원사거리→부영9차삼거리)
35.186961	128.561680	50	F	1	3.15대로	월남동성당 앞(경남대학교→합포구청)
35.187047	128.090320	30	F	2	강남로227번길	천전초등학교(망경동육거리,진양호→문화예술회관)
35.187159	127.414692	60	S	1	섬진강로	구간 시점 (곡성→순천)
35.187449	129.051265	60	F	1	함박봉로	만덕초읍터널 입구(초읍동→만덕동)
35.187718	129.107327	50	F	3	과정로	토곡사거리
35.187722	128.269787	50	F	2	사군로	사봉초등학교(지수→진주,고성)
35.187845	128.790286	70	F	2	금관대로	대청휴게소 앞 (창원→김해)
35.187862	128.270340	50	F	2	진산로	사봉초등학교 (진성→함안)
35.187963	126.867598	30	F	2	동림용산로	동림주공4차 → 동림주공3차
35.188437	128.089306	50	F	2	강남로	예술회관 부근
35.188669	128.117936	30	F	2	모덕로	도동초등학교(도동초교사거리→한국폴릭텍7대학)
35.188871	128.243963	50	F	2	동부로	대흥마을 (사봉,군북→진성ic)
35.188939	127.622103	60	F	1	섬진강대로	화개삼거리 (하동→구례)
35.188953	127.622064	60	F	2	섬진강대로	화개삼거리 후면 (구례→하동)
35.189180	128.866650	30	F	1	화목로	김해은혜학교 (은혜학교→부산신항)
35.189215	128.866575	30	F	2	화목로	김해은혜학교 (은혜학교→부원동)
35.189729	128.987259	80	F	3	관문대로	양산·하단 방향 출구 500M 전방
35.189910	128.562470	50	E	1	3.15대로	반월동주민센터 앞
35.189995	129.118551	30	F	3	해운대로76번길	송수초등학교 앞
35.190173	128.063048	30	F	2	평거로	촉석초등학교(명석면,산청→진주교육대,진주여중)
35.190247	128.726272	70	S	2	창원대로	창원터널 입구 장유방면 (시점 3차로)
35.190317	126.855485	60	F	2	북문대로	운암4 → 보건대
35.190374	128.694609	60	F	2	성주로	안민교삼거리 (대방동→성주사)
35.190515	128.062940	30	F	1	평거로	촉석초등학교(진주교육대,진주여중→명석면,산청)
35.190545	127.133465	30	F	1	백아로	원리교회 부근 (원리교회→원리교)
35.190563	129.204872	30	F	3	송정로	송정휴먼시아 201동앞
35.190814	127.133560	30	F	2	백아로	원리교 부근 (원리교→원리교회)
35.190834	127.463850	60	F	1	구례로	오봉승강장앞(구례구역→구례읍)
35.190977	129.123288	30	F	3	해운대로81번길	신재초등학교 앞
35.191220	127.502220	60	F	2	수달생태로	문척면 금정리 825-3(간전→문척방향)
35.191233	127.502179	60	F	1	수달생태로	(간전면→문척면)
35.191302	129.094783	30	F	3	신금로	노블레스스퀘어앞(어린이보호구역,연신초교,온천천→연동시장)
35.192011	126.876892	50	F	1	하서로	광주박물관방면
35.192602	128.720243	70	E	1	창원대로	창원터널 출구 1.4km 창원방면 (종점 1,2차로)
35.192676	128.720162	70	E	2	창원대로	창원터널 출구 1.4km 창원방면 (종점 3차로)
35.192695	127.489694	30	F	2	수달생태로	문척초정문(구례읍→간전)
35.192712	127.490062	30	F	1	수달생태로	문척초등학교(군청→문척우체국)
35.193224	128.123017	30	F	2	하대로	선학초등학교(환경시설관리공단,남강→선학사거리,진주경찰서)
35.193259	128.123483	30	F	2	하대로	선학초등학교(선학사거리,진주경찰서→환경시설관리공단,남강)
35.193680	128.077355	50	F	2	진주성로	진주초등학교(합천,집현면→진주성,진주ic)
35.193687	126.893657	30	F	2	초당로	매곡로 → 광주교회
35.193715	128.077414	50	F	1	진주성로	진주초등학교(진주성,진주ic→합천,집현면)
35.193754	129.066773	50	F	3	아시아드대로	쌍용@앞
35.193939	129.115832	50	F	3	해운대로	원동교차로
35.193978	127.835126	50	F	2	돌고지로	갈성마을(회신삼거리→위태삼거리)
35.193996	127.835100	50	F	1	돌고지로	갈성마을(위태삼거리→회신삼거리)
35.194262	128.963566	70	F	3	공항로	등구마을입구
35.194331	127.478224	60	F	1	수달생태로	구성마을앞(군청→문척면)
35.194341	129.094873	30	F	3	안남로	안민초등학교 앞
35.194528	126.588638	80	F	1	영광로	밀재터널앞(광주→영광)
35.194584	127.477827	60	F	3	수달생태로	구성교차로(양방향)
35.195395	129.010039	30	F	3	시랑로	가마치통닭 구포점앞(어린이보호구역,포천초교→백양빌라)
35.195478	129.077316	30	F	3	교대로	부산교육대학교정문(어린이보호구역,부산교육대부설초교,부산법원→거학초교)
35.195561	129.011116	30	F	3	시랑로	승우빌라앞(어린이보호구역, 포천초교, 태평양@→구포지구대)
35.195618	128.557518	60	F	1	무학로	화인아파트앞 교차로(고성방면)
35.195968	128.567008	50	S	1	3.15대로	마산문화원 앞
35.196132	129.007918	30	F	3	시랑로	포천초등학교 앞
35.196167	127.375111	50	F	2	섬진강로	압록보건진료소 앞(구례→곡성)
35.196180	127.375104	40	F	2	섬진강로	곡성군 오곡면 압록리 597 압록보건진료소 앞(구례→곡성)
35.196978	127.526300	30	F	1	섬진강대로	토지초등학교앞(구례→하동)
35.197018	128.716679	30	F	1	삼정자로	창원시립남산어린이집 후면 (경상대병원→프리빌리지2차)
35.197393	128.054460	60	F	1	진주대로	유곡교차로 산청방면
35.197463	128.054353	60	F	2	진주대로	유곡교차로 진주방면
35.197507	129.069012	30	F	3	여고로51번길	여고초등학교 앞
35.197769	128.895514	80	F	3	동서대로	서김해IC 진출부
35.197928	128.114340	30	F	2	초전남로	금성초등학교 (금성초교→진주초전푸르지오1단지)
35.198042	128.114294	30	F	2	초전남로	금성초등학교 (초전동→하대동)
35.198100	127.568900	60	F	1	섬진강대로	구례→하동
35.198138	127.568901	60	F	2	섬진강대로	섬진강대로(구례→하동)
35.198171	128.235732	100	F	1	남해고속도로	남해고속도로 84.2K 순천방면
35.198200	128.099236	50	F	1	진산로	선덕사 앞(합천,의령→진양호)
35.199313	128.563435	30	F	2	고운로	완월초등학교 (마산고→고운로사거리)
35.199343	126.499506	60	F	2	함영로	황산마을입구(영광→함평)
35.199705	128.713381	80	F	2	해원로	해원로 유니온빌리지앞
35.199791	128.070687	30	F	2	의병로	봉원초등학교 (집현면,봉원중→진주보건대학)
35.199795	128.070713	30	F	1	의병로	봉원초등학교(진주보건대학→봉원중,집현면)
35.199995	129.080131	30	F	3	온천천로	수안초등학교 정문(어린이보호구역)
35.200152	129.116531	60	F	3	수영강변대로	센텀대림아파트 앞
35.200218	127.602124	60	F	1	섬진강대로	외곡삼거리(군청-하동화개장터)
35.200280	127.602588	60	F	1	섬진강대로	외곡삼거리(하동→구례)
35.200396	127.931426	30	F	1	곤수로	수곡초등학교 (사곡리→수곡삼거리)
35.200452	129.055533	30	F	3	쇠미로	사직초등학교앞R
35.200464	127.601509	60	F	2	섬진강대로	외곡삼거리(구례읍→화개방향)
35.200497	127.931480	30	F	1	곤수로	수곡초등학교(진주,완사→단성ic)
35.200577	128.969228	70	F	3	공항로	신덕마을입구
35.201071	128.562668	30	F	1	심온길	완월초등학교 (무학초교→마산고)
35.201117	127.517737	60	F	1	섬진강대로	오미사거리(하동→구례)
35.201173	128.562672	30	F	2	심온길	완월초등학교 (마산고→무학초교)
35.202034	126.865478	80	F	2	빛고을대로	계수4 → 북광주IC
35.202066	128.653847	80	E	1	남해안대로	완암터널 출구 3차로 종점(마창대교→부산)
35.203305	129.033407	30	F	3	함박봉로140번길	신덕초등학교 앞 교차로(어린이보호구역, 만덕고→만덕119센터)
35.203479	129.129505	30	F	3	재반로	반여초등학교 맞은편(반여도서관→인지중학교)
35.203607	128.904154	50	F	3	식만로	가락어린이집(어린이보호구역, 식만교→오봉삼거리)
35.203952	129.000618	50	F	3	백양대로	쌍용자동차 앞(어린이보호구역, 구포초교, 구명역→구포초R)
35.204029	128.904707	50	F	1	식만로	가락어린이집 맞은편(어린이보호구역)
35.204251	127.464356	30	F	2	봉성로	중앙초정문(군청→경찰서)
35.204306	126.573778	80	E	1	영광로	밀재터널앞 구간종점(영광→함평)
35.204421	128.126962	60	F	1	남강로	노인통합지원센터 (진주→산청)
35.204586	127.500713	50	F	1	섬진강대로	하사마을입구(피아골→구례)
35.204606	127.467068	50	F	2	구례로	식자재마트앞
35.204965	129.033391	60	S	1	함박봉로	만덕초읍터널 입구 시점 1,2차로(만덕동→초읍동)
35.204969	128.443942	60	F	1	진함로	두곡마을 (진동→함안)
35.205037	127.464382	30	F	2	봉성로	중앙초병설유치원(군청→경찰서)
35.205117	127.466013	30	F	2	중앙초등길	중앙초등학교(경찰서→중앙초)
35.205247	129.086254	30	F	1	동래로	예능어린이집앞(어린이보호구역,내성초교→동래향교)
35.205291	128.810773	30	F	3	능동로	무계동 장유초등학교(종합광고디자인 앞)
35.205432	128.709541	30	F	2	창이대로899번길	대암초등학교 (대방ic교차로→안남중학교)
35.205599	127.875191	60	F	1	옥단로	가종마을 (하동→산청)
35.205664	127.875180	60	F	2	옥단로	가종마을 (산청→하동)
35.205888	128.113602	30	F	1	대신로	초전초등학교 (초전초등학교→초장동행정복지센터)
35.205888	128.113624	30	F	2	대신로	초전초등학교 (초장동행정복지센터→초전초등학교)
35.205925	129.118888	30	F	3	삼어로	송보자유@후문출구(어린이보호구역,삼어초교)
35.206088	128.815548	50	F	3	내덕로	내덕동 내덕중학교(쉐보레정비소 앞)
35.206234	128.817945	30	F	1	내덕로86번길	해돋이유치원 (무계지하차도→내덕중학교)
35.206243	128.817945	30	F	2	내덕로86번길	해돋이유치원 (내덕중학교→무계지하차도)
35.206322	126.951103	30	F	1	석곡로	동문대로 → 청옥교
35.206363	128.800098	30	F	3	월산로	부곡동 김해부곡초등학교 사거리(월산마을부영6단지 604동 앞)
35.206519	129.034131	30	F	3	덕천로276번길	백양초교
35.207602	128.674948	60	F	2	웅남로	정동삼거리
35.208057	129.009278	50	F	3	덕천로	동성베스트빌라앞
35.208741	129.011494	50	F	3	덕천로	(어린이보호구역,화영유치원)
35.208875	129.117532	30	F	3	삼어로133번길	반여4동행정복지센터(삼어초교)
35.209040	128.434845	30	F	1	여황로	외암초등학교 (외암초등학교→여항면사무소)
35.209053	128.434850	30	F	2	여황로	외암초등학교 (여항면사무소→외암초등학교)
35.209136	128.851676	30	F	1	칠산로413번길	칠산초등학교 (동심공원,롯데아울렛→칠산서부주민센터)
35.209473	127.236800	60	F	2	곡순로	남계마을입구(삼기삼거리→석곡면)
35.209539	127.461958	30	F	2	학교길	북초교정문(천주교→택지)
35.209612	127.461959	30	F	2	학교길	북초등학교(구례군법원→공공도서관)
35.209675	128.851403	30	F	2	칠산로413번길	칠산초등학교 후면(서김해ic→롯데아울렛)
35.209837	129.209091	60	F	3	기장대로	이랴이랴 앞
35.210512	129.018641	50	F	1	덕천로	양천초등학교 맞은편(어린이보호구역)
35.210557	127.473726	50	F	2	구례로	서시교앞(하동→구례읍)
35.210675	126.507824	30	F	1	강항로	불갑초등학교(불갑사→안맹삼거리)
35.210677	126.507837	30	F	2	강항로	불갑초등학교 앞(안맹삼거리→불갑사)
35.210838	129.209281	60	F	3	기장대로	기장교차로 500m전
35.210846	129.125682	30	F	3	선수촌로	반석초등학교(어린이보호구역, 반여농산물시장→반여시장
35.210866	128.592249	60	F	1	무역로	(세우산업 앞)
35.210880	128.139567	60	F	2	월아산로	(지방도1009호) 경상농업대 부속동물사육장 (청곡사,금호교차로→금산교, 금산교차로)
35.210959	128.054947	50	F	2	하촌로	신일농원 전방 (초장동,도청서부청사→명석,명석면사무소)
35.210968	128.054593	50	F	2	하촌로	신일농원 후방 (명석,명석면사무소→초장동,도청서부청사)
35.210994	128.600297	60	F	2	무역로	(동남주유소 앞)
35.211064	128.577603	30	F	2	허당로	상남초등학교 (육호광장교차로→용마고등학교)
35.211116	126.924360	80	F	2	북부순환로	교도소 → 도동고개
35.211231	128.577157	30	F	1	허당로	상남초등학교 (합포초교→육호광장)
35.211369	128.978697	60	F	3	낙동북로	강서구청 앞
35.211774	127.236715	60	F	1	곡순로	곡성군 삼기면 노동리 585-2 남계마을입구(석곡면→삼기삼거리)
35.211851	127.236797	60	F	2	곡순로	남계마을입구(석곡면→삼기삼거리)
35.212515	129.033447	30	F	3	만덕대로290번길	해주빌라앞(어린이보호구역,백산초교,만덕사거리→천주교만덕성당)
35.212667	129.072881	30	F	3	금강로	온천초등학교앞R
35.213039	128.962435	60	F	3	낙동북로	대저역
35.213745	129.090488	50	F	3	시실로	명륜아이파크201동 맞은편
35.213789	129.108252	50	F	3	반송로	금사교차로
35.213859	128.952946	60	F	3	낙동북로	평강역 150m 전방
35.213874	129.090569	50	F	3	시실로	명륜아이파크 201동앞
35.213968	127.371548	60	F	1	섬진강로	별천지가든건너편 (기차마을→압록역)
35.214255	128.109520	30	F	2	초북로	장재초등학교 (해모로아파트2단지→해모로아파트4단지)
35.214267	126.871373	30	F	1	임방울로1041번길	첨단서희A → 임방울대로
35.214321	128.109300	30	F	1	초북로	장재초등학교(해모로아파트4단지→해모로아파트2단지)
35.214863	129.009243	70	F	2	남해고속연결도로	덕천IC 500m 후방
35.214871	129.019793	70	F	1	남해고속 연결도로	덕천IC 1.5km 전방
35.214951	129.065017	50	F	3	구만덕로	개별화물운송사업협회 앞
35.215102	129.088782	50	F	3	시실로	명륜2차아이파크@1단지 정문앞(어린이보호구역,교동초교)
35.215234	129.038161	30	F	2	상학산복길	이편한세상금정산@ 210동 앞(어린이보호구역, 상학초교)
35.215399	129.043151	50	F	3	구만덕로	만덕1터널 400m 후방
35.216254	128.680744	30	F	1	토월로43번길	외동초등학교 정문 (외동초삼거리→토월천)
35.216301	128.680574	30	F	2	토월로27번길	외동초등학교 후면 (상남동대우아파트,토월천→외동초교)
35.216376	127.232548	100	F	2	호남고속도로	호남고속도로 40.0K 시점(광주→순천)
35.216577	128.623106	60	F	2	무역로	봉암갯벌생태학습장
35.216724	128.913443	80	F	1	서낙동로	식만분기점
35.216911	129.094554	30	F	3	서동로72번길	부곡동공영주차장(어린이보호구역,서명초교,금정노인복지회관→부곡동)
35.217631	129.009535	30	F	3	의성로33번길	화정초등학교 후문(어린이보호구역, 덕천여중→의성로)
35.217700	126.549400	80	F	2	영광로	(함평→영광)
35.217989	128.040769	30	F	2	광제산로	명석초등학교 (명석면사무소→명석삼거리)
35.218002	128.143552	30	F	1	중천로	금호초등학교(고용노동부진주지청→진주푸르지오1차)
35.218036	129.038294	30	F	1	상학산복길	한솔어린이집(어린이보호구역)
35.218191	126.371541	30	F	1	칠산로2길	새염산어린이집 앞(염산중→봉양저수지)
35.218318	128.502533	30	F	2	광려로	전안초등학교(삼계대동아파트→광려중학교)
35.218988	128.579127	30	F	1	회원북성로	산호초등학교 (무학여자중학교→용마초등학교)
35.219143	129.099607	30	F	3	서부로	동성교회 맞은편(어린이보호구역,서동초교,금정구장애인복지관→서동시장)
35.219150	128.578842	30	F	1	회원동북로	산호초등학교 (산호동행정복지센터→무학여고)
35.219164	126.744618	30	F	2	고봉로	연계3 → 벽파3
35.219571	128.698120	30	F	2	두대로	대원초등학교 (우체국→대원공원)
35.219922	129.128094	50	F	3	반송로	세양물류앞
35.219971	126.367708	30	F	1	칠산로	염산초등학교(두우리→염산초)
35.220116	126.367867	30	F	1	칠산로	염산초등학교(영광전자고→염산초)
35.220158	128.697771	30	F	2	신사로	사파초등학교 (성산소방서→사파초등학교)
35.220224	126.903271	60	F	2	우치로	오치4 → 용전
35.220702	128.562314	50	F	2	무학로	교동초등학교 (마산회원구청→진동,통영)
35.221366	127.487583	30	F	2	화엄사로	청천초정문(구례읍→화엄사)
35.221843	127.486657	30	F	2	화염사로	청천초등학교(냉천삼거리-지리산한화리조트)
35.223470	126.974710	30	F	2	원등1길	고서초등학교앞(증암천→면사무소)
35.224428	129.149215	30	F	3	아랫반송로	해운대신협 앞 (어린이보호구역, 반송초교, 온누리약국→반송도서관)
35.224440	126.826200	80	F	2	북문대로	광산IC→장성
35.224621	129.227488	30	F	3	기장해안로	용암초등학교 정문 (대변항 → 무양로)
35.225114	129.208844	100	E	1	동해고속도로	7.1Km 해운대송정 TG 1km 전방종점 3차선(부산방향)
35.225829	128.272137	100	S	2	남해고속도로	남해고속도로 88.9㎞ 지수IC 시점 (순천→부산)
35.226938	129.083572	30	F	3	식물원로44번길	금정초등학교정문(어린이보호구역,금정맨션→벽산블루밍@)
35.227392	129.146454	50	F	3	반송로	영화@입구(어린이보호구역, 운송초교, 윗반송역→영산대역)
35.227625	126.499925	60	F	1	함영로	용산마을(영광→불갑)
35.227630	126.500017	60	F	2	함영로	용산마을(불갑→영광)
35.228195	128.018206	80	E	2	진주대로	용산마을 구간단속 종점 (산청→진주)
35.228223	129.077433	30	F	3	금샘로	장전교회 앞(어린이보호구역, 꿈나무유치원)
35.228928	126.650246	30	F	1	함장로	삼서초등학교 앞(삼서중→삼서보건지소)
35.229023	127.218127	100	S	1	호남선	호남고속도로 천안방향 41.9K
35.229163	126.649321	30	F	2	대곡한실길	삼서초등학교(삼서보건지소→삼서중)
35.229235	126.956509	80	F	2	죽향대로	보촌대교부근(광주→담양)
35.229249	127.238286	80	F	2	곡성로	괴티재 ic방향
35.229297	129.157851	30	F	3	신반송로	송운초등학교 앞
35.229326	128.971383	80	F	1	서낙동로	초정ic 앞
35.229405	126.837005	60	F	1	삼소로	진곡산단 → 북광주IC
35.229426	126.885701	30	F	2	하서로	양산동 → 용전R
35.229815	126.885701	30	F	1	하서로	용전R → 양산동
35.229970	126.837772	60	F	2	삼소로	북광주IC → 진곡산단
35.230093	127.454628	80	F	2	산업로	광의사거리(순천→남원)
35.231036	129.208002	100	S	1	동해고속도로	동해고속도로(부산-포항) 7.6K 해운대IC 시점 3차로
35.231081	129.116764	80	F	3	번영로	합류지점(윤산터널→원동IC)
35.231440	128.251549	30	F	1	지사로	지수초등학교 (사봉면→지수면)
35.231589	126.874725	80	F	2	빛고을대로	동림IC → 북광주IC
35.231743	129.152902	50	F	3	반송로	윗반송역
35.231893	128.569124	30	F	2	석전북2길	북성초등학교 (마산시시립석전어린이집→서마산ic교차로)
35.232608	128.588374	30	F	1	양덕천길	양덕초등학교 맞은편 (양덕광장오거리→마산동부경찰서)
35.232700	126.875517	80	F	1	빛고을대로	북광주IC → 동림IC
35.233376	128.272100	100	E	1	남해고속도로	남해고속도로 90K 종점 3,4차로 (부산→순천)
35.233429	129.089893	30	F	3	부곡온천천로	대우유치원 맞은편(어린이보호구역,장전역→부산대역)
35.233446	129.006733	60	F	3	강변대로	화명대교램프 진출부
35.233564	129.115609	80	E	1	번영로	회동분기점 종점 5차로
35.233962	128.899323	30	F	1	활천로36번길	삼성초등학교 후문 (삼성초등학교→시청)
35.234055	126.639389	70	F	1	태청로	수룡교(세련농장→유평삼거리)
35.234246	128.887324	50	F	1	분성로	동광초등학교 (제일교회사거리→활천고개사거리)
35.234313	128.650886	30	F	1	대원로57번길	대원초등학교 (어린이교통공원→시티세븐)
35.234716	128.680047	30	F	1	용호로	용남초등학교(의창도서관→경남도민의집)
35.234724	128.890150	50	F	2	분성로	활천고개삼거리 (안동공단,어방동→내외동,수로왕릉)
35.234764	128.680036	30	F	2	용호로	용남초등학교(경남도민의집→의창도서관)
35.234903	127.457662	60	F	2	매천로	지천사거리(천은사→광의사거리)
35.235184	129.110575	70	S	3	산성대로	윤산터널 입구 1,2차로
35.235184	129.110575	80	E	3	정관산업로	윤산터널 1,2차로
35.235300	127.457800	50	F	2	매천로	지천사거리(천은사→광의사거리)
35.235386	126.457743	30	F	2	군불로	군남초등학교(포천→장고)
35.235464	129.005731	60	F	3	서낙동로	대동화명대교 화명램프(김해→산성터널)
35.235475	126.853397	60	F	2	삼소로	과기원방면
35.235672	129.213114	30	F	3	차성로	공임나라앞(어린이보호구역,대청초교,대라리R→대청중)
35.235854	128.949503	30	F	1	대동로	대중초등학교 (대동ic→불암사거리)
35.235914	129.210484	30	F	3	차성서로	대청초등학교 (기장고등학교 → 대청중학교)
35.235973	128.949594	30	F	2	대동로	대중초등학교 (불암사거리→대동ic)
35.236015	127.208623	30	F	1	곡순로	곡성군 삼기면 원등리 938-2 삼기초등학교(곡성→옥과)
35.236018	127.208655	30	F	1	곡순로	삼기초등학교(옥과면→곡성)
35.236167	127.208385	30	F	1	곡순로	삼기초등학교(곡성→옥과)
35.236484	128.852116	30	F	1	분성로3번길	가야초등학교 (가야초→주촌)
35.236697	129.082968	30	F	3	금강로321번길	부산대학교부설 어린이집앞(어린이보호구역,부산대북문→장전지하차로)
35.237271	129.006899	50	F	3	강변대로	화명대교램프 진입로
35.237395	129.112796	80	S	1	번영로	오륜터널 500M전 시점 3,4차로(회동IC→구서IC)
35.237778	129.022366	60	F	3	화명대로	와석지하차도 김해방향 입구
35.238204	127.120796	30	F	2	오산로	곡성군 오산면 봉동리 348-5 오산초등학교(옥과IC→화순)
35.238243	127.120628	30	F	2	오산로	오산초등학교 (옥과IC→화순)
35.238300	127.120700	30	F	1	오산로	오산초등학교(화순→옥과IC)
35.238350	127.120590	30	F	2	오산로	곡성군 오산면 안평마을 앞
35.238655	129.210181	30	F	3	차성서로	이진캐스빌골드202동 맞은편(어린이보호구역,대청초교→기장고교)
35.239082	128.873817	40	F	2	구지로	구봉초등학교 (경원교→대성동사거리)
35.239084	126.800760	30	F	1	황토로	분향초등학교(장성읍→분향초)
35.239128	128.874759	40	F	2	구지로	구봉초등학교 (김해여중→경원교사거리)
35.239142	126.800652	30	F	1	황토로	분향초등학교(분향초→장성읍)
35.239419	127.119692	50	F	1	오산로	곡성군 오산면 안평마을 부근(상행)
35.239601	128.568311	60	F	1	성암로	합성공설묘지입구(하이트맥주→마산교도소)
35.240031	129.133554	70	F	3	정관산업로	화물차공영차고지 맞은편(개좌터널→윤산터널)
35.240800	126.430400	60	F	2	천년로	농기계임대사업소(염산면→영광읍)
35.240858	128.422136	30	F	1	함안대로	함안초등학교 (함안초등학교→함안역)
35.240880	128.422153	30	F	2	함안대로	함안초등학교 (함안역→함안초등학교)
35.240985	126.430752	60	F	2	천년로	농기계임대사업소 앞(군남파출소→염산)
35.241130	128.092820	30	F	2	사군로	집현초등학교 (집현초교→현동마을회관)
35.241410	128.592956	30	F	2	학교단지로	팔룡초등학교 (양덕중학교→삼성병원)
35.241678	128.666040	60	F	2	충혼로	창원세광교회 앞 (까치아파트→창원종합운동장)
35.242085	128.590434	30	F	2	학교단지로	팔룡초등학교 (복음요양병원→온누리청소년문화센터)
35.242167	128.582829	30	F	1	합성북16길	합성초등학교 (동마산ic→마산역)
35.242173	128.582822	30	F	2	합성북16길	합성초등학교 (마산역→동마산ic)
35.242208	128.634429	50	F	1	사화로	서울철강 (창원역↔파티마병원)
35.242225	128.980901	30	F	2	대동로	대동초등학교 (대동ic→대동초등학교)
35.242251	128.981014	30	F	1	대동로	대동초등학교 (대동초등학교→대동ic)
35.242407	129.244224	30	F	3	죽성로	죽성초등학교앞(어린이보호구역,원죽1리마을회관→죽성항)
35.242695	129.027646	80	E	3	산성대로	산성터널 출구 1,2차로
35.242695	129.027646	80	S	3	산성대로	산성터널입구 1,2차로
35.243290	128.645344	30	F	2	원이대로220번길	명곡초등학교 (원이대로→파티마병원)
35.243324	126.901738	60	F	1	하서로	광주북초교 → 용산R
35.243395	128.611050	70	F	2	팔룡터널로	팔용터널 입구 3차로 (팔용동→NC파크)
35.244052	128.900226	30	F	1	활천로	대곡초등학교 (대곡초교→인제대학교)
35.244289	127.818216	60	F	1	지리산대로	외공마을 앞 (지리산→단성면)
35.244311	126.915239	30	F	2	하서로	용산교차로 → 봉산
35.244534	126.915624	30	F	1	하서로	봉산 → 용산교차로
35.244858	129.137556	70	S	1	정관산업로	개좌터널 입구 2차로
35.244967	128.506778	30	F	3	중리공단로	상일초등학교 (내서문화체육센터→내서보건지소)
35.245025	129.012975	50	F	3	금곡대로	금곡고교앞
35.245033	128.506831	30	F	1	중리공단로	상일초등학교 (내서보건지소→내서문화체육센터)
35.245109	128.996783	50	F	1	동남로	신ㅁ2구마을
35.245167	126.521667	80	S	1	영광로	시점(영광→함평)
35.245251	129.091652	50	F	3	금정로	베비장보쌈 앞
35.245430	127.192507	40	F	2	곡순로	흥복삼거리(옥과면→삼기면)
35.245434	127.794890	60	F	2	지리산대로	점동마을(중산리→단성)
35.245460	127.794911	60	F	1	지리산대로	점동마을 (단성→중산리)
35.245581	127.192257	40	F	2	곡순로	곡성군 겸면 송강마을 앞(겸면→겸면)
35.245651	126.520819	80	F	2	영광로	(함평→영광)
35.245664	128.331590	60	F	2	사군로	하림마을 앞 (진주→군북)
35.245682	128.331590	60	F	1	사군로	하림마을 앞 (군북→진주)
35.245690	126.459030	60	F	2	천년로	(영광→염산)
35.245886	127.030476	100	F	2	호남선	호남고속도로 61.6K 천안방향
35.246557	127.115610	50	F	2	오산로	안평마을(면사무소→옥과IC)
35.246576	127.115430	50	F	1	오산로	청단마을 (옥과IC→면사무소)
35.246680	127.115440	50	F	2	오산로	곡성군 오산면 안평마을 부근(하행)
35.246878	127.896456	60	F	2	옥단로	당산후동마을 (단성→옥종)
35.247343	127.360938	60	F	1	섬진강로	곡성군 오곡면 침곡리 3-1 도깨비마을앞(압록→곡성)
35.247559	129.097088	30	F	3	체육공원로	동래초등학교입구교차로
35.247696	129.084951	50	F	3	금샘로	장서초교삼거리
35.248333	128.604000	50	F	1	팔용로	팔용로 마창자동차학원 앞
35.248429	128.754317	30	F	2	송현로	진례초등학교 (송현리→진례면행정복지센터)
35.248433	128.754344	30	F	1	송현로	진례초등학교 (진례면행정복지센터→송현리)
35.248436	127.036354	30	F	2	창평현로	만덕초등학교앞(옥과→창평)
35.248516	128.908680	30	F	1	삼안로235번길	삼방초등학교 (동원아파트사거리→인제대학교)
35.248534	128.908771	30	F	2	삼안로235번길	삼방초등학교 건너편 (인제대→동원아파트사거리)
35.248572	129.104489	80	S	1	번영로	오륜터널 입구 460M전 시점 3,4차로
35.248662	127.036692	30	F	2	창평현로	만덕초등학교앞(창평→옥과)
35.248867	129.101705	80	E	1	번영로	구서IC 300M전 종점 3,4차로(회동IC→경부고속도로)
35.249218	127.028357	100	S	3	고창담양고속도로	고창담양선 41.80k 구간 시점 (담양→고창)
35.249934	127.433072	30	F	2	용방로	용방초정문(구례읍→면사무소)
35.249989	128.644073	30	F	2	명서로	명서초등학교 (명지여고→서부경찰서)
35.250044	129.056648	30	F	3	산성로	금성초등학교입구R(어린이보호구역)
35.250212	127.787499	60	F	1	지리산대로	신천마을 (단성→중산리)
35.250236	127.787492	60	F	2	지리산대로	신천마을 (중산리→단성)
35.250459	127.432438	30	F	1	용방로	용방초등학교(구례읍→구례IC)
35.250634	129.091437	50	F	3	중앙대로	금정이마트 앞
35.251373	128.643220	30	F	1	명지로	명서초등학교 (명서초 후문→명서중 정문)
35.251504	128.643252	30	F	2	명지로	명서초등학교 (명서중 정문→명서초 후문)
35.251934	129.014007	30	F	3	효열로	금곡1차유림@101동앞(어린이보호구역,신금초교,부산지식산업센터→신금초교)
35.252337	126.729666	80	F	2	빛가람장성로	월산IC앞(장성→나주)
35.252683	128.869781	30	F	2	구산로5번길	구지초등학교 정문 (화정공원→연지공원)
35.252741	128.869926	30	F	1	구산로5번길	구지초등학교 정문 맞은편 (연지공원→화정공원)
35.252748	128.627964	50	F	2	중동남로	의창초등학교(창원역→의창구청)
35.252959	128.629133	50	F	1	중동남로	의창초등학교(의창구청→창원역)
35.253020	128.667462	30	F	2	소봉로	한들초등학교 남문 (봉림휴먼시아→봉림동행정복지센터)
35.253182	129.204756	60	F	3	반송로	동서마을입구(교리R→반송동)
35.253782	128.907466	30	F	2	인제로284번길	영운초등학교 앞(인제대→김해대)
35.254351	129.216581	30	F	3	차성로	교리초등학교 정문 (일광신도시 → 중앙사거리)
35.254855	128.508659	60	E	2	함마대로	마산대학 (함안→창원) 종점
35.255009	127.172567	50	F	1	곡순로	문화센터앞 (옥과→곡성)
35.255333	128.650832	50	F	1	태복산로	태복교 인근(봉림동휴먼시아→의창구청)
35.255526	127.172205	60	F	1	곡순로	겸면소재지
35.255627	126.906732	100	E	3	고창담양고속도로	고창담양선 30.40k 구간 종점 (담양→고창)
35.256119	126.503486	60	F	1	함영로	조정마을 앞(영광→불갑)
35.256397	126.477025	30	F	1	군서로	군서초등학교(보건소→농협)
35.256836	129.013933	30	F	1	효열로	햇빛유치원(어린이보호구역)
35.256940	128.177133	30	F	2	진의로	대곡초등학교 (광석리→가정리)
35.257015	128.176822	30	F	1	진의로	대곡초등학교(진성→대곡면사무소)
35.257440	128.765025	30	F	2	고모로327번길	대진초등학교 (진례역→주촌,장유)
35.257536	128.764897	30	F	2	고모로327번길	대진초등학교 (담안교회→하평마을)
35.257777	128.349604	30	F	1	의산삼일로	군북초등학교 (군북역→중앙삼거리, 가야, 사봉)
35.257804	128.349620	30	F	2	의산삼일로	군북초등학교 (중앙삼거리, 가야, 사봉→군북역)
35.258243	127.445149	30	F	2	광의초교길	광의초등학교(지리산참새미계곡쉼터-구례북중)
35.258500	127.445815	30	F	2	광의초교길	광의초정문(천은사→구례)
35.258732	127.780724	30	F	1	지리산대로	신천초등학교(중산리→단성면)
35.258732	127.780729	30	F	2	지리산대로	신천초등학교 (단성면→중산리)
35.258755	127.115913	100	E	1	호남선	호남고속도로 천안방향 52.4K
35.259005	129.091579	50	F	3	중앙대로	남산모터스 맞은편(금정구청→노포동)
35.259119	128.623683	30	F	2	평산로185번길	중동초등학교 삼거리 (용하사→중동지구1사거리)
35.259271	126.863787	30	F	1	불태3로	진원동초등학교(광주첨단지구→진원동초)
35.259768	126.666485	30	F	2	사창로	사창초등학교(사창사거리→사창초)
35.259811	126.666496	30	F	2	사창로	사창초등학교(사창시장→사창사거리)
35.259847	126.863884	30	F	2	불태3로	진원동초등학교(진원동초→광주첨단지구)
35.260491	127.274432	80	F	2	곡성로	곡성군 곡성읍 구원리 44-5 도림사사거리(곡성→옥과)
35.260543	126.488079	60	F	2	천년로	남동마을앞(영광읍→염산)
35.260553	127.274778	80	F	1	곡성로	곡성군 곡성읍 구원리 44-6 도림사사거리(옥과→곡성)
35.260763	126.488175	60	F	2	천년로	남동마을 앞(남죽리 교차로-영광읍)
35.261816	127.993557	80	S	2	진주대로	진주스파랜드 구간단속 시점 (산청→진주)
35.261903	129.017827	30	F	3	효열로	금곡초등학교후문 맞은편(어린이보호구역,금창초교→금곡중앙요양원)
35.262048	126.822696	30	F	2	진남1로	진원초등학교(남면→진원면)
35.262170	126.822251	30	F	1	진남1로	진원초등학교(진원면→남면)
35.262599	129.014433	50	F	3	금곡대로	금곡삼거리
35.262701	128.493204	60	S	2	함마대로	신당삼거리 후방(함안→창원) 시점
35.262730	126.661595	30	F	2	사창로	삼계어린이집(사창시장→사창2교)
35.262963	126.355229	60	F	1	백수로	(백수읍→염산면)
35.263134	127.898081	60	F	2	지리산대로	창촌삼거리 (진주,단성→지리산,시천)
35.264021	127.160895	60	F	2	곡순로	가정마을앞 (옥과→곡성)
35.264156	127.343925	40	F	1	섬진강로	곡성군 오곡면 침곡리 104-1(곡성→압록)
35.264259	128.416280	50	F	2	함안대로	백산마을 (가야읍→함안면)
35.264277	127.343647	40	F	2	섬진강로	곡성군 죽림리 리문교차로(옥과→평장)
35.264597	128.873214	30	F	2	가야로147번길	분성초등학교 (분성고,삼계로→분성초교,가야로)
35.264856	128.630399	30	F	1	의창대로 317번길	소답초등학교 정문 (소답주민운동장→도계광장)
35.265185	129.019477	30	F	1	효열로235번길	금창초등학교입구 맞은편(어린이보호구역)
35.265526	128.674012	80	F	2	해원로	정병터널 출구 (진해→북면)
35.266008	127.763590	40	F	2	삼신봉로	예치마을 (시천면→남대마을)
35.266060	126.513332	50	F	1	물무로	물무로(해룡중→학정교차로)
35.266208	128.522286	30	F	2	광려천북로	호계초등학교 (함안→중리)
35.266359	126.508732	40	F	1	옥당로	(칠거사거리→학정회전사거리)
35.266681	128.750462	100	F	2	남해고속도로	남해고속도로 138.9km(김해 진례면)지점 (순천→부산)
35.266972	126.551708	30	F	1	동삼로2길	묘량중앙초등학교(묘량중앙초→매화교)
35.267003	128.611660	70	F	1	정렬대로	천주산내리막 (북면→소계광장)
35.267008	129.086841	30	F	3	남산로	남산로 전원빌라앞(어린이보호구역,금샘초교,남산고교→남산역)
35.267063	128.864912	30	F	2	가야로38번길	삼계초등학교(삼계중학교→이마트에브리데이)
35.267063	128.864926	30	F	1	가야로38번길	삼계초등학교(이마트에브리데이→삼계중학교)
35.267606	128.473774	60	F	1	함마대로	산익마을
35.268479	128.375884	50	F	1	함마대로	가야계량소(군북↔가야)
35.269288	127.881081	60	F	1	지리산대로	지리산주유소(단성→시천)
35.269628	129.229422	60	F	3	기장대로	삼성1지하차도 200m전 3,4차로
35.269643	128.336140	50	F	3	함마대로	모로마을 입구(의령↔군북)
35.269665	129.229611	60	F	3	기장대로	삼성1지하차도 진출 200m
35.270050	128.864261	30	F	1	가야로	신명초등학교 (가야대→삼계삼거리)
35.270589	128.660811	80	F	2	의창대로	남산마을입구
35.270652	129.092881	50	F	3	중앙대로	남산누리마을@앞(어린이보호구역, 청룡초교)
35.270800	126.505600	40	F	2	옥당로	국제아파트건너(학정사거리→칠거사거리)
35.270808	128.971501	100	S	2	부산외곽순환	부산외곽순환고속도로 신어산터널 진입 25k 시점 (기장→창원)
35.270954	127.135792	60	F	2	옥순로	곡성군 옥과면 리문리 472-1 용두교차로(석곡→옥과IC)
35.270976	127.136045	60	F	1	옥순로	곡성군 옥과면 리문리 437-8 용두교차로(옥과IC→석곡)
35.271066	128.863371	30	F	2	가야로22번길	신명초등학교 (서희스타힐스→신명초교)
35.271369	127.134730	50	F	2	천변로	용두교앞 (우리장례식장→옥과119센터)
35.271399	128.970369	100	E	1	부산외곽순환	부산외곽순환고속도로 신어산터널 진출 25k 종점 (창원→기장)
35.271749	128.457944	30	F	1	모곡길	문암초등학교 (수동마을회관→창원, 가야)
35.271997	127.135128	50	F	1	천변로	용두교앞 (옥과119센터→우리장례식장)
35.272415	126.755686	60	F	1	강변로	와룡교앞(와룡교→옥정1리마을회관)
35.272509	126.816895	60	F	2	노사로	밤실마을 앞(가작교차로→진원보건지소)
35.272523	126.649929	50	F	2	영장로	아계마을앞(영광→삼계면)
35.272822	127.938176	60	F	2	지리산대로	남사마을 (신안→시천)
35.273072	128.982349	30	F	1	대동로	대감초등학교 (괴정마을→덕산마을)
35.273118	128.982382	30	F	2	대동로	대감초등학교 (덕산정수장→대동ic)
35.273749	126.736041	30	F	1	용정교촌길	동화초등학교(동화제지공장→동화초)
35.274616	127.143270	60	F	1	옥순로	곡성군 옥과면 죽림리 리문교차로(옥과→평장)
35.274630	127.143255	60	F	2	옥순로	리문교차로(옥과IC→평장삼거리)
35.274671	129.150355	30	F	3	철마로	철마초등학교 (철마면사무소 → 철마체육공원)
35.275087	128.521979	30	F	2	삼호길	호암초등학교(호암초→광려천)
35.275472	127.776749	60	F	2	지리산대로	동당마을 (단성→중산리)
35.275544	128.328011	50	F	1	함마대로	죽산마을 (군북면→군북ic)
35.275561	128.327990	50	F	2	함마대로	죽산마을 (군북ic→군북면)
35.275571	129.246743	80	F	3	31번 국도	31번국도 이천교차로
35.276037	127.776475	60	F	1	지리산대로	동당마을 (중산리→단성)
35.276126	128.212247	30	F	1	화정로	화정초등학교 (공설운동장→화정면사무소)
35.276200	127.141500	30	F	2	대학로	옥과초등학교(옥과터미널→옥과초)
35.276239	128.212158	30	F	2	화정로	화정초등학교 (화정면사무소→공설운동장)
35.276244	127.141509	30	F	1	대학로	곡성군 옥과면 죽림리 120-2 옥과초등학교(옥과터미널→옥과초)
35.276528	128.520574	30	F	1	삼호길	호암초등학교(내서→칠원)
35.276659	128.635646	80	F	2	지개남산로	구룡터널 후방(북면→도청,진해)
35.276861	126.514034	30	F	2	물무로3길	영광유치원(영광군청→영광여중)
35.277371	126.507096	30	F	2	물무로	삼성자동차정비코너(단주사거리→우체국)
35.277556	126.507417	30	F	1	물무로	군청→중앙초
35.277800	126.512900	30	F	1	중앙로	영광초등학교(군청→영광초등학교)
35.277917	126.512778	30	F	2	중앙로	영광초등학교(북문교차로→군청)
35.278323	127.294035	40	F	1	곡성로	곡성군 곡성읍 읍내리 246-7 버스터미널사거리(죽동삼거리→곡성)
35.278656	127.834545	60	F	2	친환경로	동신마을 (대하사거리→원리삼거리)
35.278656	128.402122	30	F	1	충무길	가야초등학교 (한국농어촌공사→국민건강보험공단)
35.278678	128.402106	30	F	2	충무길	가야초등학교 (국민건강보험공단→한국농어촌공사)
35.278754	127.838004	30	F	2	덕산대포로	덕산초등학교(덕산삼거리 방면)
35.278778	127.837989	30	F	1	덕산대포로	덕산초등학교(삼장면 방면)
35.279084	129.232844	60	F	3	기장대로	화전교차로 100m 전
35.279173	128.620840	50	F	1	지개남산로	구룡터널 후방 (도청,진해→북면)
35.279484	126.487249	80	F	1	영광로	영광골프클럽맞은편(법성포→함평)
35.279754	128.310619	100	E	2	남해고속도로	남해고속도로 96.4㎞ 군북IC 종점 (순천→부산)
35.279803	128.307623	100	S	1	남해고속도로	남해고속도로 96.4K시점 3,4차로 (부산→순천)
35.280067	127.287949	30	F	1	학교로	곡성유치원(궁전예식장→곡성중)
35.280159	127.287879	30	F	1	학교로	곡성유치원 (곡성중→궁전예식장)
35.280187	127.287897	30	F	2	학교로	곡성군 곡성읍 곡성유치원(하행)
35.280698	129.232771	70	F	3	기장대로	화전교차로 100m전
35.281099	128.615347	70	F	1	정렬대로	굴현터널 출구(창원→부곡,북면)
35.281353	129.225613	60	F	1	부산외곽순환고속도로	4교 진출램프(일광면 화전리 552-12, 금정→울산)
35.281752	126.500193	50	F	2	옥당로	누리안@사거리(단주회전사거리→영광종합병원)
35.281873	126.499957	50	F	1	옥당로	누리안@사거리(영광종합병원→단주회전사거리)
35.281889	126.420390	30	F	1	백수로10길	백수초등학교(백수파출소→백수우체국)
35.282080	128.421892	100	F	1	남해고속도로	남해고속도로 107.8K 순천방면
35.282297	127.150676	60	F	2	입면로	신흥버스정류장 (무창교차로→백련저수지)
35.282355	126.413771	30	F	1	백수로	백수어린이집(백수중→백수초)
35.282597	128.505054	100	F	2	남해고속도로	남해고속도로 115.5k
35.282667	126.486556	50	F	1	백수로	신평교차로(백수읍→영광읍)
35.282917	126.486583	50	F	2	백수로	신평교차로(영광읍→백수읍)
35.282923	127.291003	30	F	2	학교로	중앙초등학교(조리과학고→중앙초)
35.282926	126.396767	30	F	2	백수로	백수서초등학교(새마을금고→백수서초)
35.282932	126.396701	30	F	2	백수로	백수서초등학교(염산면→백수서초)
35.283092	128.721439	60	F	2	부산외곽순환고속도로	부산외곽순환고속도로 진영읍 하계리 진영휴게소 앞(기장→창원)
35.283100	127.291500	30	F	1	학교로	중앙초등학교(건강보험공단→중앙초)
35.283258	127.291642	30	F	2	학교로	곡성군 곡성읍 읍내리 710-2 중앙초등학교(건강보험공단→중앙초)
35.283404	128.519483	100	E	1	남해고속도로	남해고속도로 117K (순천방면) 종점 2차로
35.283875	127.290932	30	F	1	삼인동길	중앙초등학교후문(곡성군청→한양파크빌아파트)
35.284200	127.834835	60	F	1	친환경로	다간마을 앞 (원리삼거리→대하사거리)
35.284269	126.444199	60	F	2	백수로	(영광읍→백수읍)
35.285825	129.161316	70	F	3	정관산업로	석길교 200M 후방(곰내터널 출구 1.5KM)
35.286701	127.043885	50	F	1	무정로	(곡성→담양)
35.286745	127.311851	60	F	1	곡고로	마평마을입구(고달면→곡성읍)
35.286754	127.043834	50	F	2	무정로	(담양→곡성)
35.286777	127.312009	60	F	2	곡고로	곡성군 곡성읍 대평리 1208-22 마평마을입구(고달면→곡성읍)
35.287707	128.596276	100	S	1	남해고속도로	남해고속도로 123.8K (순천방면) 시점2차로
35.288187	127.169604	60	F	1	입면로	곡성군 겸면 마전리 산 112-1 연지마을앞(옥과→입면)
35.288214	129.252489	80	F	3	31번 국도	31번국도 동백교차로
35.288443	128.339460	50	F	2	장백로	장명동회관 앞 (군북→법수)
35.288651	129.099123	100	E	1	부산외곽순환고속도로	37.7km 노포분기점 3차로
35.289305	129.256813	50	F	3	일광로	동백 버스정류장앞(칠암리→이천리)
35.289384	128.430977	30	F	1	송산로	산인초등학교(산인면사무소→대산면)
35.289450	126.917884	80	F	2	추성로	성산사거리(광주→담양)
35.289616	128.431122	30	F	2	송산로	산인초등학교(대산면→산인면사무소)
35.290309	126.776419	30	F	2	신월산1길	월평초등학교(교동마을회관→장성육교)
35.291387	128.708389	30	F	2	하계로	금산초등학교 (하계리→좌곤삼거리)
35.291785	128.370842	100	F	2	남해고속도로	남해고속도로 103K 부산방면
35.292081	129.093078	100	S	2	부산외곽순환고속도로	37km 금정산터널 300m전 2차로
35.292397	128.399826	30	F	2	함안대로	중앙초등학교 (법수→돈산삼거리, 함안ic, 함안)
35.292432	128.399831	30	F	1	함안대로	중앙초등학교 (돈산삼거리, 함안ic, 함안→법수)
35.292481	128.346746	100	F	1	남해고속도로	남해고속도로 100.2K 순천방면
35.293115	127.990962	80	F	2	산청대로	토현교 (산청→진주)
35.293394	127.031589	50	F	1	무정로	무정체육공원 앞(곡성→담양)
35.294269	126.769786	70	F	2	함장로	행복마을교차로 (황룡교차로→장산사거리)
35.294739	128.814222	100	F	1	부산외곽순환고속도로	부산외곽순환고속도로 한림면 명동리 한림2터널 앞(창원→기장)
35.295041	129.236673	70	F	3	기장대로	청광마을입구
35.295163	126.782865	30	F	2	제봉로	장성어린이집(노인회관→장성여중)
35.295584	127.007833	50	F	1	무정로	오룡마을입구(면사무소→경찰서)
35.295629	129.111693	30	F	3	체육공원로	공덕초등학교 앞
35.295670	127.007150	50	F	2	무정로	오룡마을입구(경찰서→면사무소)
35.296872	126.758169	40	F	2	홍길동로	황룡중학교 앞(장산사거리→고려사원@)
35.296909	127.341434	30	F	2	고주로	고달초등학교 (면사무소앞교차로→곡성농협)
35.296955	127.341355	30	F	1	고주로	곡성군 고달면 고달초교(목동→남원)
35.296972	127.957352	30	F	1	목화로	단성초등학교 (수곡,단성ic→단성면사무소)
35.296998	127.957352	30	F	2	목화로	단성초등학교 (단성면사무소→단성ic,수곡)
35.297549	127.341773	30	F	2	고주로	고달초등학교(죽림삼거리→고달초)
35.297646	127.341820	30	F	2	고주로	곡성군 고달면 고달초교(남원→목동)
35.297865	128.736974	30	F	2	하계로	나무와아이들 유치원(대창고등학교→여래저수지)
35.297918	128.736985	30	F	1	하계로	나무와아이들 유치원(여래저수지→대창초등학교)
35.298374	126.783309	30	F	2	충무길	장성공원(장성여중→장성경찰서)
35.298419	128.496663	30	F	1	유원길	유원초등학교(칠원→유상)
35.299181	126.786120	30	F	2	제봉로	중앙초등학교(장성여중→군민회관)
35.299181	126.786186	30	F	1	제봉로	장성중앙초등학교(군민회관→장성여중)
35.299251	129.258189	50	F	3	일광로	칠암초등학교 (임랑 → 일광)
35.299520	128.758829	60	F	2	김해대로	신용마을 앞
35.299673	128.590434	30	F	2	감계로110번길	하나유치원 삼거리 (감계초교→감계3호공원)
35.299814	128.912069	100	E	2	부산외곽순환	부산외곽순환고속도로 광재ic 18.4k 종점 (기장→창원)
35.300439	128.601508	50	F	1	화천로	북창원농협 화천지점
35.300496	127.299379	80	F	2	섬진강로	곡성군 곡성읍 장선리 988-1 장선교차로(남원→곡성읍)
35.300497	126.783825	30	F	1	매화6길	기독어린이집(장성군청→장성경찰서)
35.300930	128.588487	30	F	2	감례로140번길	감계초등학교 (감계푸르지오→감계복지센터)
35.301552	127.832126	60	F	1	친환경로	후천삼거리 (하동,시천→거창,산청)
35.301668	126.929789	30	F	2	추성1로	수북초등학교(수북우체국→주평리)
35.301823	128.909499	100	S	1	부산외곽순환	부산외곽순환고속도로 광재ic 18.4k 시점 (창원→기장)
35.301854	127.971080	30	F	1	원자강변로63번길	신안초등학교 (남부문화체육센터→신안우체국)
35.301904	127.971074	30	F	2	원자강변로63번길	신안초등학교 (신안우체국→남부문화체육센터)
35.301962	126.580681	30	F	1	영장로	대마초등학교(고창→대마초)
35.302152	126.581130	30	F	2	영장로	대마초등학교(대마중→대마초)
35.302308	128.809055	30	F	1	한림로	이북초등학교 (한림tg→한림정역)
35.302317	128.809066	30	F	2	한림로	이북초등학교 (한림정역→한림tg)
35.302375	129.257173	30	F	3	일광로	장곡교차로
35.303606	126.941431	80	F	1	추성로	풍수사거리(담양→광주)
35.304090	128.828466	30	F	2	안하로	안명초등학교 (어용교→안하교)
35.304117	128.828358	30	F	1	안하로	안명초등학교 (안하교→어용교)
35.305319	127.188447	30	F	2	입면로	입면초입구사거리(금호타이어→옥과면)
35.305371	127.188410	30	F	2	입면로	곡성군 입면 창정리 165-1 입면초등학교(금호타이어→옥과면)
35.305570	127.187088	30	F	2	송전로	입면초등학교 (입면초→참사랑재가노인복지센터)
35.305616	127.187042	30	F	2	송전로	곡성군 입면 초교 후문(하행)
35.305746	128.652999	30	F	1	백월로	화양초등학교 (북면→동읍)
35.305754	128.653032	30	F	2	백월로	화양초등학교 (동읍→북면)
35.305842	128.600884	30	F	1	동전로	북면초등학교 (휴먼빌아파트→천주로)
35.305881	128.600841	30	F	2	동전로	북면초등학교 (천주로→휴먼빌아파트)
35.306593	126.749699	60	F	1	홍길동로	필암서원입구주차장(홍길동테마파크→황룡중)
35.306688	127.194392	50	F	2	입면로	곡성군 입면 창정교차로(하행)
35.306794	127.194486	50	F	1	입면로	곡성군 입면 창정교차로(상행)
35.309147	128.297323	50	F	2	정주로	남원밥집(법수→월촌)
35.309314	128.727222	30	F	1	장등로19번길	진영중앙초등학교 (진영중앙초교→진영코아루아파트))
35.310798	129.071413	50	F	1	사송로	고가도로 진출입로(노포→물금)
35.311900	127.973597	80	F	1	산청대로	산성2교
35.312211	127.345962	30	F	2	고주로	백곡마을앞(남원→곡성)
35.312317	127.345947	30	F	2	고주로	곡성군 고달면 백곡리 719-8 백곡마을앞(남원→곡성)
35.312417	129.111223	70	F	2	웅상대로	영천교차로(울산→부산)
35.314309	127.347399	30	F	1	고주로	곡성군 고달면 백곡리 905-4 백곡보건진료소(곡성→남원)
35.314312	127.347423	30	F	2	고주로	백곡보건진료소(곡성→남원)
35.314832	127.279804	60	F	1	섬진로	성황당 고갯마루 앞(남원→순창)
35.314956	127.280151	60	F	2	섬진로	성황당 고갯마루 앞(순창→남원)
35.315231	129.175521	70	E	1	정관산업로	곰내터널 출구 3차로
35.315684	129.251476	50	F	3	해맞이로	합류지점 200m 전방
35.316653	127.439451	30	F	2	원촌길	원촌초정문(수락폭포→면사무소)
35.316716	127.439472	30	F	2	원촌길	원촌초등학교(원촌교차로-산동보건지소)
35.316753	129.257707	50	F	3	해맞이로	장안어린이집 100m 전방
35.316840	127.293659	40	F	1	섬진로	상귀마을 앞 (순창→금지면)
35.316869	128.379881	30	F	2	석무길	법수초등학교 (법수로, 법수면사무소→법정로, 석무사거리)
35.316878	128.379908	30	F	1	석무길	법수초등학교 (법정로, 석무사거리→법수로, 법수면사무소)
35.318003	128.088813	30	F	2	안간길	미천초등학교(미천→안간교차로)
35.318200	127.438600	80	F	2	산업로	원촌교차로(구례→남원)
35.318341	129.262201	50	F	3	해맞이로	임랑삼거리 200m 후방
35.318343	127.438822	80	F	2	산업로	원촌교차로(구례→남원)
35.318396	127.465094	30	F	2	관산구산길	중동초정문(중동구판장→온천방향)
35.318412	127.465042	30	F	1	관산구산길	중동초등학교(관산보건진료소-청소련수련관)
35.319504	127.837088	60	F	2	친환경로	덕교마을 (금산면→시천면)
35.319625	128.390732	60	F	2	함안대로	칠서초등학교(이령분교) (남지,칠원→북면)
35.319856	127.957856	80	F	2	산청대로	명동마을 (산청→진주)
35.320215	128.625461	30	F	2	백월로	월산마을(월백소류지→동전교차로)
35.320511	129.241347	70	F	3	기장대로	좌천고가교 진출부
35.320743	128.698543	30	F	1	주남로	신등초등학교 (가술→주남저수지)
35.320778	128.698570	30	F	2	주남로	신등초등학교 (주남저수지→가술)
35.321869	127.114074	40	F	1	금풍로	순정마을 앞(금과→풍산)
35.321934	127.114133	40	F	1	금풍로	순정마을 앞(풍산→금과)
35.322295	129.225522	70	E	3	신정관로	덕선리램프 200m전 1,2차로(정관R→좌천사거리)
35.322831	129.224659	70	F	3	정관로	예림나들목 400m전
35.322931	129.179557	50	F	3	정관중앙로	윗골공원 앞
35.323090	129.061601	70	F	1	노포사송로	LH5단지 정문 앞 3차로(물금방향)
35.323183	129.184894	30	F	3	구연방곡로	아이비어린이집앞(어린이보호구역,소두방공원→구연교)
35.323624	126.799070	30	F	2	수산길	늘푸른어린이집 (수산아파트→장성천교)
35.323627	128.799401	30	F	2	한림로	한림초등학교 (대항마을→한림정역)
35.323627	128.799503	30	F	1	한림로	한림초등학교 (한림정역→대항마을)
35.323652	126.985384	50	F	2	죽녹원로	향교교앞(신남정사거리→죽녹원)
35.323684	128.242756	30	F	2	의병로	가례마을복지회관 (대의면 → 의령읍)
35.324221	129.262423	80	F	3	31번국도	장안졸음쉼터 500M후
35.325294	126.805325	30	F	1	성산2길	성산초등학교 앞(장성향교→황룡강)
35.325528	127.242255	60	F	2	섬진로	청계동교 앞(대강→금지)
35.326118	127.334667	40	F	2	물머리로	남창마을 앞(초리→연산리)
35.326239	129.179451	30	F	3	가동길	가동초등후문앞(어린이보호구역,이진캐스빌2차@→정관지구대)
35.326528	129.267135	80	F	3	31번국도	장안IC 장안졸음쉼터,울산방향
35.326735	127.226721	40	F	2	청계동로	곡촌마을(옥과→곡성)
35.326740	127.227068	40	F	1	청계동로	전라남도 곡성군 입면 제월리 평촌마을 앞(하행)
35.326753	127.331568	40	F	1	물머리로	남창보건진료소 앞(연산리→초리)
35.326796	129.179902	30	F	3	가동길	가동초등후문맞은편(어린이보호구역,정관지구대→이진캐스빌2차@)
35.327969	126.563419	30	F	1	장자산로	대산초등학교 앞(공음→대산)
35.328016	126.563543	30	F	1	장자산로	대산초등학교 앞 (대산→공음)
35.328036	129.247043	60	F	3	의과학로	장안IC교차로(장안TG→의과학산업단지)
35.328134	127.998360	60	F	2	지리산대로	진태마을(문대보건소→단성)
35.328167	127.439417	80	F	1	산업로	연관교앞(남원→구례)
35.328244	129.247158	60	F	3	의과학로	장안IC교차로(의과학산업단지→장안TG)
35.329029	129.178929	30	F	3	정관5로	정관양우 101동 맞은편(어린이보호구역,가동초교,세진여객→가동초)
35.329094	129.188052	70	S	3	신정관로	방곡터널 진입 350m전 1,2차로(정관R→좌천사거리)
35.329176	129.246277	70	F	3	기장대로	장안IC교차로(울산→부산)
35.329231	129.188365	70	F	3	신정관로	방곡터널 출구 300M(좌천→월평)
35.329855	128.226770	30	F	1	홍의로	경남은광학교 앞 (진주,합천→의령,운암리)
35.329951	127.299364	60	F	1	요천로	춘향골농협농산물산지유통센터 앞(남원→곡성)
35.329986	128.226571	30	F	2	홍의로	경남은광학교 앞 (의령,운암리→진주,합천)
35.330233	129.285651	50	F	3	해맞이로	길천교차로 전
35.331189	128.847423	30	F	1	봉림로	생림초등학교 (김해봉림농공단지→생림면행정복지센터)
35.331378	128.847406	30	F	1	봉림로	생림초등학교 (김해→삼랑진)
35.331700	126.781022	30	F	1	봉암로	장동마을 앞 (장성읍→북일면)
35.331794	129.006010	30	F	2	동중7길	범어초등학교 (양산경동메르빌→범어초)
35.331855	129.005951	30	F	1	동중7길	범어초등학교 (범어초→양산경동메르빌)
35.332640	128.246089	30	F	1	가례로	가례초등학교 (개승리→군북,가례면사무소)
35.332666	128.246073	30	F	2	가례로	가례초등학교 (군북,가례면사무소→개승리)
35.333037	128.201010	60	F	2	진의로	해남마을회관 (입암교차로→항수마을)
35.333059	128.201004	60	F	1	진의로	해남마을회관 (항수마을→입암교차로)
35.333508	126.766909	30	F	1	축령로	서삼초등학교(장성읍→축령산)
35.334089	129.177884	70	E	3	신정관로	정관교차로 500m전 1,2차로(월평R→정관R)
35.334209	126.766224	30	F	2	축령로	서삼초등학교 앞(축령산→장성읍)
35.334696	129.247397	70	F	3	기장대로	반룡산업단지 입구
35.334945	127.838611	30	F	1	친환경로	삼장초등학교 (시천면→산청군청)
35.334993	127.838633	30	F	2	친환경로	삼장초등학교 (산청군청→시천면)
35.335256	127.317285	40	F	2	물머리로	연산보건진료소 앞 (연산사거리→양평교차로)
35.335649	129.123218	70	F	2	웅상대로	창기마을 (다목적회관) (울산→부산)
35.335712	126.812579	40	F	1	단풍로	야은2구마을(장성JC→백양사)
35.336161	126.596671	50	F	1	대성로	매산삼거리 앞 (영광→고창)
35.336315	129.171773	30	F	3	병산로	아이숲유치원앞(어린이보호구역,산막교→병산마을)
35.336333	127.314719	40	F	1	물머리로	양평마을 앞 (양평교차로→연산사거리)
35.336472	128.009752	60	F	1	지리산대로	한빈마을
35.337627	128.001614	50	F	2	신차로	문대마을(신등→단성)
35.338317	126.948079	80	F	1	담장로	송정사거리(장성→담양)
35.338473	129.070795	70	F	1	동서로	명곡교차로
35.338699	127.372891	30	F	2	고주로	수지초등학교 앞(남원→곡성)
35.338712	127.372604	30	F	2	고주로	수지초등학교 앞(곡성→남원)
35.338877	127.086035	30	F	1	금풍로	금과초등학교 앞(순창→담양)
35.339459	126.594072	30	F	1	사거1길	매산초등학교 앞 (교회오거리→매산삼거리)
35.339680	126.593947	30	F	1	사거1길	매산초등학교 앞 (매산삼거리→교회오거리)
35.339798	126.950864	30	F	2	도개길	월산초등학교(담양→장성)
35.339832	129.169609	70	F	3	신정관로	두명터널 입구(좌천→월평)
35.340353	128.195377	30	F	1	칠곡로	칠곡초등학교 앞 (산청,합천→진주,의령)
35.340476	128.195141	30	F	2	칠곡로	칠곡초등학교 앞 (진주,의령→산청,합천)
35.340974	127.839326	60	F	2	친환경로	명상삼거리 (홍계리→시천면)
35.341898	126.607272	50	F	2	대성로	대산삼거리 앞 (고창→영광)
35.342067	127.229557	40	F	2	섬진로	춘향골농협 앞 (금지면→대강면)
35.342366	128.034155	60	F	2	지리산대로	장란마을 앞
35.342615	126.989421	60	F	1	추월산로	산단삼거리(죽녹원→용면)
35.342760	127.026674	50	F	1	담순로	금성면사무소(금성농공단지→금성중)
35.343694	126.464667	80	F	2	영광로	(법성포→영광읍)
35.344253	126.926708	80	F	2	담장로	월곡사거리(장성→담양)
35.345394	128.046375	30	F	1	비량로	생비량초등학교 (생비량면사무소→생비량초등학교)
35.345403	128.046375	30	F	2	비량로	생비량초등학교 (생비량초등학교→생비량면사무소)
35.346068	128.194637	50	F	1	자굴산로	화촌마을 (칠곡초→내조마을)
35.346086	128.194615	50	F	2	자굴산로	화촌마을 (내조마을→칠곡초교)
35.346095	127.228210	30	F	1	섬진로	대강초등학교 앞(남원→순창)
35.346099	127.228084	30	F	2	섬진로	대강초등학교 앞(순창→남원)
35.346337	127.937433	80	F	2	산청대로	외송교 (함양→진주)
35.347179	129.053483	60	F	1	동서로	신기터널 전방
35.348116	129.251387	100	S	1	동해고속도로	22km 장안천교 시점3차선(부산방향)
35.348432	126.775191	100	F	2	고창-담양	고창-담양 고속도로 고창방면 14k
35.348628	127.929538	100	E	1	통영대전고속도로	통영대전 고속도로 78k (대전→통영)
35.348641	128.291353	30	F	2	용암로	용덕초등학교 (용덕초등학교,운곡리→용덕면사무소)
35.348798	128.291316	30	F	2	용암로	용덕초등학교 (용덕면사무소→용덕초등학교,운곡리)
35.349246	127.032840	50	F	1	담순로	원율삼거리(금성농공단지→금성초)
35.349667	128.427671	60	F	2	함의로	신등마을 앞
35.350141	128.541457	50	F	3	단내로	상촌마을 앞
35.350142	128.431020	30	F	2	대산중앙로	대산초등학교 (대산초등학교→대산면사무소)
35.350142	128.431036	30	F	1	대산중앙로	대산초등학교 (대산면사무소→대산초등학교)
35.350431	127.229041	40	F	1	섬진로	사석마을 앞 (대강2교차로→대강파출소)
35.350475	127.036307	50	F	1	담순로	금성농공단지(순창→담양)
35.350529	129.327295	50	F	1	해맞이로	서생초등학교(서생파출소->간절곶)
35.350558	129.327307	50	F	2	해맞이로	서생초등학교(진하->부산)
35.350606	128.656749	30	F	1	동읍로	봉강초등학교 (주남저수지→밀양,본포리)
35.350606	128.656771	30	F	2	동읍로	봉강초등학교 (밀양,본포리→주남저수지)
35.350770	127.076658	40	F	2	금풍로	방축교차로 (고례리→금과)
35.351226	127.073932	40	F	1	담순로	금과합동정류소 앞 (담양→순창)
35.351280	127.073870	40	F	2	담순로	금과합동정류소 앞 (순창→담양)
35.351456	127.390636	60	F	1	고주로	고평마을 앞(남원→수지면)
35.351656	126.459036	80	F	1	영광로	복용삼거리(영광→법성포)
35.352105	127.076214	40	F	1	금풍로	방축교차로 (금과→고례리)
35.352242	129.153312	70	S	3	신정관로	두명터널 진입 350m전 1,2차로(월평R→정관R)
35.352430	128.242648	30	F	1	가례로	괴진마을 (가례초교→우곡마을)
35.352780	128.242702	30	F	2	가례로	괴진마을 (우곡마을→가례초교)
35.352810	128.000253	60	F	2	신차로	용흥마을 (단성→신등면)
35.352873	127.160403	60	F	2	향가로	상촌마을 앞(순창→곡성)
35.353262	128.631274	50	F	1	낙동로	월계교차로
35.353756	127.344028	100	E	1	순천완주고속도로	순천완주고속도로 순천기점 51.6K 상 종점 【전북남원】(순천→완주)
35.354460	128.901432	30	F	2	여차로	용산초등학교 (감노리→여차리)
35.354463	129.324715	30	F	1	덕골재길	서생초등학교(서생->신암IC)
35.354477	128.901459	30	F	1	여차로	용산초등학교 (여차리→감노리)
35.354799	127.336507	30	F	2	송기길	송동초등학교 앞(곡성→남원)
35.354815	127.336389	30	F	1	송기길	송동초등학교 앞(남원→곡성)
35.355104	126.645327	30	F	2	평림암치로	성송초등학교 앞 (암치→성송)
35.356420	126.645208	30	F	1	평림암치로	성송초등학교 앞 (성송→암치)
35.356609	127.305443	40	F	1	요천로	금지파출소 앞(곡성→남원)
35.356950	127.845086	60	F	2	친환경로	북촌마을(금서면→시천면)
35.356958	129.342778	50	F	1	해맞이로	나사마을(간절곶->서생한수원)
35.357147	127.845123	60	F	2	마사로	북촌마을 (석남리→지막리)
35.357280	127.300694	30	F	1	금지순환길	금지동초등학교 앞(입암→옹정삼거리)
35.357344	127.300712	30	F	1	금지순환길	금지동초등학교 앞(금지파출소→입암)
35.357625	127.322048	80	F	1	섬진강로	신평교차로 (곡성→남원)
35.357701	129.136862	70	F	3	동서로	월평교차로 300M 전(양산→정관)
35.358211	126.454442	30	F	1	용덕로	법성포초등학교(법성중학교→법성포)
35.359262	129.139541	30	F	3	월평1길	월평초등학교정문앞(어린이보호구역,월평마을회관→월평교차로)
35.359944	129.258283	70	F	3	기장대로	대선주조 앞
35.360482	126.799023	40	F	2	봉암로	신흥마을 앞(백양사→장성)
35.360698	128.840954	30	F	1	마사로	이작초등학교 (생림면→삼랑진)
35.361185	127.188470	30	F	1	유등로	유등초등학교 앞(순창→남원)
35.361733	127.339842	60	F	2	노송로	서남원IC부근 (남원→송동면)
35.362457	128.838299	30	F	2	마사로	이작초등학교 (삼랑진→생림면)
35.364636	128.921371	30	F	1	원동로	원동초등학교 (밀양→양산)
35.364719	127.847003	60	E	2	친환경로	지리산터널 구간단속 종점(산청읍→삼장면)
35.364764	126.803268	40	F	2	봉암로	갑동마을 앞(장성→백양사)
35.364819	127.847024	60	S	1	친환경로	지리산터널 구간단속 시점(삼장면→산청읍)
35.365253	129.251954	100	E	1	동해고속도로	(부산->포항)
35.365399	129.354176	50	F	1	해맞이로	서생송정마을(간절곶->진하)
35.365415	128.538652	60	F	1	함안대로	칠서초등학교(이령분교) (북면→남지,칠원)
35.365840	126.442771	60	F	1	연우로	효사랑 노인복지센터 앞(홍농→법성)
35.366343	127.099957	70	F	1	담순로	백야마을 앞 (담양→순창)
35.366412	129.353281	30	F	2	해맞이로	서생송정경로당앞(진하->간절곶)
35.366548	129.353330	30	F	1	해맞이로	서생송정경로당앞(간절곶->진하)
35.367160	129.174442	30	F	1	매곡외산로	매곡마을 회관 앞 (외산마을→매곡마을)
35.367244	128.408302	60	F	1	함의로	마산마을 (함안→의령)
35.367537	126.458608	50	F	2	영광로	화천교차로 (법성→홍농)
35.367812	128.687477	30	F	1	대산북로	일동초등학교 (창녕,본포→진영,수산)
35.367891	128.688238	30	F	2	대산북로	일동초등학교 (진영,수산→갈전리,본포)
35.368593	128.604433	30	F	1	하천로	하천초등학교 (본포 → 하천리)
35.368606	128.604476	30	F	2	하천로	하천초등학교 (하천리 → 본포)
35.368704	129.032239	50	F	3	어실로	흥아타이어 1공장 앞
35.369116	128.407406	60	F	2	함의로	마산마을(의령→함안)
35.369536	128.314607	60	F	1	의령대로	죽전삼거리
35.370136	127.915559	80	F	1	산청대로	한결주유소(진주→산청)
35.371047	126.455715	50	F	1	영광로	화천교차로 (홍농→법성)
35.371574	128.108259	30	F	2	대의로	대의초등학교 (대의초등학교→의령대의우체국)
35.371583	128.108586	30	F	1	대의로	대의초등학교 후문 (의령대의우체국→대의초등학교)
35.371782	126.596177	110	F	1	서해안고속도로	서해안고속도로 목포기점 67K 상【전북고창】(목포→서울)
35.372274	127.134234	50	F	1	교성로	순창소방서 앞(순창공설운동장→순창IC)
35.372333	127.134496	50	F	1	교성로	순창소방서 앞(순창IC→순창공설운동장)
35.372340	129.162995	50	F	1	덕명로	두산위브아파트 앞(부산→울산)
35.372743	127.313487	40	F	2	요천로	서만마을 앞 (남원→곡성)
35.372830	129.163145	50	F	2	덕명로	두산위브아파트 앞 (울산→부산)
35.373130	129.350304	50	F	1	해맞이로	솔개공원(서생한수원->진하해수욕장)
35.373149	127.579550	60	F	1	지리산로	반선보건진료소 앞(남원→구례)
35.373508	127.401209	40	F	1	고주로	상주마을 앞(수지→남원)
35.374756	127.349446	40	F	1	안계길	안계마을 앞(안계삼거리→서남원IC교차로)
35.376112	127.362127	40	F	1	노송로	부석마을 앞(남원→서남원IC)
35.376187	127.350466	60	F	3	관진로	관진로(덕천리) 신덕마을 앞
35.376451	128.106537	80	F	2	합천대로	대의교차로 (진주→합천)
35.376517	129.163960	80	F	2	통신사로	덕계터널 출구(울산→부산)
35.376822	126.510313	30	F	2	공음길	공음초등학교 앞(법성포→무장)
35.376905	126.510266	30	F	1	공음길	공음초등학교 앞(무장→법성포)
35.377143	126.512709	30	F	1	참나무정1길	공음초등학교 앞 (공음→대산)
35.377337	126.512457	30	F	1	참나무정1길	공음초등학교 앞(대산→상하)
35.377466	128.107755	80	F	2	합천대로	대의교차로
35.377492	127.660593	40	F	1	마천삼정로	송알삼거리(군자리→삼정리)
35.377675	127.660587	40	F	3	마천삼정로	송알삼거리
35.377709	127.143571	30	F	2	순창로	순창중앙초등학교 후문 (전주→순창IC)
35.377710	127.143760	30	F	1	순창로	순창중앙초등학교 후문 (순창IC→전주)
35.378323	128.009945	30	F	2	신차로	단계초등학교(거창→진주)
35.378871	127.436259	80	F	1	산업로	천왕봉휴게소 앞(구례→남원)
35.379478	129.054280	30	F	2	소토로	소토초등학교 (언양→부산)
35.379530	129.054269	30	F	1	소토로	소토초등학교 (부산→언양)
35.380361	126.449077	50	F	2	영광로	신석교차로 (법성→홍농)
35.381659	127.327594	30	F	1	요천로	주생초등학교 앞(주생→남원)
35.381748	127.327549	30	F	2	요천로	주생초등학교 앞(남원→곡성)
35.382338	128.387391	30	F	2	함의로	지정초등학교 (대산면→유곡면)
35.382382	128.387359	30	F	1	함의로	지정초등학교 (유곡면→대산면)
35.384086	126.794410	30	F	1	신흥로	북일초등학교(고창→신흥리교차로)
35.384092	126.794311	30	F	2	신흥로	북일초등학교(신흥리교차로→고창)
35.384402	127.174432	60	F	2	담순로	지산사거리(남원→순창)
35.384510	126.448621	50	F	1	영광로	신석교차로 (홍농→법성)
35.385221	127.333513	40	F	2	요천로	대지마을 앞(곡성→남원)
35.385269	127.333369	40	F	1	요천로	대지마을 앞(남원→곡성)
35.385457	128.568698	30	F	1	증산1길	길곡초등학교 (하남,부곡→남지,영산)
35.385487	128.568891	30	F	1	낙동로	길곡초등학교 (남지,영산→하남,부곡온천)
35.385904	127.659812	30	F	3	마천삼정로	마천초등학교
35.385964	127.659799	30	F	2	마천삼정로	마천초등학교 (마천면사무소→송알삼거리)
35.385968	127.659745	30	F	1	마천삼정로	마천초등학교 (송알삼거리→마천면사무소)
35.386424	127.140778	70	F	1	옥천로	신기교차로 앞 (인계→순창읍)
35.386952	128.506336	30	F	1	삼칠로	칠서초등학교(이룡분교) (칠서초등학교→칠성중학교)
35.386966	128.506331	30	F	2	삼칠로	칠서초등학교(이룡분교) (칠성중학교→칠서초등학교)
35.388261	127.408682	40	F	2	쑥고개로	주천문화마을 앞(남원→구례)
35.388491	127.409402	40	F	1	쑥고개로	주천문화마을 앞 (구례→남원)
35.388619	128.540647	60	F	1	낙동로	신촌마을 (내동마을→길곡초교)
35.388636	128.540626	60	F	2	낙동로	신촌마을 (길곡초등학교→내동마을)
35.389760	129.334260	40	F	2	해맞이로	서생화정마을(온양->진하)
35.390641	127.444272	30	F	1	정령치로	원천초등학교 앞 (장안사거리→육모정)
35.390663	127.186657	60	F	2	담순로	태자삼거리 후방(남원→순창)
35.390884	127.445028	30	F	1	정령치로	원천초등학교 앞(육모정→장안사거리)
35.391294	127.096947	30	F	2	장류로	팔덕초등학교 앞 (강천산→순창)
35.391365	127.097004	30	F	1	강천로	팔덕초등학교 앞 (순창→강천산)
35.392043	126.770836	60	F	2	신흥로	S-OIL 북일주유소(고창→장성)
35.392060	128.716698	80	F	1	온천로	귀명교차로
35.392682	127.374016	50	F	2	노송로	남원제일고등학교 (송동→노암사거리)
35.392714	126.443911	30	F	2	홍농로	하봉마을(상하삼거리→홍농우체국)
35.392760	126.443890	30	F	1	홍농로	하봉마을(홍농우체국→상하삼거리)
35.392815	127.373870	50	F	1	노송로	남원제일고등학교 (노암사거리→송동)
35.393614	127.990284	60	F	2	신차로	사계마을 (거창,차황→진주,신등)
35.394014	126.450819	30	F	1	영광로	상하제교차로 (법성→홍농)
35.394216	128.778345	60	F	1	외평로	상남초등학교 (평촌,상남면보건소→수산,동산)
35.394325	127.506197	60	F	1	운봉로	주촌교차로 앞(고기삼거리→운봉)
35.394365	128.120227	80	F	1	합천대로	신전천2교 앞
35.394430	127.208422	80	F	2	담순로	관평사거리 (남원→순창)
35.394579	128.778092	60	F	2	외평로	상남초등학교 (수산,동산→평촌,상남면보건소)
35.394672	127.377188	30	F	1	노송로	노암초등학교 앞(제일고등학교→노암사거리)
35.394970	127.140241	40	F	1	인덕로	복실마을 앞(순창→전주)
35.395142	127.377479	30	F	1	노송로	남원노암초등학교 앞 (노암사거리→송동)
35.395223	127.316625	40	F	2	비홍로	반송마을 앞(남원→순창)
35.395687	127.139932	40	F	1	인덕로	복실마을 앞(전주→순창)
35.395823	127.321623	40	F	1	비홍로	정송삼거리(순창→남원)
35.396460	129.055776	30	F	2	상북중앙로	내원사유치원 (언양→부산)
35.396467	126.447542	30	F	2	홍농로	홍농초등학교(한빛원전→홍농읍)
35.396495	126.447505	30	F	1	홍농로	아이원어린이집(홍농읍→한빛원전)
35.396516	129.055808	30	F	1	상북중앙로	내원사유치원 (부산→언양)
35.397005	127.449877	60	F	1	장백산로	내송마을 앞(주천→이백)
35.397024	129.163622	30	F	2	덕명로	웅상초등학교 (에이원cc, 덕계→웅상초등학교)
35.397037	129.163590	30	F	1	덕명로	웅상초등학교 (웅상초등학교→에이원cc, 덕계)
35.397116	127.209005	30	F	1	적성로	적성초등학교 앞(순창→남원)
35.397207	127.209009	30	F	1	적성로	적성초등학교 앞(남원→순창)
35.397504	128.017752	60	F	2	신등가회로	가림마을입구 (양천교차로→청산삼거리)
35.397618	129.333428	30	F	2	삼평길	온산하회마을(삼평초교->강양교차로)
35.397776	127.882481	100	S	1	통영대전고속도로	통영대전 고속도로 85.5k (대전→통영)
35.397968	128.121901	80	F	2	합천대로	삼가터널 앞
35.398029	127.449978	60	F	1	장백산로	내송마을 앞 (이백→주천)
35.398330	127.434289	60	F	1	원천로	호곡교삼거리 (주천면→남원)
35.398410	128.478951	50	F	3	박진로	NH농협주유소 앞(상대포삼거리↔남지119안전센터)
35.398817	129.172184	80	F	1	통신사로	서창터널 입구 (부산→울산)
35.398838	129.172125	80	F	2	통신사로	서창터널 출구(울산→부산)
35.399030	129.004714	30	F	3	어실로	용선마을(부채골) (에덴벨리→경남외국어고등학교)
35.399645	129.260733	70	F	1	남창로	화철령내리막(기장->온양)
35.400393	127.331872	40	F	1	비흥로	정충마을 앞 (순창→남원)
35.400417	128.841977	30	F	2	만어로	삼랑진초등학교 (만어사→삼랑진역)
35.400426	128.841993	30	F	1	만어로	삼랑진초등학교 (삼랑진역→만어사)
35.400644	127.376597	50	F	1	요천로	추어탕삼거리(광한루→조산교차로)
35.400872	128.032251	60	F	1	신등가회로	사정교차로(단성→합천)
35.401093	129.351001	60	F	1	우봉이진로	우봉사거리(당월교차로->신한)
35.401103	128.017976	60	F	1	신등가회로	청산교차로 (합천→단성)
35.401535	126.474321	50	F	1	샘목로	가학삼거리(가학삼거리→덕림경로당)
35.401551	126.611897	60	F	1	학천로	나분계마을 앞(무장→성송)
35.403420	126.754980	60	F	2	신흥로	문암교차로전(고창→장성)
35.403542	126.449129	30	F	2	영광로	홍농119안전센터 (홍농→법성)
35.403632	126.474348	50	F	2	샘목로	홍농동성교회 앞(가학삼거리→월평삼거리)
35.403675	126.902320	80	F	2	담장로	명치삼거리(장성→담양)
35.403748	127.343159	30	F	2	남문로	서원초등학교 앞(순창→남원)
35.403994	126.685159	30	F	2	황산로	고수초등학교 앞 (문수사→고수면)
35.404039	126.684969	30	F	2	고수로	고수초등학교 앞 (고수→문수사)
35.404047	127.344129	30	F	1	남문로	서원초등학교 앞(남원→순창)
35.404416	127.351879	40	F	1	남문로	화산당마을 앞 (순창→남원)
35.404544	127.384880	50	F	1	요천로	춘향교삼거리 (광한루→남원대교)
35.404560	127.351995	40	F	2	남문로	화산당마을 앞(남원→순창)
35.404959	127.364685	40	F	1	남문로	딩동댕어린이집 앞(신정교차로→시청)
35.405164	127.364541	40	F	2	남문로	딩동댕어린이집 앞(시청→신정교차로)
35.405446	128.357997	60	F	2	함의로	태부마을 (세간마을→태부마을)
35.405660	129.322410	30	F	2	삼평길	삼평초등학교(덕신->서생)
35.405677	129.322624	30	F	2	삼평길	삼평초등학교(서생->덕신)
35.406888	128.801326	60	F	2	상삼로	화성동마을 (김해,삼랑진→평촌리,진영)
35.407506	126.881255	30	F	1	백양로	약수초등학교(약수초→백양사)
35.407571	126.880702	30	F	2	백양로	약수초등학교(백양사→약수초)
35.407588	129.298065	30	F	1	온양로	울주남부노인복지관(남창->진하)
35.407607	126.493171	60	F	2	선운대로	마래마을 앞(영광→고창)
35.407610	129.298049	30	F	1	온양로	울주남부노인복지관(진하->남창)
35.407653	128.477331	50	F	2	박진로	상대포삼거리 (남지중앙교회→상대포회관)
35.407863	128.120329	30	F	2	삼가로	삼가어린이집 (의령→삼가초등학교)
35.407898	128.120340	30	F	1	삼가로	삼가어린이집 (삼가초등학교→의령)
35.408096	128.609376	60	F	3	온정청암로	청암마을(부곡리↔마천리)
35.408236	128.120384	30	F	2	삼가로	삼가어린이집 (의령→삼가초등학교)
35.408236	128.120384	50	F	3	동부로	중리마을
35.408236	128.120384	80	F	2	합천대로	삼가터널 앞
35.408257	128.813803	50	F	1	삼랑진로	미전농공단지 (미전농공단지→대미농공단지)
35.408624	128.696468	30	F	1	성만남전로	아리솔학교(성만교차로→성만저수지)
35.408712	128.476086	50	F	1	박진로	상대포삼거리 (상대포회관→남지중앙교회)
35.408939	127.313681	50	F	1	노산하대길	양실암마을 앞 (폐기물매립장→대곡마을)
35.409074	128.998190	30	F	2	어실로	신불산추모공원 (에덴벨리→경남외국어고등학교)
35.409217	127.400073	60	F	1	원천로	지리산LPG충전소 앞 (주천→남원)
35.409232	128.696596	30	F	1	성만남전로	아리솔학교 (성만저수지→성만교차로)
35.409265	127.379421	30	F	1	용성로	용성초등학교 앞(법원→서문교차로)
35.409282	127.379088	30	F	1	용성로	남원용성초등학교 앞 (서문교차로→법원)
35.410498	127.309312	40	F	1	노산신계길	대곡마을 앞 (대곡삼거리→대산)
35.410501	127.378693	30	F	2	충정로	용성초등학교 후문 (향교오거리→서문사거리)
35.410732	129.342102	60	F	1	공단로	한국제지삼거리(서생->대덕삼거리)
35.411159	127.848161	60	E	1	친환경로	지리산터널 구간단속 종점 (삼장면→산청읍)
35.411164	127.848085	60	S	2	친환경로	지리산터널 구간단속 시점 (산청읍→삼장면)
35.411761	126.804671	60	F	1	봉암로	상공마을 앞(장성→백양사)
35.411766	127.617913	40	F	1	지리산로	원천마을 앞(뱀사골→산내)
35.411903	128.120383	30	F	1	서부로	삼가초등학교 (삼가어린이집→두모리)
35.411912	128.120452	30	F	2	서부로	삼가초등학교 (두모리→삼가어린이집)
35.412030	128.120278	30	F	2	서부로	삼가초등학교 (삼가어린이집→두모리)
35.412131	127.388761	30	F	1	동림로	중앙초등학교 앞(동림교→향교오거리)
35.412398	127.388309	30	F	2	동림로	남원중앙초등학교 앞 (향교오거리→동림교)
35.412847	127.368338	50	F	1	교룡로	왕정마을 앞 (남원역→남원경찰서)
35.413043	128.095218	60	F	2	서부로	외동마을앞
35.413522	127.373169	50	F	1	교롱로	남원경찰서 앞 1,2차로(시청→남원역)
35.413612	127.373134	50	F	1	교롱로	남원경찰서 앞 3차로(시청→남원역)
35.414195	127.395005	30	F	1	큰들1길	남원도통초등학교 앞(시청→예닮교회)
35.414272	127.380695	50	F	1	붕맛길	영락교회 앞 3차로(남원역→시청)
35.414305	127.395218	30	F	1	큰들길	남원도통초등학교 앞(남원도통우체국→도통초등학교)
35.414357	126.492180	60	F	2	선운대로	풍촌마을 앞(고창→영광)
35.414376	127.380679	50	F	1	붕맛길	영락교회 앞 1,2차로(남원역→시청)
35.415139	126.440606	30	F	2	홍농로	홍농서초등학교 (성산→서당)
35.415162	127.246898	50	F	2	비홍로	서림마을 앞(남원→순창)
35.415695	126.563363	30	F	1	무장초등길	무장초등학교 앞 (공음→아산)
35.415745	126.563300	30	F	2	무장초등길	무장초등학교 앞 (아산→공음)
35.416326	127.163212	50	F	1	인성로	가성마을 앞(인계→동계)
35.417167	127.855541	50	F	3	친환경로	금서농공단지(산청ic↔시천면)
35.417294	129.282900	40	F	2	남창역길	남창역앞(울산->서생)
35.417390	127.379451	30	F	2	광천남길	남원교룡초등학교 앞(의총교→축천교)
35.417399	127.875609	30	F	2	친환경로	산청초등학교(산청ic→산청군청)
35.417400	129.282953	40	F	1	남창역길	남창역앞(서생->울산)
35.417687	127.401838	50	F	1	요천로	월락정수장 앞 (남원대교→월락삼거리)
35.417702	127.384229	40	F	1	동림로	동북노인복지센터 앞(남원고등학교→동림교)
35.417778	127.401754	50	F	2	요천로	월락정수장 앞 (월락삼거리→남원대교)
35.417984	127.380698	30	F	2	광천남길	남원교룡초등학교 앞 (축천교→의총교)
35.418127	127.200174	40	F	2	적성로	내적마을 앞(순창→임실)
35.418241	127.200128	40	F	1	적성로	내적마을 앞(임실→순창)
35.418599	127.637900	40	F	1	천왕봉로	백일마을 앞(남원→뱀사골)
35.418964	129.281023	30	F	1	남창1길	온양초등학교(남창시장->외고산마을)
35.418964	129.281028	30	F	2	남창1길	온양초등학교(옹기마을->남창시장)
35.419308	127.390368	50	F	1	충정로	영광자동차병원 앞(롯데마트→시청사거리)
35.419348	128.820326	50	F	1	미율로	용전일반산업단지 (용전일반산업단지→대미농공단지)
35.419387	127.627432	30	F	1	대정로	산내초등학교 앞 (산내복지회관→대정삼거리)
35.419437	127.626856	30	F	1	대정길	산내초등학교 앞(대정삼거리→산내복지회관)
35.419466	126.478057	30	F	1	샘목로	월평경로당 앞(월평경로당→월평삼거리)
35.419750	126.478317	30	F	2	샘목로	월평경로당 맞은편(월평삼거리→월평경로당)
35.419888	127.395439	50	F	2	춘향로	용성중학교 부근 (롯데마트→도통주공아파트)
35.421409	127.626467	40	F	2	천왕봉로	산내중학교 앞 (대정삼거리→산내중학교)
35.422142	127.374156	50	F	2	신성길	남원노인요양병원 앞(산성교차로→만인의총)
35.422274	127.143554	80	F	2	모악로	팔학마을 앞 (전주→순창)
35.422652	127.403195	30	F	2	용성로	월락초등학교 앞(시청→월락삼거리)
35.422702	129.338008	60	F	2	공단로	일성사거리(대덕삼거리->서생)
35.423646	128.609103	60	F	3	온정청암로	온정마을 (부곡리↔청암리)
35.423798	127.448782	60	F	2	이백로	채곡마을 앞 (남원→이백면)
35.423842	127.400518	50	F	2	오들로	월락해뜨레베스티움@ 앞(남원IC→요천)
35.423904	129.196641	50	F	1	용당내광로	대운산터널 (울산→양산)
35.424058	127.449233	60	F	1	이백로	채곡마을 앞 (이백면→남원)
35.424484	127.231291	50	F	1	충효로	괴정마을 앞(순창→임실)
35.424491	127.441045	30	F	2	이백로	한울학교 앞(남원→운봉)
35.424627	127.441249	30	F	1	이백로	한울학교 앞(운봉→남원)
35.425533	129.190145	80	F	1	통신사로	용당교차로 (부산→울산)
35.425644	126.691908	60	F	2	고인돌대로	덕산마을 앞 (고창→영광)
35.425879	129.189946	80	F	2	통신사로	용당교차로 (울산→부산)
35.426059	128.401510	50	F	2	박진로	마근마을앞
35.426351	127.386749	70	F	1	춘향로	블루핸즈 남원현대서비스 앞(남원→전주)
35.426357	127.423787	30	F	1	이백로	오동초등학교 앞(남원→이백)
35.426432	127.435081	60	F	1	이백로	문화마을 앞 (운봉→남원)
35.426535	129.204698	50	F	2	용당내광로	대운산터널(양산->울산)
35.427540	126.487443	60	F	2	선운대로	예동마을 앞 (상하면→공음면)
35.427703	126.694738	40	F	2	보릿골로	고창중학교 앞 (한전→고창터미널)
35.427925	128.495844	100	F	1	중부내륙고속도로	중부내륙선 21k (창원→대구)
35.427956	129.313429	30	F	1	신온9길	온산초등학교정문(덕신대교->온산초후문)
35.427964	129.313456	30	F	2	신온9길	온산초등학교정문(온산초후문->덕신대교)
35.428193	129.342460	50	F	2	이진로	고려아연후문(고려아연사거리->온산역)
35.428300	129.209033	50	F	2	용당내광로	내광마을(GW산업단지->대운산터널)
35.428307	129.342480	50	F	1	이진로	고려아연(온산역->고려아연사거리)
35.428332	129.209071	50	F	1	용당내광로	내광마을(대운산터널->GW산업단지)
35.428339	127.315199	40	F	1	대곡신계길	신촌마을 앞(남원상록CC→북남원IC)
35.428640	127.383297	80	F	1	춘향로	삼일남원충전소 앞 (남원→전주)
35.429674	126.699048	30	F	1	중거리당산로	고창남초등학교 앞(덕산교차로→군청)
35.430250	126.699637	30	F	2	중거리당산로	고창남초등학교 앞 (군청→덕산교차로)
35.430653	127.327375	30	F	2	대사로	대산초등학교 앞(주생→북남원IC)
35.430703	127.327235	30	F	1	대사로	대산초등학교 앞(북남원IC→주생)
35.430707	126.931075	30	F	1	추령로	복흥초등학교 앞(복흥면체육관→복흥파출소)
35.430802	126.737030	50	F	1	석정2로	서울시니어스타워 앞 (공설운동장→웰파크시티)
35.430935	126.737433	50	F	2	석정2로	석정웰파크병원 앞 (웰파크시티→공설운동장)
35.431536	126.563943	70	F	2	동서대로	궁동교차로 (고창→무장)
35.431596	127.409726	50	F	2	충정로	남원의료원 앞(장수→남원)
35.431943	126.804359	30	F	2	방장로	북이초등학교(백암중학교→백양사TG)
35.432585	126.804979	30	F	2	방장로	북이초등학교(백양사TG→백암중)
35.432942	127.236518	40	F	1	충효로	서호마을 앞(순창→임실)
35.432947	128.314076	30	F	2	마장로	유곡초등학교 (유곡면사무소→유곡교)
35.432961	128.314161	30	F	1	마장로	유곡초등학교 (유곡교→유곡면사무소)
35.433574	127.238270	40	F	2	충효로	서호마을 앞(임실→순창)
35.433681	129.292956	70	F	1	덕신외로	덕동교차로(온산터널->온산삼거리)
35.434038	126.665972	70	F	1	동서대로	고수교 앞(고창→아산)
35.434170	126.484617	50	F	1	선운대로	오룡마을 앞(공음→상하)
35.434861	128.591863	80	F	2	온천로	온천사거리
35.434910	127.847425	60	F	1	동의보감로	특리마을(산청→함양)
35.434997	128.142929	80	F	1	함천대로	쌍백터널 전방 (진주,의령→고령,합천)
35.435101	126.704033	30	F	1	중앙로	고창초등학교 앞 (공설운동장→고창군청)
35.435906	128.033672	30	F	2	황매산로	가회초등학교 (장대삼거리→가회면사무소)
35.435937	128.033667	30	F	1	황매산로	가회초등학교 (가회면사무소→장대삼거리)
35.435976	128.601495	30	F	2	원동길	부곡초등학교 (동문아파트→부곡농협)
35.436013	128.601535	30	F	2	원동길	부곡초등학교 (부곡농협→동문아파트)
35.436148	128.033524	30	F	2	황매산로	가회초등학교 (가회면사무소→장대삼거리)
35.436162	129.304557	30	F	1	서영남길	온산에덴유치원(온산프라자->덕신초후문)
35.436228	128.143407	80	F	1	합천대로	쌍백터널 전방 (진주,의령→고령,합천)
35.436305	127.050017	40	F	2	밤재로	오정자마을 앞(내장산→순창)
35.436309	127.050122	40	F	1	밤재로	오정자마을 앞(순창→내장산)
35.436750	126.757408	60	F	3	양고살재로	(고창→백양사)
35.436800	129.304491	30	F	2	서영남길	덕신어린이집(덕신초후문->온산프라자)
35.436914	126.807154	100	E	2	호남고속도로	호남고속도로 하행 111.8K 종점(정읍→순천)
35.437886	128.549783	60	F	3	논리덕곡길	덕곡1구마을(도천면↔덕곡삼거리)(양방향)
35.438583	128.168726	60	F	2	청정로	평지마을회관 (쌍백초등학교→평지보건진료소)
35.438743	128.168421	60	F	2	청정로	평지마을회관 (쌍백초등학교→평지보건진료소)
35.438846	127.761160	60	F	2	천왕봉로	원기마을앞
35.439053	127.760142	60	F	3	천왕봉로	원기마을앞
35.439580	126.712497	60	F	2	동서대로	제일@공영주차장 앞 (고창IC→공설운동장)
35.440021	127.533056	30	F	1	운봉로	운봉초등학교 앞 (운봉사거리→북천교차로)
35.440042	127.074927	40	F	1	구림로	화암마을 앞(순창→정읍)
35.440161	126.634219	30	F	1	녹두로	대아초등학교 앞 (무장→고창)
35.440163	127.533009	30	F	1	운봉로	운봉초등학교 앞(북천교차로→운봉사거리)
35.440236	126.634219	30	F	2	녹두로	대아초등학교 앞(고창→무장)
35.440376	128.146879	30	F	2	청정로	쌍백초등학교 (쌍백복지회관→평지마을)
35.440451	127.530767	40	F	1	황산로	운봉읍행정복지센터 앞(운봉→인월)
35.440490	127.530676	40	F	2	황산로	운봉읍행정복지센터 앞(인월→운봉)
35.440531	128.757745	80	F	2	밀양대로	이연마을 (밀양,남밀양ic→진영,수산)
35.440557	128.146502	30	F	1	청정로	쌍백초등학교 (평지마을→쌍백복지회관)
35.440579	128.146523	30	F	2	청정로	쌍백초등학교 (쌍백복지회관→평지마을)
35.440665	126.487417	50	F	1	선운대로	용덕삼거리(공음→상하)
35.440887	127.422106	40	F	2	요천로	식정마을 앞(장수→남원)
35.441271	126.768550	60	F	3	양고살재로	(고창→백양사)
35.441518	127.518809	60	F	2	황산로	경마축산고등학교 앞 (남원→인월)
35.441546	128.757352	80	F	2	밀양대로	무량마을 앞 (밀양→창원)
35.443230	126.682980	30	F	2	전봉준로	고창노인복지센터 앞 (선운사→석교사거리)
35.443310	126.683489	30	F	1	전봉준로	고창노인복지센터 앞 (석교사거리→선운사)
35.443643	127.214586	40	F	2	귀미로	용동마을 앞 (동계→인계)
35.443837	126.488700	30	F	2	상하1길	상하초등학교 앞 (구시포→상하)
35.443903	126.488644	30	F	2	상하1길	상하초등학교 앞 (상하→구시포)
35.445285	127.315353	100	E	2	순천완주고속도로	순천완주고속도로 순천기점 62.9K 하 종점 【전북남원】(완주→순천)
35.445650	127.416221	60	F	2	보산로	갈치마을 앞(보절→남원)
35.445728	127.316027	100	S	1	순천완주고속도로	순천완주고속도로 순천기점 62.9K 상 시점 【전북남원】(순천→완주)
35.446175	126.492127	60	F	1	선운대로	상하실내체육관 전 (해리→상하)
35.446337	127.376731	80	F	2	산업로	방자교차로 3차로(전주→구례)
35.446452	127.376809	80	F	2	산업로	방자교차로 1,2차로(전주→구례)
35.446842	127.092807	40	F	1	구림로	남정마을 앞(정읍→순창)
35.447479	128.248631	30	F	2	궁류로	궁류초등학교 (합천,다현리→의령,운계리)
35.447640	128.248470	30	F	2	궁류로	궁류초등학교 (의령,운계리→합천,다현리)
35.448187	126.696230	60	F	2	고인돌대로	성두삼거리 (흥덕→고창)
35.448632	126.992067	60	F	1	가인로	답동삼거리(구림→복흥)
35.448853	129.074486	30	F	1	용현로	용연초등학교 (용연교→내원사입구삼거리)
35.449162	128.649577	60	F	2	석정로	강서마을(개미마을) (창원,부곡→밀양)
35.449162	128.649593	60	F	1	미리벌로	강서마을(개미마을) (밀양→창원,부곡)
35.449209	127.468265	30	F	2	이백로	한전신남원지사 앞(변전소삼거리→이백면)
35.449732	127.230917	40	F	1	귀미로	추동마을 앞 (인계→동계)
35.450939	127.149895	80	F	1	모악로	탑리육교 후방500m(전주→순창)
35.452270	127.101920	30	F	1	구림로	구림초등학교 앞(임실→구림삼거리)
35.452917	127.431430	40	F	1	요천로	요천마을 앞(남원→장수)
35.453459	128.794839	60	F	1	삼랑진로	임천교차로 (밀양역→삼랑진)
35.453529	127.562528	60	F	3	황산로	전촌마을 앞 (인월↔운봉)
35.453873	128.046418	60	F	1	서부로	비기마을 (장대삼거리,삼가면→대병면)
35.454108	128.046493	60	F	2	서부로	비기마을 (대병면→장대삼거리,삼가면)
35.454358	126.922456	30	F	1	추령로	동산초등학교 앞(서지마을→반월교차로)
35.454392	128.046468	60	F	2	서부로	비기마을 (장대삼거리,삼가면→대병면)
35.454392	128.046468	70	F	1	합천호수로	청조펜션
35.454830	126.578432	60	F	2	희어재로	월성마을 앞(해리→고창)
35.454966	127.432809	40	F	2	요천로	요천마을 앞(장수→남원)
35.455359	127.463978	60	F	3	황산로	내기마을 앞 (운봉↔남원)
35.457587	128.754028	80	F	1	밀양대로	연금교차로 후방 (창원→밀양)
35.457736	127.444923	60	F	1	황산로	남평마을 앞 (운봉→남원)
35.459183	127.410836	40	F	2	보산로	상갈치마을 앞 (보절→남원)
35.460605	128.451321	30	F	2	유어장마로	동정보건진료소 앞
35.460645	129.217610	80	F	1	이예로	초천교차로(부산->울산)
35.460883	127.256040	60	F	3	충효로	장동마을 앞 (삼계↔동계)
35.461634	127.444653	40	F	1	요천상로	산남마을 앞(장수→남원)
35.462830	127.927033	30	F	2	친환경로	차황초등학교 (가회,신등→산청)
35.462830	127.927038	30	F	1	친환경로	차황초등학교 (산청→가회,신등)
35.462855	127.601027	30	F	1	인월장터로	인월초등학교 앞(인월교차로→인월우체국)
35.462876	127.601326	30	F	1	인월1길	인월초등학교 앞 (함양→인월)
35.464679	126.536415	30	F	2	해리중앙로	해리초등학교 앞 (동호→해리)
35.464765	126.536435	30	F	1	해리중앙로	해리초등학교 앞 (해리→동호)
35.466145	127.627644	60	F	2	황산로	장평마을 앞 (함양→인월)
35.466497	128.526153	100	S	1	함양울산고속도로	함양울산고속도로 74.2k 울산방면 시점
35.466582	128.526069	100	E	2	함양울산고속도로	함양울산고속도로 73.9k 함양방면 종점
35.467326	127.771647	30	F	1	함양남서로	옥산마을 (산청→함양)
35.467326	127.771744	30	F	2	함양남서로	옥산마을 (함양→산청)
35.467338	127.771584	30	F	3	함양남서로	옥산마을
35.468028	129.321555	70	F	2	온산로	청량신촌마을(덕하->온산)
35.468115	127.441050	60	F	2	요천로	목동마을 앞(장수→남원)
35.469613	127.597650	50	F	1	인월장터로	계암마을 앞 (인월→지리산IC)
35.470323	128.737119	50	F	1	사포산단중앙로	알엠시스 (밀양CC→삼문동)
35.470353	127.597016	50	F	2	인월장터로	계암마을 앞 (지리산IC→인월)
35.470596	127.460175	100	F	2	광주대구고속도로	광주대구고속도로 문흥기점 63.9K 하【전북 남원】(함양→순창)
35.470740	129.236396	30	F	2	대복동천로	석천경로당(온양->웅촌)
35.472093	126.713381	70	F	1	왕림로	신촌마을 앞(고창→정읍)
35.472293	126.518257	40	F	1	선운대로	왕거마을 앞(영광→고창)
35.472359	126.518135	40	F	1	선운대로	왕거마을 앞(고창→영광)
35.472401	127.793430	30	F	3	천왕봉로	유림초등학교
35.472538	127.793411	30	F	1	천왕봉로	유림초등학교 (유림면사무소→국계리)
35.472542	127.793384	30	F	2	천왕봉로	유림초등학교 (국계리→유림면사무소)
35.472585	127.405996	40	F	1	보산로	부흥마을 앞(남원→장수)
35.474425	128.737185	60	F	2	사포로	나노교입구교차로 (사포교차로→후사포교차로)
35.474485	127.215975	60	F	1	강동로	어치마을 앞(강진→동계)
35.474862	128.734705	30	F	1	예림서원로	사포초등학교 (후사포마을회관→후사포교차로)
35.474884	128.734743	30	F	2	예림서원로	사포초등학교 (후사포교차로→후사포마을회관)
35.475710	129.224026	80	F	2	이예로	오복교차로(울산->부산)
35.475801	127.258674	60	F	2	충효로	이동마을 앞(임실→순창)
35.475951	127.556594	100	S	2	광주대구고속도로	광주대구고속도로 문흥기점 73.9K 하 시점 【전북장수】(대구→광주)
35.476112	128.763110	30	F	1	가곡13길	밀주초등학교 (밀주초등학교→가곡동행정복지센터)
35.476352	128.763195	30	F	2	가곡13길	밀주초등학교 (가곡동행정복지센터→밀주초등학교)
35.476501	127.736763	30	F	3	휴천로	금반초등학교
35.476540	127.736773	30	F	1	휴천로	금반초등학교 (석정마을회관→휴천면사무소)
35.476627	129.327906	80	F	1	신항로	외황강교(청량IC->울산신항)
35.476782	129.308905	80	F	2	신항로	신용암교(울산신항->청량IC)
35.476955	127.737690	30	F	2	휴천로	금반초등학교 (휴천면사무소→석정마을회관)
35.477600	126.737576	30	F	2	가평로	가평초등학교 앞 (고창→왕림)
35.477628	126.737500	30	F	1	가평로	가평초등학교 앞(정읍→고창)
35.478278	129.309611	70	F	1	온산로	청백교삼거리(온산->덕하)
35.479016	128.241834	30	F	2	대한로	부림초등학교 (봉수분교장) (의령,신현리→합천,서암리)
35.479033	128.241754	30	F	2	대한로	부림초등학교 (봉수분교장) (합천,서암리→의령,신현리)
35.480677	129.415074	30	F	2	꽃바위로	문현초등학교(방어진초->화암고)
35.480716	129.415139	30	F	1	꽃바위로	문현초등학교(화암고->방어진초)
35.481082	128.414971	30	F	2	낙동강로	낙서초등학교 (정곡리,신반→여의리,청덕면)
35.481148	128.415003	30	F	1	낙동강로	낙서초등학교 (여의리,청덕면→정곡리,신반)
35.481607	126.966296	60	F	2	순정로	중안마을 앞 (정읍→순창)
35.481790	126.967032	60	F	1	순정로	중안마을 앞 (순창→정읍)
35.481961	127.688915	60	F	1	함양로	원구마을
35.481996	127.689450	50	F	1	함양로	원구마을(난평리→죽림리)
35.482005	127.689727	50	F	2	함양로	원구마을(죽림리→난평리)
35.483029	127.485417	100	E	2	광주대구고속도로	광주대구고속도로 문흥기점 66.6K 하 종점 【전북남원】(대구→광주)
35.483555	129.415375	30	F	2	화문로	화암초등학교(문현로->꽃바위로)
35.483770	128.663589	60	F	1	무안로	소망요양원앞
35.484062	129.308199	70	F	2	온산로	상남골드클래스앞(덕하시장->온산)
35.484508	128.664347	80	F	1	중앙로	초동농공단지 (수산→부곡)
35.484521	128.664298	80	F	2	중앙로	수산대교 북단 (진영→밀양)
35.484577	128.757740	30	F	1	중앙로	김해세무서 밀양지서 (밀양여중→시청)
35.484898	128.757513	30	F	2	삼문중앙로	농협은행 삼문동지점(삼문동주민센터→삼문동공설운동장)
35.485132	127.694689	40	F	2	마천삼정로	송알삼거리(삼정리→군자리)
35.485132	127.694689	60	F	2	함양로	해솔마을 (인월면→함양읍)
35.485176	127.694754	60	F	1	함양로	해솔마을 (함양읍→인월면)
35.485352	127.694704	60	F	3	함양로	해솔마을
35.485382	127.148285	80	F	1	모악로	장암교차로 (순창→전주)
35.486204	128.653199	100	S	2	함양울산고속도로	함양울산고속도로 85.9k 함양방면 시점
35.486456	129.226654	80	F	2	이예로	대복교차로(울산->부산)
35.486514	128.512252	80	F	2	경남대로	신당ic교 (창녕→창원)
35.486560	128.511663	100	E	2	중부내륙고속도로	내서방면 2차선
35.486683	128.511685	100	E	2	중부내륙고속도로	내서방면 1차선
35.487027	127.265265	40	F	1	충효로	후천마을 앞 (임실→동계)
35.487216	127.402251	40	F	1	보산로	음촌마을 앞(장수→남원)
35.487293	129.314239	80	F	1	청량로	상남교차로(온산->청량)
35.487342	129.412000	30	F	2	문현2길	꽃바위유치원(화암중->문현로)
35.487395	129.411947	30	F	1	문현2길	꽃바위유치원(문현로->화암중)
35.487683	128.657033	100	E	1	함양울산고속도로	함양울산고속도로 86.6k 울산방면 종점
35.489408	129.087673	30	F	2	신평로	하북초등학교 (하북초등학교→통도사사거리)
35.489657	129.087560	30	F	1	신평로	하북초등학교 (통도사사거리→하북초등학교)
35.489854	129.416877	30	F	1	문재로	동구노인회관(문재사거리->상진초교)
35.490861	129.229428	70	F	2	웅촌로	반정삼거리(울산->부산)
35.491099	128.528491	50	F	1	계성화왕산로	법성사 앞 (밀양→창녕)
35.491107	128.528507	50	F	1	계성화왕산로	법성사 앞 (창녕→밀양)
35.491326	129.211859	30	F	2	삼동로	웅촌어린이집(삼동->웅촌)
35.491330	129.211849	30	F	1	삼동로	웅촌어린이집(웅촌->삼동)
35.491365	129.411818	60	F	1	방어진순환도로	방어진가압장(방어진->염포)
35.491383	127.472943	40	F	1	산동면 요천로	태평삼거리(남원→장수)
35.491950	128.744999	60	F	2	밀양대로	식량과학원사거리 (삼문동→시청)
35.492017	127.476065	30	F	2	요천로	산동초등학교 앞 (남원→장수)
35.492032	126.730537	70	F	2	왕림로	도산마을 앞(고창→정읍)
35.492086	127.244511	40	F	2	임삼로	세심마을 앞(임실→오수)
35.492676	127.602597	40	F	1	이백로	서갈마을 앞(남원→함양)
35.492714	127.602527	40	F	1	이백로	서갈마을 앞(함양→남원)
35.492899	127.801016	50	F	1	천왕봉로	국계마을
35.492952	127.800979	50	F	1	천왕봉로	국계마을 (유림면→함양읍)
35.494038	129.418261	50	F	2	봉수로	월봉사(동구청->방어진)
35.494198	126.701274	50	F	1	고인돌대로	신림초등학교 앞(고창→정읍)
35.494230	128.783081	50	F	3	활성로	활성1통마을
35.494355	129.311255	80	F	2	청량로	상남교차로(청량->온산)
35.495322	129.421329	30	F	2	월봉로	양지초등학교(월봉로->울산과학대)
35.495338	126.700867	50	F	1	고인돌대로	신림초등학교 앞(정읍→고창)
35.495357	129.421308	30	F	1	월봉로	양지초등학교(과학대->방어진순환도로)
35.495481	127.149315	30	F	1	인덕로	덕치초등학교 앞(순창→임실)
35.495510	127.149206	30	F	1	인덕로	덕치초등학교 앞 (덕치→인계)
35.496387	128.154763	80	F	2	합천대로	아등재내리막길(의령→합천)
35.496643	129.407193	60	F	2	방어진순환도로	미포조선신호대(염포->방어진)
35.496996	128.794954	50	F	2	산외강변로	경상남도 민물고기 전시관 (산외면→부북면)
35.497003	128.794937	50	F	1	산외강변로	경상남도 민물고기 전시관 (부북면→산외면)
35.498247	126.508898	60	F	1	동호로	금평마을 앞 (동호해수욕장→상하)
35.498248	129.123148	30	F	2	삼동로	지랑경로당(통도사->보라CC)
35.498275	129.123132	30	F	2	삼동로	지랑경로당(보라CC->통도사)
35.498280	126.508995	60	F	1	동호로	금평마을 앞(상하→동호해수욕장)
35.498643	126.990312	40	F	3	청정로	금정마을 양방향 (산내↔정읍)
35.498689	126.524363	60	F	1	선운대로	선동초등학교 앞 (무장→군유오거리)
35.499118	127.359735	30	F	1	덕오로	사매초등학교 앞(임실→남원)
35.499244	129.231461	80	F	2	이예로	대복고개교차로(울산->부산)
35.499448	127.360143	30	F	1	덕오로	사매초등학교 앞 (사매교차로→임실)
35.500572	127.003180	30	F	1	쌍계로45	쌍치초등학교 앞(쌍치사거리→쌍치파출소)
35.500624	128.817966	80	F	2	석정로	다원마을(밀양→울산)
35.500730	127.510857	40	F	1	요천로	월산마을 앞 (남원→장수)
35.501655	128.811100	80	F	2	밀양대로	썬테크 앞
35.502361	127.520590	40	F	1	장수로	수척마을 앞 (남원→장수)
35.502543	126.527231	60	F	2	선운대로	선동초등학교 앞 (군유오거리→무장)
35.502685	129.367760	30	F	1	장생포고래로	장생포초교(고래박물관->매암사거리)
35.503135	127.717923	40	F	2	함양로	천령유치원 앞 (함양군청→남원)
35.503157	127.717885	40	F	1	함양로	천령유치원 (남원→함양군청)
35.503611	127.718198	30	F	3	함양로	천령유치원 앞
35.504223	126.797201	30	F	2	입암중앙길	입암초등학교 앞(입암→내장산IC)
35.504356	126.796750	30	F	1	입암중앙길	입암초등학교 앞(내장산IC→입암)
35.504726	127.610059	30	F	1	아백로	아영초등학교 앞(함양→남원)
35.505147	127.610938	30	F	1	이백로	아영초등학교 앞 (남원→함양)
35.506013	128.756904	60	F	2	밀양대로	대웅맨션 앞
35.506249	129.282509	50	F	2	청량천변로	산단삼거리(진곡마을)
35.506882	128.421473	50	F	3	유어장마로	거마마을회관 앞 양면단속 (부곡리↔광산리)
35.506941	126.607464	80	F	2	선운대로	반암교차로 (흥덕→선운사)
35.507358	129.420621	30	F	2	진성6길	미포초등학교(봉수로->방어진순환도로)
35.507393	129.420744	30	F	1	진성6길	미포초등학교(일산5단지아파트->봉수로)
35.507633	127.274829	30	F	1	충효로	삼계초등학교 앞(순창→오수)
35.508047	126.533126	60	F	3	선운대로	주산마을 앞 (심원↔해리)
35.508223	128.411756	40	F	3	우포1대로	유어초등학교(유어파출소↔유어보건지소)
35.508415	129.323251	70	F	2	산업로	선암역(명동삼거리->두왕)
35.508462	126.646590	30	F	2	복분자로	복분자클러스터유원지 앞(아산면→부안면)
35.508727	127.275542	30	F	2	충효로	삼계초등학교 앞 (오수→순창)
35.509054	127.533524	40	F	1	장수로	신원마을 앞(남원→장수)
35.509183	129.425025	30	F	2	진성4길	전하아이파크2단지(방어진순환로->봉수로)
35.509258	129.425207	30	F	1	진성4길	전하아이파크2단지(봉수로->방어진순환로)
35.509751	129.410246	70	E	2	장생포로	울산대교동구방향종점(염포산요금소)
35.509795	129.410439	70	S	1	장생포로	울산대교남구방향시점(염포산요금소)
35.510088	126.646419	30	F	1	복분자로	복분자클러스터유원지 앞(부안면→아산면)
35.510629	126.795100	60	F	2	정읍남로	월천마을 앞 (정읍→장성)
35.510703	127.953705	50	S	1	차황대병로	황매산터널 시점 (산청→합천)
35.510775	127.953839	50	F	1	차황대병로	황매산터널 시점 (산청→합천)
35.511310	127.811108	80	F	2	거함대로	본통마을 (함양→산청)
35.511428	128.729282	30	F	1	부북로	부북초등학교 (부북면사무소→부북파출소)
35.511498	129.370732	70	S	2	장생포로	울산대교동구방향시점
35.511607	129.370753	70	E	1	장생포로	울산대교남구방향종점
35.511812	129.327902	60	F	2	남부순환도로	명동교(감나무진고가교->명동삼거리)
35.512215	127.809938	80	F	3	거함대로	본통사거리
35.512279	128.728783	30	F	2	부북로	부북초등학교 (부북파출소→부북면사무소)
35.512594	126.663222	30	F	1	복분자로	부안초등학교 앞 (고창북중학교→석교)
35.512663	126.663198	30	F	1	복분자로	부안초등학교 앞(석교→고창북중학교)
35.512889	127.401085	30	F	1	보산로	보절초등학교 앞 (덕보삼거리→남원)
35.512981	127.401182	30	F	1	보산로	보절초등학교 앞(남원→덕보삼거리)
35.513004	127.353470	30	F	2	덕오로	덕과초등학교 앞(임실→남원)
35.513493	129.315553	60	F	1	남부순환도로	선암터널(명동삼거리->감나무진고가교)
35.513863	126.677300	50	F	1	복분자로	덕흥마을 앞 (석교→오산)
35.514113	127.352109	30	F	1	덕오로	덕과초등학교 앞(남원→임실)
35.514370	128.429781	60	F	1	우포유어농로	작달마을 입구
35.514537	129.319266	30	F	1	선암호수길	선암호수노인복지관(삼일여고->야음초교)
35.514995	128.875762	30	F	1	표충로	태룡초등학교 (단장리→사연리)
35.515013	128.875805	30	F	1	표충로	태룡초등학교 (사연리→단장리)
35.515074	129.425438	30	F	1	녹수12길	전하초교 후생관마트(동구청->한마음회관)
35.515281	129.261334	80	F	1	이예로	문죽교차로(부산->울산)
35.515404	128.490797	30	F	2	창녕장마로	창녕유치원 (창녕읍→장마면)
35.515429	128.490842	30	F	1	창녕장마로	창녕유치원 (장마면→창녕읍)
35.516144	129.426291	30	F	2	바드래길	전하초등학교(봉수로->전하초)
35.516183	129.425824	30	F	1	바드래길	전하초등학교(방어진순환도로->봉수로)
35.516714	126.674562	50	F	1	인촌로	농협주유소 전 (수남리→중흥리)
35.516781	128.382552	50	F	3	우포1대로	등대마을(적포교↔유어면사무소)
35.517255	128.173707	30	F	2	대한로	대양초등학교 맞은편 (진주,신반→고령,합천)
35.517255	128.173707	80	F	1	합천대로	신전천2교 앞
35.517331	128.173737	30	F	2	대야로	대양초등학교 (고령,합천→진주,신반)
35.517358	128.173732	30	F	1	대야로	대양초등학교 맞은편 (진주,신반→고령,합천)
35.517454	129.426822	30	F	1	바드래1길	울산시육아종합지원센터(방어진순환도로->봉수로)
35.517454	129.426833	30	F	2	바드래1길	울산시육아종합지원센터(봉수로->방어진순환도로)
35.517637	129.306418	70	E	2	남부순환도로	남부순환도로 구간단속두왕방향종점(문수양궁장->감나무진사거리)
35.517702	127.760038	40	F	2	목현옥매로	매촌마을 (유림면→함양읍)
35.517716	127.759920	40	F	1	목현옥매로	매촌마을
35.517825	129.304229	70	S	1	남부순환도로	남부순환도로 구간단속옥현방향시점(감나무진사거리->문수양궁장)
35.518400	127.982372	50	F	2	차황대병로	황매산터널 종점 (산청→합천)
35.518605	126.708466	70	F	1	고인돌대로	제하교차로 전 600m (고창→정읍)
35.518879	129.233508	60	F	2	율리삼동로	문수IC(삼동->문수IC)
35.519012	126.685526	110	S	1	서해안고속도로	서해안고속도로 목포기점 86.0K 상 시점 【전북고창】(목포→서울)
35.519030	126.700348	30	F	1	흥덕초등길	흥덕초등학교 앞(고창북고등학교→흥덕중학교)
35.519191	127.758799	80	F	2	하림대로	옥매교(함양읍→수동면)
35.519320	126.700516	30	F	2	흥덕초등길	흥덕초등학교 앞(흥덕중학교→고창북고등학교)
35.520037	126.646982	40	F	1	질마재로	창내마을 앞(선운보건진료소↔부안면사무소)
35.520232	127.719276	30	F	3	함양남서로	위림초등학교
35.520232	129.398766	60	F	1	성내고가도로	염포산터널밑(염포산터널->아산로)
35.520257	127.726365	30	F	3	함양초등길	함양초등학교 후문
35.520335	127.719237	30	F	2	함양남서로	위림초등학교 (병곡면→함양군청)
35.520357	127.719145	30	F	1	함양남서로	위림초등학교 (함양군청→병곡면)
35.520993	127.282449	60	F	1	충효로	덕계사거리 (오수→순창)
35.521023	129.330294	30	F	1	산업로355	야음초교(에코하이츠->수암로)
35.521497	127.726457	30	F	2	함양초동길	함양초등학교 (함양도서관→부속청사)
35.521501	127.726398	30	F	1	함양초동길	함양초등학교 (부속청사→함양도서관)
35.521527	127.535067	40	F	2	장수로	하노단마을 앞 (장수→남원)
35.521549	127.398292	40	F	1	보산로	은천마을 앞(남원→장수)
35.521709	127.535220	60	F	2	장수로	하노단마을
35.522475	127.731350	30	F	2	교산중앙길	위성초등학교(용삼들→청아아파트)
35.522518	127.731441	30	F	1	교산중앙길	위성초등학교(함양군청→위성초등학교)
35.522614	129.333980	50	F	1	수암로	KT남울산지사교차로(변전소사거리->공업탑)
35.522671	129.429569	30	F	2	명덕로	현대중공업어린이집(봉수로->방어진순환도로)
35.522706	129.429612	30	F	1	명덕로	현대중공업어린이집(방어진순환도로->봉수로)
35.522828	127.778481	70	F	2	고운로	알뜰주유소 (함양읍→수동면)
35.522888	127.731404	30	F	3	위성초등길	위성초등학교
35.523274	127.731494	30	F	1	교산4길	위성초등학교(한주아파트→함양중학교)
35.523296	127.731484	30	F	2	교산4길	위성초등학교(함양중학교→한주아파트)
35.523789	129.158537	30	F	2	삼동로	삼동초등학교(울산->양산)
35.524007	129.158650	30	F	1	삼동로	삼동초등학교(양산->울산)
35.524088	126.713522	70	F	2	선운대로	제하교차로 (정읍→고창)
35.524256	129.391278	70	S	1	아산로	아산로구간단속명촌방향시점1(염포->명촌)
35.524295	129.391385	70	S	1	아산로	아산로구간단속명촌방향시점2(염포->명촌)
35.524446	126.595269	60	F	2	선운대로	수다동마을 앞(흥덕→상하)
35.524636	128.912573	30	F	1	표충로	산동초등학교 맞은편 (밀양ic→언양)
35.524645	128.912594	30	F	2	표충로	산동초등학교 앞(언양→밀양ic)
35.524726	126.806623	30	F	2	정읍남로	정읍대흥초등학교 앞(입암→정읍)
35.524728	126.594986	60	F	1	선운대로	수다동마을 앞(상하→흥덕)
35.524778	126.552570	30	F	1	심원로	심원초등학교 앞 (심원→아산)
35.524828	126.552645	30	F	2	심원로	심원초등학교 앞 (아산→심원치안센타)
35.524981	127.765328	70	F	2	고운로	중촌마을 앞(생초→함양ic)
35.525050	127.765242	70	F	1	고운로	중촌마을 앞
35.525092	126.806950	30	F	1	정읍남로	정읍대흥초등학교 앞(정읍→입암)
35.525107	129.316353	30	F	2	중앙로47번길	수암힐스테이트후문(수암초->신남로)
35.525142	129.316471	30	F	1	중앙로47번길	수암힐스테이트후문(신남로->수암초)
35.525168	129.390488	70	F	2	아산로	아산로구간단속종점2(중구->동구)
35.525758	129.317790	30	F	1	중앙로	수암초등학교(롯데캐슬->시청)
35.527294	129.255849	80	F	1	청량로	두현2교(두왕->율리)
35.527425	127.295379	40	F	1	충효로	신기마을 앞(오수→삼계)
35.527434	127.160388	50	F	1	강동로	강동교 앞 (동계→강진)
35.528054	129.396728	50	F	2	염포로	염포중리마을(효문->염포)
35.528150	129.325757	30	F	2	대암로90번길	대현초교(현대홈타운1,2단지->대현체육관)
35.528290	126.707063	60	F	2	부안로	치이삼거리 (부안→고창)
35.528416	129.396594	50	F	1	염포로	염포중리마을(염포->효문)
35.528989	129.269055	70	S	2	남부순환도로	남부순환도로 구간단속두왕방향시점(문수양궁장->감나무진사거리)
35.529312	129.269023	70	E	1	남부순환도로	남부순환도로 구간단속옥현방향종점(감나무진사거리->문수양궁장)
35.529892	129.429762	50	F	1	봉수로	녹수초등학교(동부도서관->방어진순환도로)
35.529961	127.713170	60	F	3	함양남서로	대죽교교차로
35.529981	126.904742	60	F	2	순정로	부무마을 앞 (순창→정읍)
35.530010	129.305243	30	F	2	대공원로	금란어린이집(올림푸스골든->여천천지하차도)
35.530033	129.432972	50	F	2	방어진순환도로	서부패밀리아파트(남목->동부경찰서)
35.530124	129.305243	30	F	2	대공원로	금란어린이집(여천천지하차도->올림푸스골든)
35.530225	129.409132	60	F	2	방어진순환도로	남목고개정수장(남목고등학교->염포삼거리)
35.530565	127.712590	60	F	2	함양남서로	대죽교교차로 (월암삼거리,안의,서하→산청,함양)
35.530595	127.688488	40	F	1	함양남서로	병곡초등학교 (병곡면사무소→가촌마을회관)
35.530608	127.688558	40	F	2	함양남서로	병곡초등학교 (가촌마을회관→병곡면사무소)
35.530616	127.688765	30	F	3	함양남서로	병곡초등학교
35.530626	127.712655	60	F	1	함양남서로	대죽교교차로 (산청,함양→월암삼거리,안의,서하)
35.530809	127.165588	30	F	1	호국로	갈담초등학교 앞(강진→청웅)
35.530924	127.696011	60	F	2	함양남서로	가촌마을
35.531035	127.166197	30	F	1	호국로	갈담초등학교 앞 (청웅→강진)
35.531236	127.158621	50	F	1	강운로	갈담삼거리 앞 (전주→강진)
35.531253	127.013091	50	F	1	청정로	삼장마을 앞(쌍치→산내)
35.531271	127.012958	40	F	1	청정로	삼장마을 앞(산내면→쌍치면)
35.531315	128.704348	60	F	2	창밀로	창밀로 밀양연극촌 앞
35.531450	127.676278	60	F	1	함양남서로	토내마을
35.531507	127.338929	80	F	2	춘향로	오수교차로 전(전주→남원)
35.531800	126.811573	60	F	1	정읍남로	신마석마을 앞 (입암→정읍)
35.532199	127.306754	100	S	2	순천완주고속도로	순천완주고속도로 순천기점 73.2K 하 시점 【전북임실】(완주→순천)
35.532258	129.318756	30	F	1	도산로	청솔초등학교(동백초->롯데마트)
35.532282	129.318792	30	F	2	도산로	청솔초등학교(롯데마트->동백초)
35.532599	127.698359	60	F	1	함양남서로	가촌마을
35.532656	127.992999	60	E	1	차황대병로	황매산터널 종점 (산청→합천)
35.532675	126.922917	60	F	2	순정로	백석교 후방 (순창→정읍)
35.533153	127.672567	60	F	2	함양남서로	토내마을
35.533422	126.812366	60	F	2	정읍남로	구마석마을 앞 (정읍→입암)
35.533858	127.545430	30	F	1	지지로	번암초등학교 앞(노단삼거리→장계)
35.534158	126.890615	30	F	2	내장산로	내장초등학교 앞 (정읍→내장산)
35.534198	127.307913	100	E	1	순천완주고속도로	순천완주고속도로 순천기점 73.5K 상 종점 【전북임실】(순천→완주)
35.534210	127.546004	30	F	2	지지로	번암초등학교앞
35.534314	126.890730	30	F	1	내장산로	내장초등학교 앞(내장산→정읍)
35.534371	127.546069	30	F	1	지지로	번암초등학교 (장계→노단삼거리)
35.534475	127.546226	30	F	1	지지로	번암초등학교
35.534494	129.350964	60	F	1	산업로	여천교삼거리(여천오거리->태화강역)
35.534524	129.289890	30	F	1	대공원입구로21번길	격동초등학교(대공원입구->서광아파트)
35.534542	129.289826	30	F	2	대공원입구로21번길	격동초등학교(서광아파트->대공원입구)
35.534557	127.738215	60	F	3	함양로	평촌마을
35.534891	127.738447	60	F	2	함양로	평촌마을
35.535921	129.107757	30	F	1	중남로	중남초교(삼남삼거리->교동삼거리)
35.536702	128.665697	40	F	1	창밀로	동산마을(밀양→창녕)
35.536783	127.340267	80	F	1	춘향로	내동교차로 전(남원→전주)
35.537313	126.743593	30	F	1	낙산로	성내초등학교 앞(성내→낙산)
35.537327	129.284848	30	F	1	법대로14번길	옥서초교(구법원앞교차로->골프타운)
35.537544	126.743274	30	F	1	낙산로	성내초등학교 앞 (낙산→성내)
35.537706	129.419351	60	F	1	방어진순환도로	남목고등학교(염포->남목)
35.537917	129.260623	60	F	1	문수로	문수축구경기장앞(울주군청->공업탑)
35.537973	129.260056	60	F	2	문수로	문수구장정문(공업탑->부산)
35.538496	126.585629	60	F	1	선운대로	용기마을 (상하→심원)
35.539242	127.740100	50	F	1	함양로	삼천마을
35.539398	129.448955	60	F	1	미포산업로	방어진수질사업소(남목->주전)
35.539415	126.570689	60	F	2	선운대로	하전마을 앞 (선운사→심원)
35.539636	127.740396	50	F	1	함양로	삼천마을(공배리→신천리)
35.539654	127.740439	50	F	2	함양로	삼천마을(신천리→공배리)
35.539658	128.113527	30	F	1	황계폭포로	용주초등학교 (가회면,대병면→합천)
35.539684	128.113511	30	F	2	황계폭포로	용주초등학교 맞은편 (합천→가회면,대병면)
35.539686	129.347994	60	F	2	삼산로	삼산사거리(공업탑->태화강역)
35.539767	128.476929	100	S	2	중부내륙고속도로	내서방면 2차선
35.539865	129.374460	70	F	2	아산로	양정2교앞(명촌->염포)
35.539992	128.113398	30	F	2	합천호수로	용주초등학교 맞은편 (합천→가회면,대병면)
35.540208	129.106953	30	F	1	자수정로	이화어린이집(새진흥아파트->중남로)
35.540338	129.108154	30	F	1	자수정로	삼남읍행정복지센터(중남로->새진흥아파트)
35.541233	127.818618	50	F	1	수남로	죽전마을 (화산삼거리→거창)
35.541293	127.818645	60	F	1	수남로	죽전마을
35.541379	129.429305	30	F	2	안산로	미포경로당앞(남목시장->현대공고)
35.541405	129.429428	30	F	1	안산로	미포경로당앞(현대공고->남목시장)
35.541867	127.173490	40	F	2	호국로	이목마을 앞 (청웅→강진)
35.542393	127.329457	30	F	1	충효로	오수초등학교 앞(남원→장수)
35.542528	127.329350	30	F	1	충효로	오수초등학교 앞 (장수→남원)
35.543888	127.780957	80	F	3	거함대로	남계삼거리
35.544279	129.164230	80	F	2	울밀로	대천교(언양->울산)
35.544695	129.166509	80	F	2	울밀로	대천교(울산->언양)
35.544782	129.385286	30	F	2	양정2길	양정초등학교정문(정문->염포로)
35.544988	127.759821	60	F	2	함양로	부야마을
35.545175	129.342247	30	F	1	돋질로339번길	백합초등학교정문(강남로->백합초입구사거리)
35.545583	127.761094	60	F	3	함양로	부야마을 (지곡면사무소↔함양군청)
35.545694	128.634521	60	F	2	창밀로	청도삼거리 앞 (창녕→밀양)
35.545747	129.435430	50	F	2	동해안로	마성교(주전->남목)
35.546049	129.285279	50	F	2	삼호로	소나무경로당(신복로터리->태화로터리)
35.546380	129.282412	50	F	1	삼호로	정광사삼거리(태화강전망대->신복)
35.546702	128.281201	30	F	3	적중로	적중초등학교 양면 (초계면↔청덕면)
35.547116	127.181989	40	F	1	호국로	부흥마을 앞 (강진→임실)
35.547162	127.181919	40	F	1	호국로	부흥마을 앞(임실→강진)
35.547184	128.301536	60	F	2	동부로	동부농협농산물직판장 앞(초계면→청덕면)
35.547184	128.301536	70	F	1	합천대로	교동교차로(고령방면)
35.547905	128.111994	70	F	2	합천호수로	농업기술센터 (합천댐→합천읍)
35.547957	129.360197	70	F	2	아산로	아산로구간단속시점2(중구->동구)
35.548003	129.360486	70	E	1	아산로	아산로구간단속명촌방향종점2(염포->명촌)
35.548361	129.333487	60	S	1	강남로	남부소방서앞시점(학성교->번영교)
35.548579	129.316884	50	F	1	신정로	월봉초교(팔등로사거리->강남로)
35.548656	126.832426	30	F	1	정읍남로	정읍다솜학교 앞(정읍→입암)
35.548846	126.832993	30	F	2	정읍남로	정읍다솜학교 앞(입암→정읍)
35.548865	129.282834	60	F	1	남산로	정광로입구(와와교차로->삼호교)
35.549177	128.624745	30	F	1	청도로	청도초등학교 (청도삼거리,미리벌중학교→청도, 구서)
35.549195	128.624756	30	F	2	청도로	청도초등학교 (청도, 구서→청도삼거리,미리벌중학교)
35.549465	129.254651	30	F	2	신복로	신복초등학교정문(대학로->장검)
35.549483	129.254726	30	F	1	신복로	신복초등학교(남운아파트->대학로)
35.549574	129.296048	30	F	1	태화강국가정원길	재능어린이집앞(다운사거리->태화루)
35.549579	129.296043	30	F	2	태화강국가정원길	재능어린이집앞(태화루->다운사거리)
35.549660	127.495631	60	F	2	장수로	국포삼거리
35.549740	129.162984	30	F	1	언양로	반송공촌마을(신복->언양)
35.549749	129.318220	60	E	1	강남로	강남고교앞종점(번영교->태화교)
35.549941	127.327741	80	F	2	춘향로	남악교차로 앞 (전주→남원)
35.549996	127.495005	40	F	2	장수로	국포삼거리 (장수→남원)
35.550029	127.495114	40	F	1	장수로	국포삼거리 (남원→장수)
35.550357	129.354927	60	F	1	강북로	내황교앞(아산로->학성교)
35.550384	129.291050	60	S	1	이예로	국가정원교시점(옥동->농소)
35.550384	129.291050	60	E	2	이예로	국가정원교종점(농소->옥동)
35.550737	126.620577	40	F	2	인촌로	고잔마을 앞(봉암초교→심원)
35.550941	127.766390	60	F	2	함양로	효산마을 (거창,안의→남원,함양)
35.551227	129.159384	50	F	2	반천반송산업로	반천산업단지내리막(산업단지->언양로)
35.551625	128.111934	70	F	1	합천호수로	농업기술센터 (합천읍→합천댐)
35.551651	129.332686	60	F	2	강북로	학성배수장(번영교->아산로)
35.551900	127.768090	60	F	2	함양로	효산마을 앞
35.552115	128.291223	60	F	1	동부로	동부농협농산물직판장 앞(초계면→청덕면)
35.552265	129.260417	70	F	2	남부순환도로	신복고가차도입구(고속도로->옥현)
35.552306	128.149040	60	F	3	적중로	성산2구경로당 앞 교차로 양면 (합천호↔합천군청)
35.552848	129.317039	60	F	1	강북로	강변주차장(태화루->번영교)
35.553249	129.260622	30	F	2	굴화길	굴화초후문(울산상업고->삼호초)
35.553324	129.290250	50	F	1	태화로	학성여중(태화루->다운동)
35.553498	128.762536	30	F	1	상동로	상동초등학교(상동면행정복지센터→밀양상동우체국)
35.553520	129.261426	30	F	1	굴화3길	굴화초정문(굴화초후문->강변그린빌)
35.553551	128.762503	30	F	1	삼동로	상동초등학교 (청도→밀양)
35.553646	129.258326	70	F	1	남부순환도로	울산고속도로진입1.2차로(신복->언양)
35.553742	129.258396	70	F	1	남부순환도로	울산고속도로진입3.4차로(신복->언양)
35.555100	128.506020	50	F	3	창밀로	도야마을(밀양↔창녕)
35.555283	128.315728	60	F	2	동부로	두곡마을 (합천→창녕)
35.555340	128.463678	30	F	1	거류로	대지초등학교 (합천→창녕군청)
35.555366	128.463791	30	F	2	우포2로	대지초등학교(창녕군청→합천)
35.555381	128.315534	60	F	1	동부로	두곡마을 (합천→창녕)
35.555739	126.777705	30	F	1	보화1길	소성초등학교 앞(정읍→고창)
35.555760	126.777933	30	F	2	보화1길	소성초등학교 앞(고창→정읍)
35.555980	126.698384	60	F	1	부안로	용반마을 앞 (흥덕→줄포)
35.556056	127.710584	50	F	1	병곡지곡로	마평마을 (두동마을→월암마을)
35.556170	127.710582	50	F	2	마평길	마평마을
35.556798	129.329951	30	F	1	학성로	함월초교입구(안국한의원->학성삼거리)
35.556911	129.457120	30	F	1	동해안로	주전초등학교(남목->정자)
35.556930	129.457114	30	F	2	동해안로	주전초등학교(정자->남목)
35.557151	128.267985	50	F	2	동부로	초계면보건지소(합천→창녕)
35.557156	127.195302	60	F	2	호국로	백련교차로 (청웅→강진)
35.557169	128.267931	50	F	1	동부로	초계면보건지소(창녕→합천)
35.557305	128.268548	50	F	2	동부로	초계면보건지소(창녕→합천)
35.557305	128.268548	70	F	1	가야산로	에벤에셀요양원 앞
35.557417	126.627700	30	F	1	인촌로	봉암초등학교 앞(선운리→흥덕)
35.557515	126.627632	30	F	1	인촌로	봉암초등학교 앞 (부안면→송현리)
35.557884	127.492443	40	F	1	장수로	금천마을 앞 (번암면→장수)
35.557937	129.452022	60	F	2	미포산업로	갑골소류지밑(강동->주전)
35.558242	127.342770	50	F	2	충효로	바웃거리마을 앞 (장수→오수)
35.558255	129.329882	30	F	2	학성1길	함월초등학교(복산육거리->학성삼거리)
35.558268	129.329791	30	F	1	학성1길	함월초등학교(학성삼거리->복산육거리)
35.558393	126.866319	30	F	1	상동중앙로	동신초등학교 앞 (신월동→상동)
35.558395	128.121933	70	F	2	합천호수로	청조펜션
35.558492	127.757582	100	F	2	대전통영	통영대전고속도로 통영기점 108K 하【경남함양】(대전→통영)
35.558589	126.866433	30	F	2	상동중앙로	동신초등학교 앞 (교육청→정읍사공원)
35.558600	129.351962	30	F	1	고헌로	효성해링턴301동앞(내황교<->동천교)
35.558730	127.492500	40	F	2	금천길	금천마을
35.558730	127.492522	40	F	1	장수로	금천마을
35.558757	127.492604	40	F	2	장수로	금천마을 앞 (장수→번암면)
35.559049	128.263586	30	F	1	초계중앙로	초계초등학교(창녕→합천)
35.559057	126.823945	100	S	2	호남고속도로	호남고속도로 하행 126.2K 시점(정읍→순천)
35.559058	128.263596	30	F	2	초계중앙로	초계초등학교(합천→창녕)
35.559214	128.263632	30	F	2	초계중앙로	초계초등학교(창녕→합천)
35.559214	128.263632	70	F	2	합천대로	교동교차로(진주행)
35.559396	126.850982	50	F	2	정읍남로	호남고등학교 앞 (입암→정읍시청)
35.560248	127.196261	40	F	1	청웅로	신기마을 앞 (강진→청웅)
35.560520	129.310082	30	F	1	우정9길	우정동아이파크아파트(우정초교->우정공원)
35.560559	129.310034	30	F	2	우정9길	우정동아이파크아파트(우정공원->우정초교)
35.560812	129.225185	30	F	1	천상길	울주천상도서관(천상초->범서초)
35.560852	129.225211	30	F	2	천상길	울주천상도서관(범서초->천상초)
35.560898	128.323399	60	F	1	동부로	중회마을 (창녕→합천)
35.560992	128.323156	60	F	2	동부로	중회마을 (창녕→합천)
35.561018	128.254888	50	F	1	동부로	중리마을회관 (합천→창녕)
35.561057	129.299417	30	F	2	종가5길	아리솔유치원(교육청->함월고)
35.561065	129.299364	30	F	1	종가5길	아리솔유치원(함월고->교육청)
35.561070	129.132713	30	F	2	언양로	언양누리유치원(언양->울산)
35.561131	129.132584	30	F	1	언양로	언양누리유치원(울산->언양)
35.561261	126.871929	30	F	2	학산로	한솔초등학교 앞 (시청→내장산)
35.561364	126.871943	30	F	1	학산로	한솔초등학교 앞 (내장산→시청)
35.561383	128.348689	60	F	3	동부로	중적포 마을
35.561399	128.348736	60	F	1	동부로	동부로 중적포 마을
35.561539	126.853310	50	F	1	천변로	정주교사거리(정읍역→내장산)
35.561770	126.821893	30	F	2	소성상평로	서신초등학교 앞(소성→정읍)
35.561838	126.821929	30	F	1	소성상평로	서신초등학교 앞(정읍→소성)
35.562139	129.116356	30	F	2	교동로	석남유치원(언양->보건소)
35.562157	129.116560	30	F	1	교동로	석남유치원(보건소->언양)
35.563666	127.357728	30	F	2	충효로	지사초등학교 앞(오수→산서)
35.563723	127.357662	30	F	2	충효로	지사초등학교 앞 (산서→오수)
35.563845	129.191961	80	F	1	울밀로	무동교(언양->울산)
35.563898	129.318440	50	F	2	성안로	함월고가교(경찰청정문->북정교차로)
35.564164	127.782804	80	F	3	지곡창촌길	구라교차로
35.564757	128.162778	30	F	2	대야로	합천초등학교 정문 맞은편 (거창→진주)
35.564859	128.162586	30	F	2	대야로	합천초등학교 정문 맞은편 (거창→진주)
35.564888	129.291755	60	E	1	이예로	유곡교차로종점3(옥동->농소)
35.564888	129.291755	60	S	2	이예로	유곡교차로시점(농소->옥동)
35.565046	128.162963	30	F	1	대야로	합천초등학교 정문(진주→거창)
35.565168	128.162896	30	F	1	대야로	합천초등학교 정문(진주→거창)
35.566142	126.862029	30	F	1	관통로	정읍동초등학교 앞(정읍사공원→전주)
35.566177	126.862532	30	F	2	충정로	정읍동초등학교 앞 (내장산→정읍시청)
35.566535	126.862401	30	F	2	정읍북로	정읍동초등학교 앞 (북면→정읍)
35.566587	126.826274	100	E	1	호남고속도로	호남고속도로 순천기점 127.0K 상 종점【전북정읍】(광주→대전)
35.566592	126.862349	30	F	1	정읍북로	정읍동초등학교 앞(김제→정읍)
35.566712	126.860340	30	F	1	충정로	정읍동초등학교 앞 (정읍시청→내장산)
35.566761	126.836536	50	F	1	서부산업도로	신흥장미아파트 (종합경기장→정읍역)
35.566769	127.925843	30	F	1	신차로	신원초등학교 (산청→신원면사무소)
35.566901	126.836413	50	F	2	서부산업도로	신흥장미아파트 (정읍역→종합경기장)
35.567043	127.556625	30	F	1	지지로	번암초등학교 동화분교 앞(장계→번암)
35.567057	127.556712	30	F	2	지지로	번암초등학교 동화분교 앞(번암→장계)
35.567326	126.959148	30	F	1	칠보산로	정읍수곡초등학교 앞(칠보→내장산)
35.567363	129.243654	30	F	1	구영앞길	신하나유치원앞(구영교->범서119센터)
35.567371	129.243643	30	F	2	구영앞길	신하나유치원앞(범서119센터->구영교)
35.567505	127.556521	30	F	3	지지로	동화분교앞
35.567636	126.960161	30	F	2	칠보산로	정읍수곡초등학교 앞(내장산→칠보)
35.567842	128.167160	50	F	2	옥산로	대야주희망정원 앞 (중앙회전교차로→교동교차로)
35.567886	128.167128	50	F	1	옥산로	대야주희망정원 앞 (교동교차로→중앙회전교차로)
35.567890	128.166883	50	F	2	옥산로	대야주희망정원 앞 (중앙회전교차로→교동교차로)
35.567958	127.029373	30	F	1	청정로	능교초등학교 앞(운암→쌍치)
35.568244	127.311394	80	F	1	춘향로	임실셀프주유소 앞 (남원→임실)
35.568449	129.266458	50	F	1	다운로	다운동아아파트교차로(다운초->척과)
35.569169	126.847955	30	F	2	명륜길	정읍서초등학교 앞(정읍우체국→연지아트홀)
35.569173	128.153824	30	F	2	인덕로	합천유치원 (합천소방서→합천왕후시장)
35.569191	128.153680	30	F	1	인덕로	합천유치원 (합천왕후시장→합천소방서)
35.569412	128.153573	30	F	2	인덕로	합천유치원 (합천소방서→합천왕후시장)
35.569553	127.901820	60	F	1	청수로	청용마을 (함양,진목리→거창,과정리)
35.569570	129.336287	30	F	1	약사로	약사래미안2단지정문(무룡초등학교->약사동행복센터)
35.569592	129.339591	30	F	2	평산4길	평산4길 약사가온유치원(북부순환도로->번영로)
35.569610	129.339602	30	F	1	평산4길	평산4길 약사가온유치원(번영로->북부순환도로)
35.570308	126.848497	30	F	1	중앙로	서초등학교 앞(정읍역→시청)
35.570548	129.360697	60	F	2	산업로	경제진흥원앞(공항->태화강역)
35.570583	129.314471	50	F	2	성안로	경찰청정문(백양사->북정동)
35.570700	127.022199	40	F	1	태산로	산내파출소 앞 (태인→산내사거리)
35.570768	129.227753	30	F	2	송현길	범서하이패스IC(울밀로->범서읍사무소)
35.570780	127.022255	40	F	2	태산로	산내파출소 앞 (산내사거리→태인)
35.570981	127.136999	80	F	2	모악로	밤재터널 후방 졸음쉼터 (임실→순창)
35.571284	127.365430	60	F	1	충효로	계촌마을 앞(장수→오수)
35.571325	126.847542	30	F	1	중앙로	정읍서초등학교 앞 (시청→정읍역)
35.571621	129.374165	70	F	2	오토밸리로	효문산성마을(경주->효문)
35.571682	129.236938	30	F	1	점촌3길	명지초등학교밑(명지초정문->범서119)
35.571695	129.236959	30	F	2	점촌3길	명지초등학교밑(범서119->명지초정문)
35.571756	128.444110	60	F	3	우포2로	월계마을 양면단속 (이방면↔대지면)
35.571852	127.203594	30	F	1	청웅로	청웅초등학교 앞(강진→임실)
35.572063	127.203640	30	F	1	청웅로	청웅초등학교 앞 (임실→청웅)
35.572162	127.738103	30	F	2	병곡지록로	두동마을(함양→거창)
35.572203	129.208885	80	F	1	울밀로	진목마을(언양->울산)
35.572227	127.738233	50	F	1	두동길	두동마을
35.572272	126.853076	50	F	1	샘골로	샘골터널 앞(샘골터널→제일고사거리)
35.572646	128.148178	60	F	1	인덕로	합천소방서 (거창→합천군청)
35.572847	129.237260	30	F	1	점촌3길	선바위도서관(구영주공->구영중)
35.572921	128.148095	60	F	2	인덕로	합천소방서 (거창→합천군청)
35.573421	128.790878	50	F	2	청매로	(밀양 방면)
35.573967	126.832194	60	F	1	천변로	하모교차로 부근(주천교차로→하모교차로)
35.574251	128.216106	50	F	3	동부로	율곡농협 맞은편(합천→창녕)
35.574403	128.215568	50	F	3	동부로	율곡농협 앞(창녕→합천)
35.574540	129.310570	30	F	2	백양로	성안초등학교앞(성안행복센터->백양사)
35.574684	128.761317	60	F	2	새마을로	신도터널 후 150m(초현교차로 방면)
35.575251	129.131050	60	F	1	반구대로	신흥삼거리(언양->경주)
35.575519	129.442111	60	F	1	미포산업로	황토전교(주전->강동)
35.575783	128.511854	30	F	1	창밀로	고암초등학교 (고암파출소→고암면사무소)
35.575839	128.511831	30	F	1	창밀로	고암초등학교 (고암면사무소→고암파출소)
35.576120	129.319523	30	F	1	함월로	백양초교정문(시립노인요양원->농협사거리)
35.576294	128.192682	60	F	2	동부로	문림1교차로 (창녕→합천군청)
35.577067	128.388137	30	F	1	이방로	이방초등학교 (의령→고령)
35.577084	128.388164	30	F	2	이방로	이방초등학교 (고령→의령)
35.577921	129.389358	70	F	2	무룡로	무룡터널(강동->북구청)
35.577958	129.378434	70	S	2	무룡로	무룡터널구간시점(연암->강동)
35.578443	127.404064	60	F	3	보산로	이룡삼거리
35.578586	126.849527	30	F	2	명덕1길	정읍북초등학교 앞 (수성동→정읍역)
35.578753	126.811425	80	F	1	소성로	주동마을 앞 (고창→정읍)
35.578806	127.403893	60	F	1	보산로	이룡삼거리 (산서→번암)
35.578910	126.692008	60	F	1	부안로	십리마을 앞 (고창→부안)
35.579148	129.319078	30	F	2	성안로	백련과학유치원(성안파출소->경찰청)
35.579357	127.357635	50	F	1	덕재로	대정마을 앞(지사→성수)
35.579451	126.850306	30	F	1	명덕1길	정읍북초등학교 앞 (정읍역→수성동)
35.579752	129.431947	60	F	2	미포산업로	황토전교앞(강동->주전)
35.579951	129.431832	60	F	1	미포산업로	황토전경로당(주전->강동)
35.580431	126.849556	30	F	1	수성1로	정읍북초등학교 후문(정읍보건소→삼화타운@)
35.580548	129.356602	60	F	2	북부순환도로	진장사거리(중구청->북구청)
35.580784	129.355958	60	F	2	북부순환도로	진장사거리(북구청->중구청)
35.581037	127.955942	50	F	3	신차로	감악마을
35.581501	129.124564	80	F	1	울밀로	직동교차로(울산->밀양)
35.581861	127.853234	60	F	1	수남로	외춘마을 (함양IC→거창)
35.582208	127.221353	60	F	1	호국로	중산마을 앞 (임실→강진)
35.582913	127.397608	30	F	3	보산로	산서어린이집
35.582982	127.764314	100	F	2	대전통영	통영대전고속도로 통영기점 111.2K 하【경남함양】(지곡→함양)
35.583262	127.397182	30	F	2	보산로	산서어린이집 앞(시장삼거리→이룡삼거리)
35.583306	127.397239	30	F	1	보산로	산서어린이집 앞(이룡삼거리→시장삼거리)
35.583351	129.371946	70	F	2	오토밸리로	연암IC(중산->효문)
35.583463	126.819530	60	F	2	천변로	주천교차로 부근(하모교차로→주천교차로)
35.584023	126.856198	30	F	1	수성3로	정읍수성초등학교 앞(주공3차@→부영2차@)
35.584155	126.855984	30	F	1	수성3로	정읍수성초등학교 앞 (부영2차@→주공3차@)
35.584191	129.359247	60	F	2	산업로	울산시티병원앞(공항->태화강역)
35.585582	127.255096	60	F	1	호국로	지산마을 앞 (청웅→임실)
35.585941	127.394981	30	F	2	동백로	산서초등학교 앞(시장삼거리→백운리)
35.585994	127.395104	30	F	3	동백로	산서초등학교앞
35.586007	127.394918	30	F	1	동백로	산서초등학교 앞(백운리→시장삼거리)
35.586367	126.861749	30	F	1	마곡로	정읍초등학교 앞 (소방서→정읍초등학교)
35.586410	126.861965	30	F	1	마곡로	정읍초등학교 앞(수성부영2차@→정읍소방서)
35.586975	129.117796	80	F	2	울밀로	직동교차로(밀양->울산)
35.587227	128.954008	30	F	2	산내로	산내남명초등학교 (얼음골→남명삼거리)
35.587520	129.414227	70	E	1	무룡로	무룡터널구간종점(연암->강동)
35.587892	126.677805	40	F	2	부안로	줄포사거리 (흥덕→줄포)
35.588056	128.952956	30	F	2	산내로	산내남명초등학교(남명주유소→남명보건진료소)
35.588113	128.952983	30	F	2	산내로	산내남명초등학교 (남명삼거리→원서리)
35.588123	126.610690	40	F	1	청자로	곰소공용주차장 앞 (보안→곰소)
35.589301	129.231020	50	F	2	두동로	망성버스정류장(두동->선바위)
35.590337	126.572345	60	F	1	청자로	관선마을 앞(내소사→격포)
35.591287	127.125868	50	F	1	강운로	동신수양관 앞(모시울교차로→하운암)
35.591607	129.093982	30	F	1	도동신리로	상북초등학교(상북행복센터->울밀로)
35.591629	128.887786	80	F	2	밀양대로	임고마을
35.591743	129.094126	30	F	2	도동신리로	상북초등학교(울밀로->상북행복센터)
35.591858	126.679266	30	F	1	줄포중앙로	줄포초등학교 앞(줄포사거리→줄포IC)
35.591890	126.679066	30	F	1	줄포중앙로	줄포초등학교 앞 (줄포IC→줄포사거리)
35.592352	126.490745	40	F	2	변산로	전북학생해양수련원 앞 (격포→모항)
35.592446	126.490858	40	F	2	변산로	전북학생해양수련원 앞 (모항→격포)
35.592850	126.674654	60	F	2	부안로	줄포중학교 앞 (보안→줄포)
35.593311	127.772612	100	S	1	대전통영	통영대전고속도로 통영기점 112.4K 상 시점 【전남함양】(통영→대전)
35.593600	126.564448	40	F	1	청자로	운호마을 앞(곰소→변산)
35.593626	126.563932	40	F	2	청자로	운호마을 앞(변산→곰소)
35.593916	126.685015	50	F	2	원장동길	원장동마을 앞(줄포IC→줄포)
35.594362	126.678176	40	F	2	줄포영서길	줄포우회도로사거리 (줄포중삼거리→천배공원)
35.594895	126.599684	30	F	1	청자로	곰소초등학교 앞(격포→곰소)
35.594997	126.599449	30	F	1	청자로	곰소초등학교 앞 (곰소→격포)
35.595328	127.122218	50	F	1	강운로	하운암마을 앞(운암→강진)
35.595868	127.801280	80	F	2	거함대로	내백교차로
35.596171	127.801504	80	F	1	거함대로	내백교차로
35.597346	128.895075	80	F	2	밀양대로	가인교차로
35.597793	129.428228	80	F	1	무룡로	신현교차로(북구청->강동)
35.598131	128.765741	50	F	1	새마을로	신도1리버스정류장(청도IC 방면)
35.598348	126.876474	60	F	2	서부산업도로	박동교차로 전(정읍→북면)
35.599041	126.865798	30	F	2	장신로	정읍영산초등학교 앞(북면육교→제2일반산업단지)
35.599083	129.372889	70	F	1	오토밸리로	화봉IC(효문->경주)
35.599315	128.375369	30	F	2	이방대합로	장천초등학교 (합천,고령→창녕)
35.599385	128.375879	30	F	2	이방대합로	장천초등학교(성산,창녕→합천)
35.600843	127.775655	60	F	1	함양로	봉곡마을
35.602028	129.354928	60	F	1	산업로	송정지하차도공사(공항->경주)
35.602318	126.887247	30	F	1	화평길	북면초등학교 앞(북면→신평리)
35.602365	126.887324	30	F	1	화평길	정읍북면초등학교 앞(신평리→북면)
35.602578	128.536865	60	F	1	고암성산대로	방리삼거리(합천,창녕→청도)
35.602578	128.536892	60	F	2	고암성산대로	방리삼거리(청도→합천,창녕)
35.602829	127.105540	30	F	2	종운로	마암초등학교 앞 (운암→산외)
35.602831	126.702653	70	F	1	주을로	줄포IC삼거리(줄포→정읍)
35.602942	129.140297	60	F	1	반구대로	반곡초등학교(언양->경주)
35.603047	127.509244	60	F	1	장수로	송계마을 앞(남원→장수)
35.603390	126.621466	40	F	1	청자로	연동마을 앞 (곰소→줄포)
35.603655	129.348137	70	F	1	동천서로	동천서로문형(서동->농소)
35.603705	127.509309	60	F	2	장수로	송계마을
35.603890	129.348046	70	F	2	동천서로	동천서로문형(농소->병영)
35.604039	126.621703	40	F	2	청자로	연동마을 앞 (줄포→곰소)
35.605392	126.612809	40	F	1	베틀재로	진서마을 앞(내소사→연동삼거리)
35.605594	126.922379	40	F	2	칠북로	마태교회 앞 (칠보→정읍)
35.606046	126.840870	30	F	2	황토현로	정읍새싹유치원 앞(덕천→정읍)
35.606156	126.989416	30	F	1	칠보중앙로	정읍칠보초등학교 앞(칠보파출소→칠보사거리)
35.606707	126.989197	30	F	2	칠보중앙로	정읍칠보초등학교 앞(칠보사거리→칠보파출소)
35.607146	129.431032	80	F	2	무룡로	신현교차로(강동->북구청)
35.607278	129.371722	70	F	2	오토밸리로	송정IC(경주->효문)
35.608042	126.883200	80	F	2	정읍대로	조동마을 앞 (태인→정읍)
35.608129	127.272957	30	F	1	봉황로	임실초등학교 정문 (운암면→임실초)
35.608191	127.273037	30	F	2	봉황로	임실초등학교 정문(호국로→임실초교)
35.608658	127.271295	30	F	2	봉황로	임실초등학교 후문 (임실읍→청웅면)
35.608733	127.271463	30	F	1	봉황로	임실초등학교 후문 (청웅면→임실읍)
35.609361	126.629146	60	F	1	청자로	청자전원마을 앞(곰소→줄포)
35.609383	126.646079	60	F	1	청자로	종곡마을 앞 (곰소→보안)
35.609738	126.647327	60	F	2	청자로	봉래정경로당 앞 (보안→곰소)
35.610519	128.023867	40	F	2	서부로	봉계마을 (봉산면사무소→양지보건소)
35.610528	128.023862	40	F	1	서부로	봉계마을 (양지보건소→봉산면사무소)
35.610622	127.283109	50	F	1	호국로	임실생활체육공원 앞 (청웅→임실IC)
35.610623	126.950683	30	F	1	암축길	백암초등학교 (백암교회→백암초교)
35.610734	128.023897	40	F	2	서부로	봉계마을 (봉산면사무소→양지보건소)
35.610903	128.660193	30	F	1	한재로	사2리경로회관(신당교차로 방면)
35.610950	126.950563	30	F	1	암축길	백암초등학교(태남교→백암초등학교)
35.611248	128.165476	60	F	1	마령로	중사동마을(합천읍→묘산면)
35.611292	128.165503	60	F	2	마령로	중사동마을(묘산면→합천읍)
35.611821	126.668205	30	F	1	부안로	영전초등학교 앞(부안→줄포)
35.612221	128.659604	30	F	1	한재로	사2리경로회관(밀양 방면)
35.612226	129.371457	70	F	2	오토밸리로	오토밸리로 북울산역(경주->효문)
35.612339	126.950613	30	F	1	칠북로	백암초등학교 앞(정읍→칠보)
35.612535	129.070877	80	F	2	울밀로	장성교(밀양->언양)
35.613084	129.276393	30	F	1	척과로	척과초등학교(척과보건소->반용)
35.613534	129.311062	80	F	2	이예로	가대교차로(농소->옥동)
35.613660	128.238105	50	F	2	황강옥전로	내천마을(고령→합천)
35.614127	128.238176	50	F	3	황강옥전로	내천마을(고령→합천)
35.614490	129.311134	80	F	1	이예로	가대교차로(옥동->농소)
35.616320	129.370898	70	F	1	오토밸리로	오토밸리로 북울산역(효문->경주)
35.616774	127.792327	60	F	2	함양로	시목마을입구 (안의,거창→함양,지곡ic)
35.617101	127.499117	60	F	2	비행로	용계마을 앞(임실→장수)
35.617358	127.793034	60	F	2	함양로	시목마을입구
35.618035	129.054052	80	F	1	울밀로	덕현교차로(밀양->언양)
35.618481	127.753341	100	F	2	대전통영	통영대전고속도로 통영기점 115.9K 하 종점【경남함양】(대전→통영)
35.618481	127.753341	100	E	2	대전통영	통영대전고속도로 통영기점 115.9K 하 종점【경남함양】(장수→함양)
35.619629	126.771820	30	F	2	영주로	고부초등학교 앞(줄포→고부사거리)
35.619744	126.771276	30	F	1	영주로	고부초등학교 앞(고부사거리→줄포)
35.620083	129.368944	70	F	2	오토밸리로	원지저수지(경주->효문)
35.620199	126.843417	30	F	1	황토현로	정읍덕천초등학교 앞(이평→정읍)
35.620234	127.294298	50	F	2	호국로	갈마교 앞 (갈마교→임실경찰서)
35.620559	126.843509	30	F	2	황토현로	정읍덕천초등학교 앞(정읍→이평)
35.621026	127.039157	30	F	1	산외로	산외우체국 앞(칠보→산외)
35.621104	129.224208	50	F	2	두동로	지지고개(범서온천->중리마을)
35.621260	128.762499	60	F	2	새마을로	25번국도(밀양방면)
35.621296	129.355867	30	F	2	호계로	농소초등학교정문(호계->공항)
35.621614	129.355604	30	F	1	호계로	농소초등학교(공항->호계시장)
35.624141	127.310063	80	F	2	춘향로	월평교차로 (전주→남원)
35.624210	127.351377	40	F	1	산성로	효촌마을 앞 (산서→성수)
35.624384	126.776033	40	F	1	영원로	고부삼거리(정읍→부안)
35.624429	127.506143	30	F	1	장수로	수남초등학교
35.624495	127.296900	50	F	1	호국로	갈마사거리 (임실군청→임실교차로)
35.624520	126.668535	60	F	1	부안로	남포마을 앞 (줄포→부안)
35.624832	129.332060	60	F	1	농서로	양지마을입구(산업로->천곡)
35.625381	127.506504	30	F	1	장수로	수남초등학교 앞 (번암→장수)
35.625424	127.506240	30	F	1	장수로	수남초등학교 앞(장수→번암)
35.625441	127.506263	30	F	2	장수로	수남초등학교앞
35.625734	129.286391	50	F	2	관문로	범서먹골마을(경주->울산)
35.625754	127.349232	40	F	2	산성로	효촌마을 앞 (성수→산서)
35.625949	126.472470	30	F	1	격포로	격포초등학교 앞(곰소→격포)
35.625963	126.472359	30	F	1	격포로	격포초등학교 앞(격포→곰소)
35.626047	126.514125	60	F	2	변산로	유유마을 앞 (곰소→변산)
35.626330	127.738714	60	F	3	육십령로	봉전마을 앞
35.626446	127.738420	60	F	1	육십령로	봉전마을 앞 (함양→장수)
35.626463	127.738441	60	F	2	육십령로	봉전마을 앞 (장수→함양)
35.626995	126.700060	110	F	2	서해안고속도로	서해안고속도로 목포기점 98.2K 하 종점【전북부안】 (군산→고창)
35.627278	128.042727	40	F	1	서부로	봉산파출소 앞 (봉산삼거리,봉산우체국→봉산면사무소)
35.627287	128.042727	40	F	2	서부로	봉산파출소 건너편 (봉산면사무소→봉산삼거리,봉산우체국)
35.627379	128.042792	40	F	2	서부로	봉산파출소 앞 (봉산삼거리,봉산우체국→봉산면사무소)
35.628047	126.818796	30	F	2	고학로	도학초등학교 앞(고부→동학농민혁명기념관)
35.628391	126.819490	30	F	1	고학로	도학초등학교 앞(동학농민혁명기념관→고부)
35.628630	128.320888	30	F	2	오광대로	초계초등학교 덕곡분교 (고령→덕곡면사무소)
35.628669	127.785273	60	F	1	육십령로	방정마을 앞(서상→거창,함양)
35.628669	128.320840	30	F	1	오광대로	초계초등학교 덕곡분교 (덕곡면사무소→고령)
35.628784	128.596252	60	F	2	청려로	흑석리
35.628813	128.596304	60	F	1	청려로	흑석1리 마을 앞(청도군청 방면)
35.628841	128.569285	60	F	1	청려로	안산1리버스정류장(청도군청 방면)
35.628859	128.320916	30	F	2	오광대로	초계초등학교 덕곡분교 (덕곡면사무소→고령)
35.628998	127.291334	30	F	1	봉황로	임실기림초등학교 앞(임실군청→두곡삼거리)
35.629022	127.785363	60	F	2	육십령로	방정마을 앞
35.629106	127.330731	30	F	1	임진로	성수초등학교 앞 (임실→진안)
35.629177	127.330738	30	F	2	임진로	성수초등학교 앞(진안→임실)
35.629218	127.291059	30	F	1	봉황로	임실기림초등학교 앞 (두곡삼거리→임실군청)
35.629275	127.727654	60	F	1	육십령로	반정마을 (서하초교→교북교차로)
35.629284	127.727686	60	F	1	함양로	봉곡마을(지곡면→함양읍)
35.629319	128.204840	80	F	1	합천대로	지릿재터널 (고령→합천)
35.629444	127.727528	60	F	3	육십령로	반정마을
35.629576	127.339476	40	F	2	임진로	동청버스정류장 앞 (백운→성수)
35.629636	126.693416	40	F	2	선돌로	판곡마을 앞(줄포면→주산면)
35.629756	128.204766	80	F	1	합천대로	지릿재터널 (고령→합천)
35.630013	127.304680	50	F	1	호국로	임실IC교차로 (임실IC→임실)
35.630356	126.667813	40	F	2	부안로	원천마을 앞 (부안→줄포)
35.631694	126.956775	60	F	1	태산로	정동마을 앞(칠보→태인)
35.631886	126.510737	50	F	2	참뽕로	부안누에타운 앞(마포교차로→내소사)
35.632083	129.366167	70	F	2	오토밸리로	호계IC(경주->효문)
35.632192	129.318872	80	F	1	이예로	달천교차로(옥동->농소)
35.632336	126.955791	60	F	1	태산로	정동마을 앞(태인→칠보)
35.632670	129.366471	70	F	1	오토밸리로	호계IC(효문->경주)
35.632761	129.219326	50	F	1	두동로	두동상리마을(범서->두동)
35.632816	127.797123	60	F	3	육십령로	성북마을
35.633079	129.325074	30	F	2	달천로	달천그린카운티(아이파크->그린카운티)
35.633136	129.325246	30	F	1	달천로	달천그린카운티(그린카운티->아이파크)
35.633468	128.757128	110	F	2	신대구부산고속도로	월곡리(대구 방면)
35.633679	127.899297	60	F	2	수남로	오계마을 입구(함양→거창)
35.633709	127.795991	60	F	3	육십령로	성북마을
35.634196	129.363949	30	F	1	당수골23길	은월초등학교정문(호계2공원->에일린의뜰)
35.634198	129.363963	30	F	2	당수골23길	은월초등학교정문(에일린의뜰->호계2공원)
35.634208	129.319749	80	F	2	이예로	달천교차로(농소->옥동)
35.634795	127.963742	50	F	1	영서로	대야마을 (합천→거창)
35.634839	127.963645	50	F	2	영서로	대야마을 (거창→합천)
35.635444	127.813233	80	F	2	거함대로	교북교차로
35.635507	128.028951	60	F	3	영서로	상현마을입구 삼거리 양면 (거창↔고령)
35.635740	129.333221	30	F	1	가재길	천곡코아루203동앞(달천로->쇠부리체육센터)
35.636453	128.065119	50	F	2	영서로	권빈마을 (고령→거창)
35.636539	128.066288	50	F	1	영서로	권빈마을 (고령→거창)
35.636556	128.065687	50	F	2	영서로	권빈마을 (거창→고령)
35.636942	127.282166	60	F	1	춘향로	임실하수종말처리장 앞 (남원→전주)
35.637107	127.714313	60	F	3	육십령로	월평마을 입구
35.637254	127.713320	60	F	3	육십령로	월평마을 입구(장계↔안의)
35.638395	127.514527	80	E	1	장수로	남동교차로 종점(장수→남원)
35.638895	129.216337	50	F	2	두동로	두동하리마을(두동->범서)
35.640371	127.905634	50	F	1	수남로	무촌마을 (거창→함양)
35.640397	127.905672	50	F	1	수남로	무촌마을 (함양→거창)
35.640720	129.349966	30	F	2	신천로	동대초등학교(매곡->농소)
35.640738	129.349966	30	F	1	신천로	동대초등학교(농소->매곡)
35.641143	128.663466	70	F	1	동해안로	예리교차로(청도군청방면)
35.641155	127.280660	60	F	2	춘향로	용은마을 앞 (전주→남원)
35.641179	128.663595	70	F	2	청려로	예리교차로
35.641286	127.029445	40	F	2	상산로	지금마을경로당 앞(상두산휴양림→산외)
35.641303	127.029514	40	F	1	상산로	지금마을경로당 앞(산외→상두산휴양림)
35.641520	128.620770	30	F	2	헐티로	경북드론고등학교(풍각초등학교 방면)
35.642044	126.493872	50	F	1	마포로	유동마을 앞(종암교차로→마포삼거리)
35.642586	129.159138	30	F	1	인보로	두서초등학교(언양->두서행복센터)
35.642660	129.159095	30	F	2	인보로	두서초등학교(봉계->언양)
35.642691	129.358174	30	F	2	매산로	매산초등학교앞(매산초등학교->매산초교삼거리)
35.642862	126.876266	40	F	2	정신로	정우치안센터 앞(정읍→김제)
35.643254	128.837502	40	F	2	청매로	58번 국도(예전리 방면)
35.643493	129.320880	60	F	1	이예로	천곡교차로(옥동->농소)
35.644337	126.668527	60	F	1	부안로	유정자고개 (보안→상서)
35.644379	129.361928	70	F	2	오토밸리로	매곡월드메르디앙(경주->효문)
35.644542	126.876228	40	F	1	정신로	정우면사무소 앞(김제→정읍)
35.644580	129.361971	70	F	1	오토밸리로	매곡월드메르디앙(효문->경주)
35.644665	127.909046	30	F	1	수남로	남상초등학교 (함양→거창)
35.644674	127.909062	30	F	2	수남로	남상초등학교 (거창→함양)
35.645842	129.440834	80	F	2	강동번영로	신명교차로(양남->울산)
35.645849	127.520188	30	F	1	덕산로	장수어린이집 앞(경찰서→군청)
35.645915	127.520188	30	F	1	덕산로	장수어린이집 앞(군청→경찰서)
35.646086	127.518168	30	F	1	장천로	남동사거리(남원→장수)
35.646237	128.752556	30	F	2	중앙로	청도중앙초등학교(원정교차로 방면)
35.647319	126.718198	110	E	1	서해안고속도로	서해안고속도로 목포기점 101.0K 상 종점 【전북부안】(목포→서울)
35.648288	127.698320	40	F	3	육십령로	서하초등학교
35.648532	127.911723	60	F	2	수남로	지하동마을(함양→거창)
35.648562	128.732322	30	F	2	청화로	청도초등학교(청도군청 방면)
35.648659	128.732196	30	F	1	청화로	청도초등학교(범곡사거리 방면)
35.649182	127.953335	60	F	1	영서로	산포삼거리
35.649380	129.030680	50	F	2	운문로	운문터널(운문댐 방면)
35.649391	129.358426	70	F	1	오토밸리로	매곡교차로(효문->경주)
35.649609	128.725218	80	F	2	청려로	푸른충전소 앞
35.649726	128.124411	50	F	1	영서로	웅기마을 교차로 (묘산면→합천읍)
35.649747	126.706004	40	F	1	선돌로	소산마을 앞(주산면→줄포면)
35.650120	128.731940	60	F	2	청려로	무진농자재마트 앞(화양읍->청도IC)
35.650190	128.732318	60	F	1	청려로	무진농자재마트 건너편(청도IC->화양읍)
35.650204	128.732274	60	F	1	청려로	송북교차로
35.650249	128.750551	60	F	2	청려로	모강교차로(밀양 방면)
35.650255	128.732004	60	F	2	청려로	송북교차로
35.650504	127.516893	30	F	3	신천로	승예어린이집앞
35.650627	127.516987	30	F	1	신천로	승예어린이집 앞(장수경찰서→북동주공아파트)
35.650649	127.516871	30	F	2	신천로	승예어린이집 앞(북동주공아파트→장수경찰서)
35.651086	127.696213	100	E	1	대전통영	통영대전고속도로 통영기점 123.2K 상 종점 【전남함양】(통영→대전)
35.651278	127.937730	30	F	2	밤티재로	대현마을(거창ic→합천)
35.651528	129.347417	70	F	2	오토밸리로	줌파크앞(경주->효문)
35.651574	129.347915	70	F	1	오토밸리로	줌파크앞(매곡교차로->경주)
35.651729	127.938021	30	F	1	밤티재로	대현마을 (대산교→국소농삼거리)
35.652278	129.324306	60	F	2	이예로	천곡교차로(농소->옥동)
35.652436	128.764398	40	F	2	한재로	원정1리버스정류장(청도IC 방면)
35.652853	126.670034	60	F	1	부안로	유정마을 앞(줄포→부안)
35.652867	126.669938	60	F	2	부안로	유정마을 앞(부안→줄포)
35.652931	126.505978	80	F	1	변산로	마포교차로 (격포→부안)
35.653746	127.520260	30	F	3	장천로	한사랑유치원앞
35.653886	127.520357	30	F	1	장천로	장수한사랑유치원 앞(장수파출소→천천)
35.653914	127.520199	30	F	2	장천로	장수한사랑유치원 앞(천천→장수파출소)
35.654116	129.201962	30	F	1	대밀길	두동초등학교(범서->두서)
35.654164	129.201914	30	F	2	대밀길	두동초등학교(언양->범서)
35.654483	126.784575	30	F	2	영원로	정읍영원초등학교 앞(운학삼거리→은선사거리)
35.654689	126.784644	30	F	1	영원로	정읍영원초등학교 앞(은선사거리→운학삼거리)
35.655173	126.946855	30	F	3	정읍북로	태인초등학교 후문 (태인사거리↔태인삼거리)
35.656436	127.241130	60	F	2	신덕평로	호암교차로 (관촌→구이)
35.656596	128.452724	70	F	1	비슬로	창녕→현풍
35.656716	127.227444	30	F	2	가덕로	신평초등학교 앞(신평→관촌)
35.656787	127.227421	30	F	1	가덕로	신평초등학교 앞 (관촌→신평)
35.656863	128.696750	70	F	2	청려로	서상교차로(각남면 방면)
35.658270	127.945883	40	F	1	영서로	남하초등학교 건너편 (양항,함양→고령,합천)
35.658293	127.945974	40	F	1	영서로	남하초등학교 (합천군→거창읍)
35.658545	127.270128	30	F	2	대리로	대리초등학교 앞(구이→관촌)
35.658553	128.110952	30	F	1	묘산로	묘산초등학교 맞은편 (함양,거창→대구,고령)
35.658571	128.111006	30	F	2	묘산로	묘산초등학교 (대구,고령→함양,거창)
35.658639	128.111526	30	F	2	묘산로	묘산초등학교 맞은편 (함양,거창→대구,고령)
35.658645	127.270024	30	F	2	대리로	대리초등학교 앞 (관촌→구이)
35.659162	128.413308	30	F	1	창리로11길	창3리입구교차로→달성구지우체국
35.659362	126.677435	40	F	1	사산서길	신흥마을 앞(봉은→주산)
35.659434	126.677444	40	F	2	사산서길	신흥마을 앞(주산→봉은)
35.659615	128.255309	60	F	2	쌍쌍로	신곡리(고령IC 방면)
35.660262	127.111114	30	F	2	구이로	대덕초등학교 앞(염암삼거리→대덕삼거리)
35.660403	127.111256	30	F	1	구이로	대덕초등학교 앞(대덕삼거리→염암삼거리)
35.660651	126.814589	40	F	3	말목장터로	창동마을 양방향(이평↔영원)
35.660680	126.671866	60	F	1	부안로	봉은마을 앞 (줄포→부안)
35.661579	128.672531	60	F	2	이서로	학암교차로(각남교차로 방면)
35.661686	127.275773	30	F	2	춘향로	관촌역 앞 (전주→남원)
35.662293	127.156047	30	F	1	상운길	운암초등학교 앞(전주→운암)
35.662468	128.747590	60	F	2	새마을로	송읍교차로
35.662522	127.156023	30	F	1	상운길	운암초등학교 앞 (운암→전주)
35.662601	128.672454	60	F	1	이서로	학암교차로(대구방면)
35.663139	126.839821	30	F	1	황토현로	정읍이평초등학교 앞(이평→덕산)
35.663207	126.839872	30	F	2	황토현로	정읍이평초등학교 앞(덕산→이평)
35.663323	126.529223	30	F	1	내변산로	변산초등학교 앞(내변산→지서삼거리)
35.663671	127.675531	100	F	2	대전통영	통영대전고속도로 통영기점 125.2K 하 시점【경남함양】(대전→통영)
35.663671	127.675531	100	S	2	대전통영중부고속도로	통영대전고속도로 통영기점 125.2K 하 시점【경남함양】(장수→함양)
35.664177	126.672493	60	F	2	부안로	신흥마을 앞 (부안→보안면)
35.664234	126.529123	30	F	2	지서로	변산초등학교 앞(변산서중학교→변산해수욕장)
35.664312	126.529097	30	F	1	지서로	변산초등학교 앞(변산해수욕장→변산서중학교)
35.664620	127.931600	60	F	2	밤티재로	월평사거리 전방
35.664830	127.943987	60	F	2	영서로	영서로 무릉마을
35.664965	127.273033	70	F	1	춘향로	병암지하차도 후방 200m 지점 (남원→전주)
35.666073	127.106123	80	F	1	모악로	계곡터널 앞(순창→전주)
35.666658	128.697372	60	F	2	연지로	연지로
35.666767	126.716866	30	F	1	주산로	주산초등학교 앞(소주마을→주산면사무소)
35.666830	126.716442	30	F	2	주산초교길	주산초등학교 앞(상서→덕림)
35.667113	126.716538	30	F	2	주산로	주산초등학교 앞(주산면사무소→소주마을)
35.667570	126.925285	60	F	2	석지로	낙양교차로 (태인IC→신태인)
35.668326	127.271835	70	F	1	춘향로	사선대 입구(전주→남원)
35.668856	128.442478	60	F	1	국가산단로	구지→테크노폴리스
35.670009	127.522235	60	F	2	장천로	왕대마을 앞 (천천→장수)
35.670375	127.522444	60	F	2	장천로	왕대마을
35.670612	129.084937	30	F	1	소호로	소호분교앞(울산->경주)
35.671035	126.781844	50	F	3	영원로	백양마을 (부안↔영원면)ㅁ양방향
35.671179	126.846317	50	F	1	말목장터로	목교마을 앞 (신태인→이평)
35.671197	127.917243	50	F	1	정장로	정장마을 (거창대학→변전소)
35.671748	126.849259	50	F	1	말목장터로	예동마을 앞 (이평→신태인)
35.671945	128.745299	110	E	2	신대구부산고속도로	진라리(청도IC 방면)
35.672376	127.540380	80	S	1	장수로	싸리재터널 시점(장수→남원)
35.672641	126.710561	40	F	2	선돌로	주산면사무소 사거리 (줄포→부안)
35.672841	126.984460	40	F	2	상산로	용이마을 앞(용호교차로→산외)
35.672917	126.984567	40	F	1	상산로	용이마을 앞(산외→용호교차로)
35.673282	126.711618	40	F	1	선돌로	주산우체국 앞 (부안→줄포)
35.673865	127.003385	40	F	1	상산로	저상마을 앞(산외→용호교차로)
35.674967	129.462001	30	F	2	양남로	양남초등학교(울산 방면)
35.675118	127.270900	30	F	2	사선1길	관촌초등학교 앞(임실→전주)
35.675159	127.271053	30	F	1	사선6길	관촌초등학교 앞(진안→관촌)
35.675166	127.270869	30	F	2	사선1길	관촌초등학교 앞 (전주→임실)
35.675774	128.865890	60	F	2	청려로	매전교삼거리(매전면사무소 방면)
35.676841	128.594956	40	F	2	헐티로	삼평1리버스정류장(풍각면 방면)
35.676933	126.919649	50	F	1	석지로	궁사마을 앞 (태인IC→궁사교차로)
35.676994	127.911363	50	F	1	수남로	거창대학 앞
35.677742	127.219206	60	F	2	석등슬치로	오궁리미술촌 부근(임실→운암)
35.678098	128.692342	60	F	2	연지로	연지교차로 전(서상교차로 방면)
35.678665	127.922979	50	F	2	거함대로	거창소방서 (남하면→거창읍)
35.678749	127.276011	50	F	1	관마로	주천교 앞 (관촌→진안)
35.679321	127.276198	50	F	2	관마로	주천교 앞 (진안→관촌)
35.680097	126.784948	50	F	1	백산로	대죽마을 앞(정읍→부안)
35.680111	127.905815	50	F	1	거함대로	송정2교차로
35.680175	127.908048	50	F	2	거함대로	장팔삼거리 (절부사거리→김천사거리)
35.680189	126.888990	50	F	2	정신로	남계마을 앞 (신태인읍→정우면)
35.680484	126.838176	40	F	1	황토현로	두전보건진료소 앞(정읍→부안)
35.680830	128.242677	30	F	2	대가야로	쌍림초등학교(쌍림중학교 방면)
35.681313	127.429397	40	F	2	백운동로	백운동마을 앞(백운동계곡→백운면사무소)
35.682284	127.915548	30	F	1	거함대로4길	창남초등학교 맞은편 (청소년문화의집→거창ic)
35.682354	126.837427	40	F	1	황토현로	창전마을 앞(부안→정읍)
35.682404	127.915199	30	F	1	거함대로4길	창남초등학교 (거창교육지원청→군청)
35.683212	126.888440	50	F	1	정신로	왕신여자고등학교 앞(신태인축구장→신태인역)
35.683222	128.251995	60	F	1	쌍쌍로	신곡리마을입구(고령IC 방면)
35.683495	128.866511	60	F	3	청려로	금용사(매전교삼거리↔동곡네거리)
35.683794	129.331496	60	F	2	산업로	모화교차로 (울산 -> 경주)
35.683855	127.516852	60	F	2	장천로	장척마을
35.683876	127.229752	60	F	1	석등슬치로	오궁리하촌마을 앞 (임실→신평면)
35.683906	127.685707	30	F	2	서상로	서상초등학교
35.683909	127.516875	60	F	1	장천로	장척마을 앞 (천천→장수)
35.683942	127.685700	30	F	1	서상로	서상초등학교 (서상초교후문→서상면사무소)
35.684095	126.785527	50	F	1	백산로	대죽마을 앞(부안→정읍)
35.684360	127.686873	30	F	2	서상로	서상초등학교 (서상면사무소→서상초교후문)
35.684491	127.892255	60	F	1	거함대로	절부교차로 전방
35.684548	127.687634	30	F	2	대남로	서상초등학교
35.685268	127.899281	50	F	1	거열로	거열로 영광교회앞
35.685578	127.303049	40	F	1	관진로	원좌산마을 앞 (관촌→진안)
35.685657	127.303023	40	F	2	관진로	원좌산마을 앞 (진안→관촌)
35.686391	128.684758	60	F	2	이서로	샛별교차로
35.686477	127.416204	40	F	1	백운동로	상백마을 앞(백운동계곡→백운면사무소)
35.686573	126.888925	30	F	1	신태인1길	신태인초등학교 앞(신태인파출소→신태인시장)
35.686609	126.889184	30	F	2	신태인1길	신태인초등학교 앞(신태인시장→신태인파출소)
35.686627	127.873443	60	F	3	거안로	소곡마을회관 앞(마리면↔거창읍)
35.687037	127.415549	40	F	1	백운동로	상백마을 앞(백운면사무소→백운동계곡)
35.687079	127.562239	60	F	1	장수로	음신마을 (장수→계남)
35.687216	127.562349	60	F	1	장수로	음신마을
35.688643	129.473888	30	F	2	동해안로	울산 방면
35.688828	129.473774	30	F	1	동해안로	31번국도(포항 방면)
35.689093	127.920660	30	F	1	동동6길	창동초등학교 (창동초교→거창군청)
35.689371	127.904014	30	F	2	거열로6길	아림초등학교 (아림교→죽전공원)
35.689419	128.454398	60	F	2	테크노대로	포산중앙네거리→포산고네거리
35.689700	127.905129	30	F	2	거열로6길	아림초등학교 후문 (충혼탑오거리→아림초교후문)
35.689717	127.905064	30	F	1	거열로6길	아림초등학교 후문
35.689892	127.405366	40	F	1	백운동로	중백마을 앞(백운동계곡→백운면사무소)
35.689995	127.404793	40	F	1	백운동로	중백마을 앞(백운면사무소→백운동계곡)
35.690199	126.643503	60	F	2	내변산로	수련마을 앞(내변산→도화사거리)
35.690600	127.902348	30	F	2	거열로8길	거창 대성고등학교 (충혼탑→거창상동중공아파트)
35.691112	126.676957	40	F	1	고인돌로	지석마을 앞(상서→하서)
35.691401	126.881313	40	F	1	정신로	신태인지하차도 앞 (우령리→신태인역)
35.691619	128.895140	60	F	2	청려로	동곡삼거리(경주방면)
35.691924	126.806430	60	F	1	지운로	하청마을 앞(부안→정읍)
35.691976	126.806487	60	F	2	지운로	하청마을 앞(정읍→부안)
35.692389	128.257511	40	F	1	쌍쌍로	안림교 후(안림교차로 방면)
35.692473	127.397330	30	F	2	임진로	백운초등학교 앞 (임실→진안)
35.692521	127.397215	30	F	1	임진로	백운초등학교 앞 (진안→임실)
35.692788	128.589669	50	F	2	청려로	지촌교 전(각북면사무소 방면)
35.692806	128.895348	60	F	1	청려로	동곡삼거리(청도방면)
35.693235	126.686726	40	F	1	부안로	목포마을 앞 (줄포→부안)
35.693620	126.687273	40	F	2	부안로	고잔마을 앞 (부안→줄포)
35.693881	128.172997	100	F	1	광주대구고속도로	광주대구고속도로 135K 시점 2차로 대구방면
35.695040	126.674304	40	F	1	고인돌로	용서마을 앞 (하서→상서)
35.695073	126.674417	40	F	2	고인돌로	용서마을 앞 (상서→하서)
35.695405	128.719196	80	F	1	청려로	남성현교차로(청도IC 방면)
35.695807	126.643484	60	F	2	내변산로	용와마을 앞(내변산→도화사거리)
35.695846	126.643413	60	F	1	내변산로	용와마을 앞(도화사거리→내변산)
35.696085	128.167268	50	F	2	가야산로	정대1구마을 (해인사ic→합천)
35.696111	128.718283	30	F	2	남성현로	남성현초등학교(청도소싸움경기장 방면)
35.696321	128.718126	30	F	1	남성현로	남성현초등학교(남성현역 방면)
35.696458	128.167312	50	F	2	가야산로	정대1구마을 (해인사ic→합천)
35.696458	128.167312	60	F	1	마령로	중사동마을(합천읍→묘산면)
35.697097	127.279566	40	F	1	관마로	방동마을 앞(관촌→진안)
35.698272	127.903199	30	F	2	거열로4길	거창유치원 (가지리→거창읍)
35.698276	127.903204	30	F	1	거열로4길	거창유치원 (거창읍→가지리)
35.698329	127.686277	60	F	1	서상로	중남삼거리
35.698525	127.686289	60	F	1	육십령로	중남삼거리(장계면→서상면)
35.699038	128.687369	60	F	2	이서로	목림교차로(청도박물관)
35.699161	128.450015	30	F	1	현풍동로	달성종합스포츠파크→상리교
35.699485	129.303850	80	F	1	구어들밑길	(내남면→구어리)
35.699679	128.019939	30	F	2	지산로	도산마을회관 (가조TG→도산마을회관)
35.699697	128.019853	30	F	2	지산로	도산마을회관 (석강농공단지→가조TG)
35.700337	127.929645	50	F	1	가조가야로	노혜마을 입구 (김천,함양→가조)
35.700538	129.470485	30	F	2	나아봉길로	나아교차로(감포방면)
35.700830	126.734457	30	F	2	연곡로	부안남초등학교 앞(부안IC→스포츠파크사거리)
35.700847	127.950760	60	F	2	거창88로	안흥마을(가조→거창읍)
35.700855	127.950727	60	F	1	거창88로	안흥마을 (거창읍→가조)
35.700945	126.734643	30	F	1	연곡로	부안남초등학교 앞(스포츠파크사거리→부안IC)
35.701260	126.786375	30	F	2	백산로	백산초등학교 앞(백산교→정읍)
35.701360	127.854367	30	F	2	빼재로	마리초등학교 (마리면→위천면)
35.701365	127.577207	30	F	1	장수로	계남초등학교
35.701447	127.854442	30	F	1	빼재로	마리초등학교 (위천면→마리면)
35.701633	128.065892	70	F	1	합천대로	아등재내리막길(의령→합천)
35.701637	127.577572	30	F	1	장수로	계남초등학교 앞 (장수→장계)
35.701879	126.786601	30	F	1	백산로	백산초등학교 앞(정읍→백산고)
35.702203	126.723821	60	F	2	순환남로	부안공설운동장 앞(변산→부안IC)
35.702337	127.577810	30	F	2	장수로	계남초등학교 앞(장계→장수군청)
35.702475	126.723513	50	F	1	순환남로	부안공설운동장 앞(부안IC→변산)
35.702529	127.951036	60	F	1	가조가야로	안흥마을 앞
35.702644	127.577851	30	F	2	장수로	계남초등학교앞
35.703098	127.520101	40	F	1	장천로	월곡교회 앞 (장수→천천)
35.703177	127.520522	60	F	1	장천로	박곡마을
35.703918	127.918182	60	F	2	죽곡로	월창농원
35.704139	128.812972	60	F	2	청려로	관하구미경로당(관하보건진료소 방면)
35.704201	126.753498	60	F	1	순환남로	LS농업기계 앞(하장교차로→스포츠파크사거리)
35.704650	127.578895	60	F	2	유천길	기산마을
35.705002	128.438198	60	F	1	비슬로	현풍1육교 남측(달성군민체육관네거리→박석진교)
35.705119	126.916669	40	F	1	감곡로	진농마을(정읍→김제)
35.705734	129.190412	30	F	2	활천내와로	하활천경로당(활천IC->경부고속도로)
35.705830	126.662347	40	F	2	고인돌로	도화마을 앞 (상서→하서)
35.705857	126.743268	40	F	2	옹정로	효동마을 앞 (부안→내요리)
35.706012	128.251669	60	F	1	대가야로	고령쌍림농공단지(안림교차로 방면)
35.706342	127.324785	30	F	1	가외반로	외궁초등학교 앞 (용포리→상촌)
35.706439	127.324806	30	F	2	가외반로	외궁초등학교 앞 (상촌→용포리)
35.706710	128.064721	100	F	1	광주대구고속도로	광주대구고속도로 135K 시점 1차로 대구방면
35.707231	126.658722	30	F	2	고인돌로	상서초등학교 앞(상서→하서)
35.707353	126.658410	30	F	1	고인돌로	상서초등학교 앞(하서→상서)
35.707411	128.012402	50	F	1	마상5길	중마2구마을 (거창읍,가조교차로→가조ic,중마교차로)
35.707869	128.023818	60	F	1	가조가야로	부산소류지 (합천→거창)
35.707886	128.023646	60	F	2	가조가야로	부산소류지 (거창→합천)
35.707921	126.770076	60	F	1	부평로	신덕마을 앞 (부안→백산)
35.708325	127.894922	80	F	2	웅양로	군부대 앞
35.708498	126.678768	40	F	1	상서북로	장서마을 앞(상서면→하서면)
35.708606	126.654625	40	F	1	고인돌로	구암마을 앞(석하삼거리→상서초등학교)
35.709380	128.465813	80	E	2	테크노폴리스로	수목원→테크노폴리스
35.711078	127.406203	60	F	1	임진로	임진로 평장마을 앞
35.711315	126.712860	60	F	2	부안로	남산마을 앞 (부안→상서)
35.712241	127.406480	60	F	1	임진로	평장마을 앞 (진안→백운)
35.712255	128.021736	30	F	1	의사봉길	월포마을회관 (가조계곡→가조IC)
35.712265	128.909502	60	F	1	청려로	방지버스승강장
35.712324	129.459965	60	F	1	나아봉길로	나산교차로 방면
35.712362	126.752902	40	F	2	용암로	행상마을 입구 (부안→백산)
35.712394	128.910111	60	F	2	청려로	방지리버스정류장(운문면사무소방면)
35.713039	127.917801	30	F	2	주곡로	월천초등학교 (거창읍→김천)
35.713045	129.274545	80	E	2	제내길	(7번국도)구간 종점(울산방면)
35.713230	127.998992	30	F	2	가조가야로	장기마을(노인보호구역) (거창읍→장기마을)
35.713674	126.751194	40	F	1	용암로	모산마을 입구 (백산→부안)
35.713732	127.917779	30	F	1	주곡로	월천초등학교(김천→거창읍)
35.713741	128.885941	70	F	2	금천로	사전1교차로(금천면사무소 방면)
35.714494	126.738523	30	F	1	옹정로	뽀뽀뽀유치원 앞(주산→부안여고)
35.714568	126.738236	30	F	2	옹정로	뽀뽀뽀유치원 앞(부안여고→주산)
35.714868	127.854324	60	F	1	빼재로	영승마을 (거창,함양→무주)
35.716302	128.914891	40	F	1	청려로	대천삼거리(운문면사무소 방면)
35.717000	126.625920	30	F	1	석불로	하서초등학교 앞(계화도→장신리)
35.717047	126.626021	30	F	2	석불로	하서초등학교 앞(장신리→계화도)
35.717362	126.994989	30	F	1	원평로	원평초등학교 앞 (금산지구대→성암사거리)
35.717391	126.994883	30	F	1	원평로	원평초등학교 앞 (성암사거리→금산지구대)
35.717761	126.716361	30	F	2	월륜길	행안초등학교 앞(행안→부안)
35.717909	126.716509	30	F	1	월륜길	행안초등학교 앞(부안→행안)
35.718170	128.436637	70	F	2	비슬로	현풍→논공
35.718240	126.725802	50	F	1	매창로	아제마을 앞(행안초교사거리→부안교육지원청)
35.718530	127.004208	50	F	1	금산사로	쌍용사 입구 (금산사→김제)
35.719784	127.032512	30	F	1	모악로	금산초등학교 앞 (팥정이사거리→금산사)
35.719864	127.032536	30	F	2	모악로	금산초등학교 앞 (금산사→팥정이사거리)
35.719881	129.459078	60	E	2	나아봉길로	봉길터널 종점(울산방면)
35.719881	129.459078	60	S	2	건포산업로	봉길터널 시점(감포방면)
35.720319	126.975412	100	F	1	호남고속도로	호남고속도로 순천기점 149.8K 상【전북김제】(광주→대전)
35.720319	126.730899	50	F	1	부풍로	주공3차아파트 앞 (군청→교육지원청)
35.720559	127.120371	30	F	2	구이로	구이초등학교 앞 (모악사거리→강진)
35.720565	127.120473	30	F	2	구이로	구이초등학교 앞(강진→모악사거리)
35.720848	128.452955	50	F	1	논공로	박석진교→달성공단
35.721016	127.608820	40	F	1	육십령로	금정마을 앞(진안→거창)
35.721399	127.526452	40	F	1	장천로	삼장마을 앞(장수→천천면사무소)
35.721422	127.526359	40	F	1	장천로	삼장마을 앞 (천천면사무소→남양삼거리)
35.721430	127.033168	40	F	2	금산사로	백오동마을 앞(전주→김제)
35.722048	126.752216	50	F	2	매창로	수봉마을 앞 (부안IC→교육지원청)
35.722562	128.103378	30	F	1	가조가야로	성기1구마을 (가조→숭산삼거리,성주군)
35.722790	128.103695	30	F	1	가조가야로	성기1구마을 (가조→숭산삼거리,성주군)
35.722889	126.675617	50	F	2	영성로	대교삼거리 부근(원중마을→대교삼거리)
35.723152	126.753097	50	F	1	매창로	수내마을 앞 (교육지원청→부안IC)
35.723318	128.001883	60	F	2	가조가야로	창촌마을(가북→가조ic)
35.723361	128.001877	60	F	1	가조가야로	창촌마을(가조ic→가북)
35.723771	126.656853	40	F	1	영성로	청호마을 앞 (하서면→계화도)
35.723930	127.527249	60	F	2	장천로	운곡마을
35.724192	127.378448	50	F	3	임진로	원평지마을 앞 (평장↔마령)
35.725205	126.720926	60	F	2	부안로	신기교차로 전 (부안→줄포)
35.726318	128.672494	60	F	1	가창로	청도→대구
35.726449	127.598425	40	F	1	육십령로	풍저마을 앞 (함양→장계)
35.726534	127.598189	40	F	1	육십령로	저동마을
35.727444	126.618949	40	F	2	석불로	복용마을경로당 앞 (계화도→장신리)
35.728064	129.321149	60	F	1	경감로	연안리
35.728406	127.644003	60	F	2	육십령로	반송마을 앞 (거창→장수)
35.728491	129.320843	60	F	1	산업로	연안교200m전(경주 -> 울산)
35.729000	127.593759	60	F	1	육십령로	월강삼거리 (진안→거창)
35.729086	127.593855	60	F	2	육십령로	월강오거리
35.729455	126.654521	40	F	2	영성로	삼현마을 앞 (계화도→하서면)
35.729579	126.733759	30	F	1	동중길	부안초등학교 후문(부안경찰서→국민체육센터)
35.729670	126.733730	30	F	2	동중길	부안초등학교 후문(국민체육센터→부안경찰서)
35.729698	128.466570	60	E	2	논공로	달성IC→달성공단
35.730485	127.587634	30	F	3	백화로	장계꿈나무어린이집앞
35.730544	127.587695	30	F	1	백화로	꿈나무어린이집 앞(장수IC→장수소방서)
35.730613	127.587620	30	F	1	백화로	꿈나무어린이집 앞(장수→번암)
35.731024	126.606821	80	F	2	새만금남북도로	새만금남북도로 남북1교차로 1,2차로(군산→부안)
35.731048	126.606769	80	F	2	새만금남북도로	새만금남북도로 남북1교차로 3차로(군산→부안)
35.731129	128.479520	80	S	1	테크노폴리스로	김흥2터널→명곡터널
35.731542	127.582014	30	F	3	한들로	장계초등학교
35.731763	129.234894	80	F	2	산업로	(구어리→내남면)
35.731978	127.580242	30	F	2	한들로	장계초등학교 앞 (원무농삼거리→무진장축협장계지점)
35.732030	127.580336	30	F	1	한들로	장계초등학교 앞 (무진장축협장계지점→원무농삼거리)
35.732095	126.842724	40	F	1	벽골제로	부량치안센터 후방(정읍→김제)
35.732104	126.653181	40	F	1	영성로	농원경로당 앞 (하서면→계화도)
35.732120	126.842648	40	F	1	벽골제로	부량치안센터 전방(김제→정읍)
35.732444	126.746722	50	F	1	부령로	혜성병원 앞(신운교차로→부안군청)
35.732500	127.043915	40	F	2	우림로	하운동마을 앞(전주→금산사)
35.732625	127.587252	30	F	1	문화로	장계어린이집 앞(에코르아파트→장계면사무소)
35.732737	127.587396	30	F	2	문화로	장계어린이집 앞(장계면사무소→에코르아파트)
35.732740	127.587243	30	F	3	문화로	장계어린이집
35.732822	127.044063	40	F	1	우림로	하운동마을 앞(금산사→전주)
35.734851	126.653496	40	F	2	영성로	농원마을 앞 (계화도→하서면)
35.734937	127.368888	30	F	1	임진로	마령초등학교 앞 (전주→마령면)
35.734966	127.368942	30	F	1	임진로	마령초등학교 앞 (마령→전주)
35.735350	129.480227	60	S	2	건포산업로	봉길터널 시점(울산방면)
35.735350	129.480227	60	E	2	나아봉길로	봉길터널 종점(감포방면)
35.735463	126.624522	40	F	1	석불로	양지마을 앞 (장신리→계화도)
35.735568	128.476440	60	S	2	논공로	달성IC→달성공단
35.735610	127.532635	30	F	3	송탄로	천천초등학교
35.735618	128.154938	70	F	1	가야산로	에벤에셀요양원 앞
35.735858	127.532939	30	F	1	송탄로	천천초등학교 (천천면사무소→천천농협)
35.735868	127.532868	30	F	2	송탄로	천천초등학교 (천천농협→천천면사무소)
35.735906	127.308070	60	F	1	관마로	양화마을 앞(임실→진안)
35.737453	128.866302	70	F	2	금천로	김전2교차로
35.737461	127.853520	60	F	2	빼재로	상율마을입구 (위천면→마리면)
35.737490	128.733093	80	F	2	경청로	원리(수성IC 방면)
35.737714	126.955486	30	F	1	초처로	초처초등학교 앞(원평→봉남)
35.737838	126.955426	30	F	2	초처로	초처초등학교 앞(봉남→원평)
35.738177	127.990884	60	F	2	정봉길	용산마을 (가북면→가조면, 가조ic)
35.738473	126.734618	30	F	2	석정로	엄마사랑어린이집 앞 (김제→부안)
35.738492	127.386434	60	F	1	진무로	원동촌마을 앞 (진안→마령)
35.738538	129.483622	30	F	1	동해안로	봉길해수욕장버스정류장(봉길리교차로 방면)
35.738592	127.386427	60	F	2	진무로	원동촌마을 앞 (마령→진안)
35.738820	126.734717	30	F	1	석정로	엄마사랑어린이집 앞 (부안→김제)
35.739082	127.311221	60	F	2	관마로	원좌포교차로 (임실→진안)
35.739140	127.311121	60	F	1	관마로	원좌포교차로 (진안→임실)
35.739528	126.625322	40	F	2	석불로	평지마을 앞 (계화도→장신리)
35.739772	127.527183	60	F	1	진장로	천천삼거리(진안→장수)
35.740414	126.647222	40	F	1	영성로	노곡마을 앞 (하서면→계화도)
35.741023	128.656309	60	F	1	가창로	가창→청도
35.741029	127.115680	80	F	1	모악로	모악터널 후방 (순창→전주)
35.741372	128.471269	30	E	1	논공중앙로	김흥교차로→동아제약네거리
35.741458	128.274174	60	F	2	대가야로	쾌빈3리마을회관(고령고 방면)
35.742101	127.047339	40	F	1	금산사로	청도마을 앞 (전주→금산사)
35.743192	128.488907	80	S	2	테크노폴리스로	수목원→테크노폴리스
35.743379	126.983465	40	F	2	봉남로	주자마을 (김제→금산사IC)
35.743409	126.983554	40	F	1	봉남로	주자마을 (금산사IC→김제)
35.744018	126.847877	40	F	2	벽골제로	금화마을 앞(정읍→김제)
35.744051	126.847768	40	F	1	벽골제로	금화마을 앞(김제→정읍)
35.744191	128.338876	80	F	2	경청로	기산교차로(대구 방면)
35.744235	129.317209	60	F	1	산업로	남경주IC교차로 (울산 -> 경주)
35.744462	129.316802	60	F	2	감은로	남경주IC교차로 (경주 -> 울산)
35.744553	127.586536	60	F	1	장무로	위동마을 앞(장수→무주)
35.744703	129.208979	80	S	1	옥계2공단로	(7번국도)구간 시점 (울산방면)
35.744771	127.149110	30	F	2	덕평로	태봉초등학교 앞(구이면→임실)
35.744852	127.149094	30	F	1	덕평로	태봉초등학교 앞(임실→구이면)
35.745090	128.483511	30	S	1	옥포로	김흥교차로→동아제약네거리
35.745590	127.567894	60	F	2	진장로	원금곡마을
35.745606	127.587491	60	F	2	장무로	위동마을 앞 (계북→장수)
35.745777	127.587859	60	F	2	장무로	위동마을
35.745839	127.567789	60	F	2	진장로	원금곡마을 앞 (장수→진안)
35.745896	127.903408	60	S	1	주곡로	영귀대소공원 구간단속 시점 (함양,거창→무주,고제)
35.746035	127.836095	50	F	2	원학길	거차마을 (수승대→거창읍)
35.746170	127.835945	50	F	1	원학길	거차마을 (거창읍→수승대)
35.746322	128.486552	40	F	1	옥포로	송해공원 골프클럽 앞(달성육교→김흥교차로)
35.747028	127.904529	60	E	2	주곡로	영귀대소공원 구간단속 종점 (무주→거창)
35.747121	127.126193	80	F	1	호남로	두현교 앞 (상관→구이)
35.747342	127.054206	60	F	1	우림로	유각마을 앞(전주→금산사)
35.747742	128.556874	40	F	1	헐티로	헐티재→정대1리
35.748362	127.417687	40	F	3	진무로	은천삼거리 (마령↔진안IC)
35.748699	127.914025	30	F	2	주곡로	주상초등학교 (도평교차로→주상삼거리,회전교차로)
35.748731	127.539299	60	F	2	진장로	용신마을 앞 (진안→장계)
35.748868	127.539408	60	F	2	진장로	용광마을
35.749041	127.539289	60	F	1	진장로	용신마을 앞 (장계→진안)
35.749225	127.539274	60	F	1	진장로	용광마을
35.749435	126.973318	40	F	2	봉남로	심창초등학교 앞 (심포→만경)
35.749487	127.856240	50	F	1	빼재로	당산마을 (고제면→마리면)
35.749517	127.856251	50	F	1	빼재로	당산마을 (마리면→고제면)
35.749531	128.651154	60	F	1	가창로	청도→대구
35.749743	128.360850	30	F	2	다산중앙길	성산초등학교 앞(동고령ic방면)
35.749826	128.360811	30	F	1	성산로	성산초등학교 앞(고령방면)
35.750167	127.914083	30	F	2	당대고개로	주상초등학교 건너편(김천→함양,무주)
35.750238	128.127196	50	F	3	가조가야로	사촌1구 외사마을(가야초교↔거창)
35.750577	127.595149	100	F	2	통영대전고속도로	통영대전고속도로 통영기점 137.8K 하
35.750746	127.510670	60	F	1	진장로	양지마을 앞(장수→진안)
35.750994	128.380986	80	F	2	동고령로	성산대교 100m후(고령 방면)
35.751239	128.384573	80	F	1	동고령로	성산대교 100m전(대구 방면)
35.751619	127.124113	30	F	1	구이로	청명초등학교 앞(구이면→전주)
35.751655	127.124040	30	F	2	구이로	청명초등학교 앞(전주→구이면)
35.751965	127.830586	30	F	1	원학길	위천초등학교 (무주→거창)
35.752080	128.936249	60	F	1	청려로	(지촌삼거리 방면)
35.753562	126.963209	40	F	3	봉남로	봉남파출소 앞 (금산사IC↔김제)
35.753644	129.295721	30	F	1	영지로	영지초등학교(울산 방면)
35.753876	129.047349	30	F	1	문복로	의곡초등학교(청도 방면)
35.753973	129.046498	30	F	2	문복로	의곡초등학교(울산 방면)
35.755710	128.494980	30	F	2	용연사길	용연사→옥연지
35.755841	126.798049	110	F	2	서해안고속도로	서해안고속도로 목포기점 115.2K 하 시점【전북김제】 (군산→고창)
35.756250	128.735647	110	F	1	신대구부산고속도로	(청도->수성)
35.756544	126.763042	80	F	2	부안로	장등마을 앞 (김제→부안)
35.757082	127.349573	60	F	3	관진로	신덕마을 앞 (진안↔마령)
35.757602	128.136170	30	F	1	가조가야로	합천가야초등학교 맞은편 (거창,가조→해인사,해인사ic)
35.757633	128.136143	30	F	2	가조가야로	합천가야초등학교 (해인사,해인사ic→거창,가조)
35.758080	128.136535	30	F	2	가조가야로	합천가야초등학교 맞은편 (거창,가조→해인사,해인사ic)
35.758080	128.136535	60	F	3	서부로	외동마을앞
35.759672	126.909359	30	F	1	봉황로	월성초등학교 앞 (정읍→김제)
35.759678	126.909268	30	F	2	봉황로	월성초등학교 앞 (김제→정읍)
35.762180	127.215538	60	F	1	춘향로	신흥마을 앞 (남원→전주)
35.762260	127.993627	30	F	1	용암로	가북초등학교 (거창→김천)
35.762542	126.951933	30	F	1	봉남로	봉남초등학교 앞 (김제→금산사IC)
35.762613	126.951979	30	F	2	봉남로	봉남초등학교 앞 (금산사IC→김제)
35.762880	128.378794	30	F	1	가은로	박곡초등학교(동고령IC 방면)
35.762970	127.064632	40	F	1	우림로	독배마을 앞 (금산사→삼천동)
35.762983	128.283734	80	F	1	가야로	월산사거리(성주방면)
35.763135	127.993975	30	F	2	용암로	가북초등학교 (김천→거창)
35.763259	126.799595	80	F	1	월죽로	소제교차로 (부안→김제)
35.763516	126.957200	60	F	1	황산로	문명마을 앞(황산→봉남)
35.763622	128.283604	80	F	2	가야로	월산사거리(고령방면)
35.763800	127.352750	60	F	1	관진로	안방교차로(임실→진안)
35.763818	127.352403	60	F	2	관진로	안방교차로(진안→임실)
35.765568	128.136052	60	F	2	가야산로	야천삼거리(해인사→야천삼거리)
35.765665	128.136210	40	F	2	야천로	야천삼거리(상주→야천삼거리)
35.765665	128.136210	60	F	1	가야산로	야천삼거리(해인사→야천삼거리)
35.765734	128.136964	40	F	1	야천로	야천삼거리(성주→야천삼거리)
35.765862	129.195254	30	F	2	경덕로	내남초등학교(화곡천 방면)
35.767189	127.207929	40	F	1	호남로	상관교차로(램프)ㅁ(상관→군산)
35.767322	127.206701	70	F	2	춘향로	신리교차로 (전주→남원)
35.767770	129.188835	80	F	2	천면2길	(건천→울산)
35.768781	129.201866	80	F	2	반구대로	부지신대(울산 방면)
35.768808	126.940039	40	F	1	봉남로	도장마을 앞(봉남→김제)
35.768963	129.338730	70	S	1	토함산로	(감포방면)
35.768964	129.338766	70	S	2	토함산로	(감포방면)
35.769110	127.098238	30	F	1	중인1길	전주중인초등학교 앞(중인삼거리→모악산)
35.769530	129.337778	70	E	1	토함산로	토함산터널 종점(불국사방면)
35.769658	126.816680	40	F	1	죽산로	죽산삼거리(부안→김제)
35.769704	127.098754	30	F	2	중인1길	전주중인초등학교 앞(모악산→중인삼거리)
35.769723	126.816658	40	F	2	죽산로	죽산삼거리(김제→부안)
35.770028	126.937289	40	F	1	봉남로	서도마을 앞(김제→봉남)
35.770346	128.877801	30	F	2	운용로	곡란구판장버스정류장(운문댐 방면)
35.770442	128.290602	30	F	2	덕운로	운수초등학교(월산교차로 방면)
35.770860	127.092706	90	F	1	호남로	중인교차로 (이서→상관)
35.771427	128.416241	70	F	1	비슬로	위천→논공
35.771762	126.815790	30	F	1	해학로	죽산초등학교 앞 (죽산삼거리→죽산행정복지센터)
35.771811	127.207336	30	F	2	신리로	상관초등학교 앞 (남원→전주)
35.771939	126.815513	30	F	1	해학로	죽산초등학교 앞 (죽산행정복지센터→죽산삼거리)
35.772245	127.894149	60	E	1	주곡로	내오1구마을 구간단속 종점 (함양,거창→무주,고제)
35.772271	127.894133	60	S	2	주곡로	내오1구마을 구간단속 시점 (무주→거창)
35.773577	126.951568	60	F	3	황산로	백일마을 사거리 (봉남↔황산)
35.773968	127.011151	30	F	2	금구로	금구초등학교 앞 (금산→금구초등학교)
35.774174	127.011160	30	F	1	금구로	금구초등학교 앞 (금구파출소→금구초등학교)
35.774780	127.602782	60	F	1	장무로	매계마을 앞(무주→장수)
35.774887	127.865787	30	F	2	빼재로	원당마을 (모동보건진료소)(거창→무주)
35.774917	127.865803	30	F	2	빼재로	원당마을 (모동보건진료소)(무주→거창)
35.775465	129.299630	60	F	1	호국로	불국사농협 건너편(경주→울산)
35.776001	126.654856	50	F	1	간재로	계화도 부근(계화도→부안)
35.776014	127.011837	40	F	2	봉두로	신기삼거리(전주→금구)
35.776062	126.654895	50	F	2	간재로	계화도 부근(부안→계화도)
35.776069	126.733315	30	F	1	새포로	동북초등학교 앞(계화→동진)
35.776115	126.733366	30	F	2	새포로	동북초등학교 앞(동진→계화)
35.776918	127.493256	30	F	1	진장로	오천초등학교 앞 (진안→장계)
35.776976	128.962143	50	F	1	운복로	지촌버스정류장(지촌삼거리 방면)
35.776987	127.493337	30	F	2	진장로	오천초등학교 앞 (장계→진안)
35.777281	126.868742	50	F	2	벽골제로	용현마을 앞 (김제→정읍)
35.777377	127.481527	50	F	1	진장로	종평마을 앞(장수→진안)
35.778059	127.009983	60	F	2	풍요로	서희스타힐스아파트 후문(금구→김제)
35.778067	128.235190	30	F	1	덕운로	덕곡초등학교(반성리 방면)
35.778151	127.009552	60	F	1	풍요로	서희스타힐스아파트 후문(김제→금구)
35.778569	127.450960	60	F	2	진장로	도통삼거리(장수→진안)
35.778714	129.382833	70	S	1	토함산로	토함산터널 시점(불국사방면)
35.778795	128.362979	100	S	1	중부내륙고속도로	용소리(양평 방면)
35.779082	127.818430	30	F	2	송계로	북상초등학교 (무주→거창)
35.779082	127.818441	30	F	1	송계로	북상초등학교 (거창→무주)
35.779734	127.358718	80	F	1	전진로	신리교차로 (전주→진안)
35.779761	127.473209	40	F	2	진장로	궁동마을 앞 (장수→진안)
35.779767	126.870501	50	F	1	벽골제로	용현마을 앞 (정읍→김제)
35.779966	129.383667	70	E	2	토함산로	(감포방면)
35.779972	127.358979	80	F	1	전진로	신리마을 앞 (진안→전주)
35.780157	129.383751	70	E	1	토함산로	(감포방면)
35.780697	127.471481	40	F	2	진장로	궁동마을 앞 (진안→장수)
35.781129	127.405345	70	F	2	전진로	활인동마을 앞 (진안→전주)
35.781260	127.406863	70	F	1	전진로	개실마을 앞 (전주→진안)
35.781437	128.434732	50	F	2	비슬로	화원→위천
35.781505	127.105036	40	F	1	계룡산길	SK정동주유소 앞 (금산사→효천지구)
35.781546	128.435848	50	F	1	비슬로	논공→화원
35.781792	127.017702	40	F	1	봉두로	어전마을 앞 (금구→전주)
35.783278	129.469750	70	F	2	경감로	팔조교차로 앞
35.783918	127.128331	60	F	1	모악로	광신프로그레스@ 앞(전주→순창)
35.784233	126.975728	30	F	2	남산로	남양초등학교 앞 (남산보건소→진흥사거리)
35.784281	126.975679	30	F	1	남산로	남양초등학교 앞 (진흥사거리→남산보건소)
35.784451	126.913849	50	F	2	봉남로	이택라이스센터 앞(김제→봉남)
35.784665	126.913824	50	F	1	봉남로	이택라이스센터 앞(봉남→김제)
35.784716	126.923060	40	F	2	봉황로	화율초등학교 앞(김제→구이)
35.784999	127.129265	60	F	1	모악로	골드클래스@사거리 (구이→전주)
35.785336	127.612319	60	F	2	장무로	계북파출소
35.785605	127.125959	30	F	1	맏내로	전주대정초교 앞(한바탕체육센터→골드클래스@)
35.786098	127.027618	70	F	2	선비로	태극주유소(전주→정읍)
35.786250	127.126114	30	F	1	맏내로	전주대정초등학교(골드클래스@→한바탕체육센터)
35.787221	126.983673	70	F	1	풍요로	진흥사거리 (금구→김제)
35.787371	127.614907	30	F	2	장무로	계북초등학교
35.787383	127.614857	30	F	1	장무로	계북초등학교 (계북→무주)
35.787443	127.614779	30	F	1	장무로	계북초등학교 앞(무주→장수)
35.787607	127.614994	30	F	1	장무로	계북초등학교앞
35.787647	127.105062	40	F	2	계룡산길	해성고등학교 앞 (효천지구→금산사)
35.787871	128.594022	40	F	1	헐티로	정대1리→가창댐입구교차로
35.787921	126.620424	80	E	1	새만금남북도로	새만금남북도로 남북4교차로 종점 3차로(군산→부안)
35.787924	126.620548	80	E	1	새만금남북도로	새만금남북도로 남북4교차로 종점 1,2차로(군산→부안)
35.787935	126.620636	80	S	1	새만금남북도로	새만금남북도로 남북4교차로 시점 1,2차로(부안→군산)
35.787947	126.620760	80	S	1	새만금남북도로	새만금남북도로 남북4교차로 시점 3차로(부안→군산)
35.788247	128.728363	80	F	1	동해안로	협석교차로 100m전(경산 방면)
35.788485	127.037804	70	F	2	선비로	삼바실마을 앞 (전주→정읍)
35.788487	129.055171	60	F	1	단석로	감산정류장(청도 방면)
35.788527	128.444604	30	F	2	금계길	신당리→교항교차로
35.788646	126.844496	80	F	1	월죽로	연정교차로(김제→부안)
35.788690	128.444650	30	F	1	금계길	교항교차로→신당리
35.789101	126.811918	40	F	1	해학로	죽동마을 앞 (죽산→광활)
35.789627	126.903518	50	F	1	봉남로	김제육교 앞 (봉남→김제)
35.790281	127.114539	30	F	1	난전들로	전주용와초등학교 앞(삼천→광진모악@)
35.790340	127.114540	30	F	2	난전들로	전주용와초등학교 앞(광진모악@→삼천)
35.790564	127.133695	30	F	1	평화8길	전주신성초등학교(평화주공4단지→꽃밭정이@)
35.790744	127.133481	30	F	2	평화8길	전주신성초등학교 앞 (꽃밭정이@→신성초교)
35.790805	127.066017	70	F	2	선비로	솔빛타운 입구 (전주→금구)
35.790869	127.116938	30	F	1	난전들로	전주용와초등학교 앞(구이→거마로사거리)
35.790876	127.116806	30	F	2	난전들로	전주용와초등학교 앞(거마로사거리→구이)
35.791282	129.396279	70	F	1	경북대로	장항교차로 후 200m(감포 방면)
35.791740	127.312727	100	S	2	익산장수고속도로	익산장수고속도로 익산분기점 29.9K 하 시점 【전북진안】(장수→익산)
35.792140	127.123172	30	F	1	양지2길	양지초교(동신@후문)(장승배기로→덕적천)
35.792856	127.125636	30	F	2	양지2길	양지초등학교 정문(평화동신@→동아현대@)
35.792926	127.120568	50	F	2	장승배기로	동신아파트 (평화동→삼천동)
35.793161	126.870397	60	F	1	벽성로	벽골제농산입구 삼거리(후신교차로→벽골제)
35.793323	126.870625	60	F	1	벽성로	벽골제농산입구 삼거리(벽골제→후신교차로)
35.793924	128.378573	50	F	2	다산산단로	(주)삼리앞(고령 방면)
35.794095	128.873146	30	F	2	원효로	용성초등학교(용성중학교 방면)
35.794150	128.873031	30	F	1	원효로	용성초등학교(미산교 방면)
35.794155	127.047792	70	F	2	선비로	대야삼거리(정읍→전주)
35.794173	126.842464	80	E	2	국도대체우회도로	연정교차로 종점(김제→정읍)
35.794199	126.842702	80	S	1	국도대체우회도로	연정교차로 시점(정읍→김제)
35.794320	126.900443	30	F	1	중앙로	김제동초등학교 앞 (김제경찰서→김제역)
35.794970	127.111029	30	F	1	강변로	전주용흥초등학교 앞(세내교→효천교)
35.795077	127.112214	30	F	2	삼천천변1길	전주용흥초등학교 앞 (삼천흥건아파트→삼천)
35.795089	127.112441	30	F	1	삼천천변1길	전주용흥초등학교 앞(삼천→삼천흥건@)
35.795332	126.943840	30	F	2	용마로	황산초등학교 앞 (황산치안센터→난봉교차로)
35.795484	127.124288	30	F	1	거마남로	전주삼천남초등학교 앞(솟대로→그린공원)
35.795534	126.902565	30	F	1	중앙15길	서암어린이집 앞(김제동초교→부영3차@)
35.795534	127.124545	30	F	2	거마남로	전주삼천남초등학교 앞(그린공원→솟대로)
35.795600	126.902509	30	F	1	중앙15길	서암어린이집 앞(부영3차@→김제동초교)
35.795968	127.110190	50	F	2	강변로	삼천주공6단지아파트 앞 (우림교→용흥중)
35.796532	127.435262	30	F	1	진무로	진안보건소 앞(진안↔무주)
35.796645	127.876328	60	F	2	주곡로	도동마을 (고제면→거창읍)
35.796798	127.876178	60	F	1	주곡로	도동마을 (거창읍→고제면)
35.797243	127.178425	30	F	1	고덕산1길	전주대성초등학교 앞(춘향로→대성마을)
35.797908	127.123611	30	F	1	용리로	삼익아파트 앞(회전교차로→효문중학교)
35.798333	127.138971	30	F	2	꽃밭정로	전주평화초교(평화동성당→농협장승로지점)
35.798490	127.139298	30	F	1	꽃밭정로	전주평화초교(농협장승로지점→평화동성당)
35.798651	128.529870	30	F	1	한실로6길	수목원서한@→신세계마트
35.798734	127.335538	30	F	2	곰티로	장승초등학교 앞 (우정마을→장승마을)
35.798785	127.335446	30	F	1	곰티로	장승초등학교 앞 (장승마을→우정마을)
35.798825	128.503493	50	F	2	화암로	수목원→명곡
35.798908	128.501063	50	F	1	화암로	명곡우체국→화원119
35.798933	128.512870	80	E	1	테크노폴리스로	김흥2터널→명곡터널
35.799013	127.178977	60	F	2	춘향로	영동고덕@ 앞 (전주→남원)
35.799138	128.857419	50	F	2	원효로	고은1리 마을 입구(자인면 방면)
35.799315	126.900354	30	F	1	금성로	길보른어린이집 앞(김제경찰서→홈플러스)
35.799359	126.895001	50	F	2	중앙로	김제여고 입구(김제역→터미널사거리)
35.799385	126.900350	30	F	1	금성로	길보른어린이집 앞(홈플러스→김제경찰서)
35.799445	126.894698	50	F	1	중앙로	김제여고 입구(터미널사거리→김제역)
35.799751	128.510211	30	F	1	성암로2길	화암로→명천로
35.799813	128.499947	30	F	1	화암로	화남초교보호구역, 화원119안전센터→명천교
35.799880	127.103547	30	F	1	효천서로	전주효천초등학교(대방노블랜드@→동암고교)
35.799961	127.421856	30	F	1	어영공길	진안마이꿈유치원 앞 (진안군청→진안여중)
35.800126	127.920891	40	F	1	웅양로	웅양교차로 (거창→김천)
35.800268	128.739742	30	F	1	경청로216길	삼성현초등학교(남천 방면)
35.800441	126.910975	50	F	2	두월로	과선교 밑 (검산오거리→김제역)
35.800694	126.899085	30	F	1	금성8길	해바라기유치원 앞(한국전력공사→비사벌@)
35.800700	126.898972	30	F	1	금성8길	해바라기유치원 앞(비사벌@→한국전력공사)
35.800757	128.509630	30	F	2	성암로2길	명천로→화암로
35.800961	126.890485	30	F	1	동서로	김제중앙초등학교 앞 (금만사거리→터미널)
35.801035	128.500768	40	F	2	명천로	화원시장 앞(양방향,대곡역그린빌@↔명천교)
35.801046	126.886596	30	F	1	서낭당길	김제초등학교 앞 (김제중앙초등학교→김제전통시장)
35.801174	126.890579	30	F	1	동서로	김제중앙초등학교 앞 (터미널→금만사거리)
35.801651	127.344719	80	F	1	전진로	가정마을 앞 (전주→진안)
35.802219	127.124009	30	F	1	성지산로	양지노인복지관 앞(거마공원→서부시장)
35.802238	127.121743	30	F	1	송정로	전주효자초등학교 앞(양지노인복지관→효문초교)
35.802260	127.114158	30	F	1	거마평로	전주효림초등학교 앞(삼천→전주효문초등학교)
35.802268	126.913458	50	F	1	두월로	대검산마을 앞 (김제역→검산오거리)
35.802327	127.122015	30	F	2	송정로	전주효자초등학교 앞(효문초교→양지노인복지관)
35.802337	127.114155	30	F	2	거마평로	전주효림초등학교 전(효문초교→삼천)
35.802596	127.135191	30	F	1	안행로	전주시니어클럽 앞(세창짜임@→바울교회)
35.802755	128.367657	60	F	2	성암로	해성기업(김천 방면)
35.802889	127.135222	30	F	1	안행로	전주시니어클럽 앞(바울교회→세창짜임@)
35.803050	128.832971	70	F	2	설총로	원당교차로(옥천교 방면)
35.803119	127.192263	60	F	2	동부대로	원색장마을 (전주→남원)
35.803171	127.113679	30	F	1	효자천변2길	전주효림초등학교 후문(동신교회→한강@)
35.803211	127.113772	30	F	2	효자천변2길	전주효림초등학교 후문(한강아파트→동신교회)
35.803359	128.512468	50	F	2	화암로	수목원→명곡
35.803533	127.122020	30	F	2	성지산1길	전주효자초등학교 후문(효자초→상산고)
35.803581	127.917661	30	F	1	웅양로	웅양초등학교 (거창→김천)
35.803656	127.917682	30	F	2	웅양로	웅양초등학교 (김천→거창)
35.803885	128.622221	30	F	2	가창로221길	가창교→용계교
35.804355	126.495535	80	F	1	새만금동서도로	동서1교 시점 (새만금→심포항)
35.804530	126.495454	80	F	1	새만금동서도로	동서1교 종점 (심포항→새만금)
35.804712	127.920773	40	F	2	웅양로	웅양교차로 (김천→거창)
35.804779	127.150653	30	F	1	장승배기로	전주남초등학교 앞(전주교육대학교→서학광장)
35.805009	127.100015	30	F	2	우전로	전주우림초등학교 앞(우림초등학교→전북교육청)
35.805418	126.898969	30	F	2	도작로	김제검산초등학교 앞 (비사벌사거리→체육공원사거리)
35.805570	126.898633	30	F	2	도작로	김제검산초등학교 앞 (체육공원사거리→비사벌사거리)
35.805579	127.099792	30	F	1	우전로	전주우림초등학교 앞(전북교육청→우림초등학교)
35.805830	127.107663	30	F	1	우전2길	전주우전초등학교 앞(호암교→쑥고개로)
35.805853	127.107762	30	F	2	우전2길	전주우전초등학교 앞(쑥고개로→호암교)
35.805930	128.531742	30	F	2	도원남로	별메마을주공→교대부설초교
35.806045	126.907640	50	F	1	콩쥐팥쥐로	다온마을 입구(전주→김제)
35.806274	128.521775	30	F	1	상화로	수목원→대곡공원
35.806745	127.134027	30	F	1	안행로	전주완산서초등학교 앞(안행지구→예수병원)
35.806804	128.549847	30	F	2	월곡로	월곡네거리→대구보훈병원
35.806952	126.438201	60	F	1	고군산로	무녀1교차로 (선유도→신시도)
35.807039	128.562792	80	S	1	앞산터널로	상인동→파동
35.807087	128.562657	80	S	1	앞산터널로	상인동→파동
35.807091	128.562652	80	S	1	앞산터널로	상인동→파동
35.807251	127.133572	30	F	1	안행로	전주완산서초등학교 앞 (예수병원→안행지구)
35.807452	127.149577	30	F	1	팔달로	전주교대 전주부설초등학교 앞(남부시장→서서학동)
35.807454	126.913340	50	F	2	콩쥐팥쥐로	검산오거리(김제→전주)
35.807486	127.126407	30	F	1	따박골4길	화산초등학교(성결교회앞)(선너머공원→서부시장)
35.807618	129.498700	30	F	2	동해안로	감포꿈애공간APT(포항 방면)
35.807628	128.562333	80	E	2	앞산순환로	파동→상인동
35.807944	128.512988	40	F	1	명천로	상화기념관→대곡역교차로
35.808916	128.482174	50	F	2	사문진로	화원→사문진교
35.809023	128.611699	80	E	1	앞산터널로	상인동→파동
35.809036	128.611726	80	E	1	앞산터널로	상인동→파동
35.809054	128.611710	80	E	1	앞산터널로	상인동→파동
35.809058	128.611699	80	E	1	앞산터널로	상인동→파동
35.809162	127.131949	30	F	2	안행로	전주화산초등학교(오페라하우스@→화산초교)
35.809253	127.132230	30	F	1	안행로	전주화산초등학교(화산초교→오페라하우스@)
35.809397	128.611178	80	S	2	앞산터널로	파동→상인동
35.809397	128.611216	80	S	2	앞산터널로	파동→상인동
35.809406	128.611205	80	S	2	앞산터널로	파동→상인동
35.809480	128.554402	60	F	2	앞산순환로	월촌고가교→달비골
35.809741	127.872600	60	F	2	빼재로	금계교 앞(무주→거창)
35.809760	127.128430	30	F	2	따박골6길	전주화산초교(중화산동→효자1동주민센터)
35.809783	127.128531	30	F	1	따박골6길	전주화산초교 후문(효자1동센터→중화산동)
35.809821	127.144756	30	F	1	매곡로	전주완산초등학교 앞(완산공원→남부시장)
35.809834	127.144676	30	F	1	매곡로	전주완산초등학교 앞 (남부시장→완산공원)
35.809905	127.119889	30	F	2	오두정길	전주서원초등학교(효자공원→효자2동주민센터)
35.809913	127.119968	30	F	1	오두정길	전주서원초등학교 정문 (효자2동주민센터→효자공원)
35.810132	126.791372	30	F	3	지평선로	남포어린이집 앞 (심포항↔김제)
35.810344	127.118461	30	F	2	신봉로	전주서원초등학교 앞(한양운남@→서전주중학교)
35.810362	127.119780	30	F	1	신봉로	전주서원초등학교 앞(서전주중학교→한양운남@)
35.810941	126.981587	30	F	1	황토로	청운초등학교 앞 (황산→불노사거리)
35.810957	126.981492	30	F	2	황토로	청운초등학교 앞 (불노사거리→황산)
35.811097	126.886384	50	F	2	하공로	덕암중학교 서흥교차로 (익산→김제)
35.811133	128.541849	40	F	1	상화북로	상인남네거리→대동시장네거리
35.811659	127.093667	30	F	1	천잠로	동암차돌학교 앞(전주대→효천지구)
35.811725	128.614424	50	F	2	신천대로	두산교→가창방향
35.811845	127.100640	30	F	1	봉곡로	전주새연초등학교 앞(LH세븐팰리스@→전주대)
35.812168	126.920229	70	F	2	콩쥐팥쥐로	원순동마을 앞(전주→김제)
35.812284	127.317451	50	F	3	모래재로	큰터골 마을 입구 (모래재↔진안)ㅁ양방향
35.812688	128.763906	50	F	2	미래로	(시립박물관방면)
35.813526	127.102315	50	F	1	서원로	중소벤처기업청 앞(전주대→이동교)
35.814911	126.934689	30	F	1	콩쥐팥쥐로	김제북초등학교 앞(상동동→백학동)
35.814928	126.934779	30	F	1	콩쥐팥쥐로	김제북초등학교 앞 (백학동→상동동)
35.814996	127.150947	20	F	2	경기전길	전주중앙초등학교(동부시장→성심여자중교)
35.815284	128.733114	30	F	1	강변서로	옥곡초등학교(금호강 방면)
35.815313	127.183552	60	F	1	동부대로	아중저수지 옆 (색장동→전주역)
35.815350	126.800720	60	F	2	해학로	월미교 앞 (만경→죽산)
35.815531	128.519951	30	F	1	월배로11길	한샘초교 남동측(한샘초교보호구역, 계룡리슈빌@→용천초교)
35.815537	126.967653	70	F	1	콩쥐팥쥐로	상리마을 앞 (김제→전주)
35.815601	127.094518	50	F	2	천잠로	전주사대부설고등학교 앞 (서곡→전주대)
35.815824	128.733114	30	F	2	경청로216길	옥곡초등학교(청도 방면)
35.815892	128.468764	60	F	1	사문진로	호촌2리마을입구(대구 방면)
35.816584	128.640270	30	F	1	범안로4길	범물중학교→범일초교교차로
35.816690	128.754583	30	F	1	장산로	우리숲유치원(수성IC 방면)
35.816871	128.528084	30	F	2	진천로	월배초교보호구역, 월배역더샵@→라온센텀@
35.816979	127.101771	30	F	1	우전로	상록어린이집 앞(NH농협→전일고등학교)
35.817368	127.101993	30	F	1	우전로	피노키오어린이집(평화중→송정서미트@)
35.817520	127.120203	30	F	1	중산로	전주중산초등학교 앞(인정길공원→중산초등학교)
35.817523	127.120314	30	F	1	중산로	전주중산초등학교 앞(태평교회→인정길공원)
35.817724	126.453707	60	F	2	고군산로	신시3삼거리 (새만금→무녀도)
35.817767	126.900804	50	F	2	도작로	하동전원마을 앞 (온천사거리→문화체육공원)
35.818048	126.953354	70	F	2	콩쥐팥쥐로	내효마을 앞 (전주→김제)
35.818428	128.543673	30	F	1	상인로	월촌공원→송현119안전센터
35.818520	126.807785	30	F	1	대석로	성덕초등학교 앞 (성덕보건소→대석마을)
35.818588	126.807790	30	F	2	대석로	성덕초등학교 앞 (대석마을→성덕보건소)
35.818653	128.743293	50	F	2	일연로	안흥사(경산시청 방면)
35.818902	127.111765	50	F	1	효자로	효자다리 앞 (전북도청→근영여고)
35.819287	128.743161	50	F	2	남매로	경산생활체육공원(경북체육고등학교 방면)
35.819598	128.513846	30	F	2	조암남로	용천초교보호구역, 용천초교→월배쌍용예가@
35.820254	127.098009	30	F	2	배학4길	전주홍산초등학교 후문(효자로→마전들로)
35.820258	127.097930	30	F	1	배학4길	전주홍산초등학교 후문(마전들로→효자로)
35.820468	128.636541	30	F	1	용학로	범물네거리→지산목련시장
35.820469	128.823490	30	F	1	금학로	자인초등학교(신도리 방면)
35.820487	128.524853	30	F	1	조암남로	신월초교→월배농협
35.820525	128.823512	30	F	2	대학로	자인초등학교(자인면행정복지센터 방면)
35.820561	127.024537	30	F	2	이서로	이서초등학교 앞 (전주→이서)
35.820787	127.154041	30	F	1	관선3길	전주풍남초등학교 앞(병무청오거리→병무청)
35.820859	127.154028	30	F	2	관선3길	전주풍남초등학교 앞(병무청→병무청오거리)
35.821241	127.139259	30	F	1	대동로	전주초등학교 앞(전주천→전주시청)
35.821721	127.118157	30	F	1	중화산로	전주한들초등학교 앞(완산구청→현대에코르@)
35.821803	126.476794	80	F	2	새만금로	신시1사거리 (군산→부안)
35.821875	127.152669	30	F	1	견훤왕궁로	전주풍남초등학교(진안사거리→병무청오거리)
35.821884	127.152830	30	F	2	견훤왕궁로	전주풍남초등학교(병무청오거리→진안사거리)
35.821988	127.116082	30	F	2	화산천변로	전주한들초등학교(본병원→효자로)
35.822614	127.140563	30	F	1	권산득로	전주초등학교 입구(태평SK뷰@→전주공구거리)
35.822684	128.808642	60	F	1	한장군로	북사리(하양 방면)
35.822721	128.641611	40	F	2	용학로	무학네거리→범물네거리
35.822949	127.154079	30	F	2	아중로	전주풍남초교 앞(진안사거리→아중역광장)
35.823016	126.460652	60	F	1	고군산로	신시2사거리 (무녀도→새만금)
35.823151	127.152941	30	F	1	아중로	전주풍남초등학교 앞(아중역→진안사거리)
35.823311	127.138928	30	F	2	태평1길	전주초등학교 후문(중앙시장→농협태평동지점)
35.823552	128.534028	30	F	1	학산로2길	월성남네거리→보성은하@교차로
35.823632	127.140054	30	F	1	태평3길	전주초등학교 후문(농협태평동지점→중앙시장)
35.823666	128.455983	60	F	2	우륵로	(다산 방면)
35.823761	126.920819	60	F	3	아리랑로	(주)농산 입구 양방향 (황토4↔스파힐스CC)
35.823839	128.553865	60	F	1	앞산순환로	충혼탑→상인동
35.824405	128.544370	30	F	1	송현로	월촌역→학남삼거리
35.824522	127.149728	30	F	1	권삼득로	삼성어린이집 앞(전주동부교회→전주고)
35.824563	127.149799	30	F	1	권삼득로	삼성어린이집 앞(전주고→전주동부교회)
35.825091	127.132996	30	F	2	공북로	전주진북초등학교 앞(어은교→동양@사거리)
35.825103	128.347862	50	F	2	성암로	선송리(김천 방면)
35.825112	128.765970	60	F	2	삼성현로	상촌지(청도 방면)
35.825191	127.132987	30	F	1	공북로	전주진북초등학교 앞(동양@사거리→어은교)
35.825218	127.098760	50	F	1	천잠로	전주기전여고 사거리(전주대→서곡광장)
35.825234	126.761051	60	F	1	지평선로	회령마을 앞(광활→김제)
35.825311	126.761109	60	F	1	지평선로	회령마을 앞(김제→광활)
35.825478	129.199411	60	F	2	강변로	황남대교 300m 전(경주고속버스터미널 방면)
35.825481	129.199119	60	F	1	강변로	황남대교 300m 전(경주IC 방면)
35.825868	129.189647	50	F	1	대경로	(경주터미널 방면)
35.825970	127.132884	30	F	1	진북1길	전주진북초등학교 앞 (진북파출소→숲정이성지)
35.825983	127.133007	30	F	1	진북1길	전주진북초등학교 앞(숲정이성지→진북파출소)
35.826485	128.729796	30	F	1	강변서로	경산서부초등학교(금호강 방면)
35.826919	129.128080	50	F	2	내서로	모량칼국수(모량초 방면)
35.826947	127.105822	50	F	2	홍산로	현대아이파크@ 앞 (서곡→도청)
35.827041	127.106104	50	F	1	홍산로	현대아이파크@ 앞 (도청→서곡)
35.827579	127.174537	30	F	1	인교5길	전주아중초교 앞(부영5차@→아중초교)
35.827662	127.174531	30	F	2	인교5길	전주아중초등학교 앞(아중로→아중호수)
35.827693	127.174621	30	F	1	인교5길	전주아중초등학교 앞(아중호수→아중로)
35.827757	127.101951	30	F	1	문학로	전주문학초등학교 앞(문학대→유연로)
35.828640	128.543990	30	F	2	송현로	학산사거리→학산남삼거리
35.828686	127.102089	30	F	2	황강서원로	전주문학초등학교(천잠로→문학대공원)
35.828760	127.102091	30	F	1	황강서원로	전주문학초등학교(문학대공원→천잠로)
35.828983	127.126051	30	F	2	전룡로	전주서신초등학교 앞 (서신사거리→서신교)
35.829236	128.677356	50	F	1	미술관로	대구미술관→대구스타디움
35.829416	127.151350	30	F	1	물왕멀로	전주동초등학교 앞(전주시청→인후동)
35.829495	127.151281	30	F	2	물왕멀로	전주동초등학교 앞 (인후동→전주시청)
35.829554	128.723791	50	F	2	대학로	경남신성아파트(청도 방면)
35.829798	128.709739	30	F	1	욱수천로	시지노인전문병원 서편(양방향,노인보호구역, 노빈교↔욱수교)
35.829891	128.622536	60	F	1	무학로	지산범물 상동네거리→지산범물
35.830093	128.738162	30	F	2	중방로	초원하이츠아파트(남매사거리 방면)
35.830118	127.112865	30	F	1	서신천변11길	전주서문초등학교 앞(삼천→서신동주민센터)
35.830159	128.737798	30	F	1	중방로	초원하이츠아파트(중방사거리 방면)
35.830180	127.112012	30	F	2	서신천변11길	전주서문초등학교 앞(서신동주민센터→삼천)
35.830248	129.152887	80	F	1	외현로	광명터널 전(경주역 방면)
35.830805	127.162395	30	F	1	정언신로	전주인후초등학교 앞(아중현대@→시청)
35.831229	128.571010	60	F	2	앞산순환로	상동교→상인동
35.831264	128.526785	30	F	1	월성로	학산초교보호구역, 학산초교교차로→학산중학교
35.831333	129.123452	50	F	1	내서로	파랑새어린이집(건천초 방면)
35.831543	128.486332	60	F	2	성서공단로	호림강나루공원→개상듬네거리
35.831594	128.535605	50	F	2	학산로	학산공원삼거리→월성네거리
35.831846	127.163242	30	F	1	무삼지로	전주인후초등학교 앞(인봉초교→기린초교)
35.831932	128.339271	70	F	2	운용로	용정교차로 앞(고령 방면)
35.831965	126.740731	30	F	2	광활로	광활초등학교 앞 (심포→은파)
35.832038	126.740774	30	F	1	광활로	광활초등학교 앞 (은파→심포)
35.832088	127.109376	30	F	2	당산로	전주서천초등학교 앞 (전주서중학교→서신광진@)
35.832245	127.110536	30	F	1	당산로	전주서천초등학교 앞(이마트→서천초교)
35.832349	127.109574	30	F	1	당산로	전주서천초등학교 앞(서신광진아파트→전주서중학교)
35.832477	128.730689	30	F	1	강변서로	정평초등학교(금호강 방면)
35.832481	127.853031	40	F	2	빼재로	상개명마을 (무주→거창)
35.832481	127.853031	40	E	2	빼재로	상개명마을(무주→거창)
35.832487	128.730717	30	F	1	대학로16길	정평초등학교(반야월역 방면)
35.832751	127.051800	90	F	1	호남로	더 이노힐스 아파트 앞 (이서→익산)
35.832753	127.099343	30	F	1	세네로	전주서곡초등학교 앞(전주세무서→양지뜸공원)
35.832893	127.099663	30	F	1	세네로	전주서곡초등학교(서곡두산@→전주세무서)
35.832894	128.329392	100	E	2	중부내륙고속도로	상언리(양평 방면)
35.832910	129.077452	60	F	1	단석로	편백나무숲 입구(청도방면)
35.833086	128.583515	60	F	1	앞산순환로	현충3→앞산고가교
35.833124	127.096034	30	F	1	천잠로	상원리나유치원 앞(서곡광장→기전여고)
35.833548	126.908726	40	F	1	하공로	산업도로교차로 램프 (연정교차로→익산)
35.833584	126.908890	40	F	2	하공로	산업도로교차로 램프 (스파힐스→익산)
35.833692	128.192812	30	F	1	참별로	수륜초등학교(수륜중학교 방면)
35.833859	128.543757	40	F	1	학산로	학산공원삼거리→학산사거리
35.833877	128.550684	30	F	2	학산로	송현공원→남송초교
35.834282	126.742661	60	F	1	지평선로	광활행정복지센터 앞 (성덕→심포항)
35.834446	129.120014	50	F	1	내서로	금천고분군(모량초 방면)
35.834666	127.097578	50	F	1	천잠로	서곡엘지@3가 (솔병원→서곡광장)
35.835104	128.573810	30	F	2	대명남로	룸비니유치원 건너(룸비니유치원보호구역, 남명삼거리→대덕네거리)
35.835165	128.502088	60	F	1	성서공단로	호림네거리→성서공단네거리
35.835173	128.530637	30	F	2	학산로7길	감천네거리→월성초교
35.835350	127.646122	60	F	1	장무로	죽장마을 앞(장수→무주)
35.835530	128.530836	30	F	1	학산로7길	월성초교→감천네거리
35.835665	127.066073	30	F	1	오공로	전주만성초등학교 앞(혁신우미린1차@→국민연금공단)
35.835718	126.899145	80	E	2	국도대체우회도로	흥사교차로 종점(정읍→김제)
35.835723	127.115760	30	F	2	서신로	전주서일초등학교 앞(사평교→박천수정형외과)
35.835740	127.066083	30	F	2	오공로	전주만성초등학교 앞(국민연금공단→혁신우미린1차@)
35.835908	126.899147	80	S	1	국도대체우회도로	흥사교차로 시점(김제→정읍)
35.835917	128.509973	60	F	2	성서공단로	장동네거리→성서공단네거리
35.835936	128.813521	80	E	1	공단로	(진량고가도로)구간 종점(자인방면)
35.836261	128.717748	60	F	2	달구벌대로	정평역→사월역
35.836319	127.361938	30	F	2	부귀로	부귀초등학교 앞 (부귀농협→부귀파출소)
35.836392	127.361902	30	F	1	부귀로	부귀초등학교 앞 (부귀파출소→부귀농협)
35.836522	129.117526	50	F	2	내서로	금척오일뱅크 건너(영천 방면)
35.836668	127.135806	30	F	2	권산득로	전주금암초등학교 정문(교통정보센터→전북대)
35.836727	127.111094	30	F	1	고사평8길	전주여울초등학교 정문(고사평동공원→서신LG@)
35.836790	127.111118	30	F	2	고사평8길	전주여울초등학교 정문(서신LG@→고사평동공원)
35.836961	128.564599	30	F	2	대명로	앞산빨래터→대명역교차로
35.836989	127.064462	30	F	1	중동로	전주만성초등학교 앞(국토정보공사→농촌진흥청)
35.837065	128.696146	30	F	2	시지로	노변중학교→노변초교
35.837246	127.064621	30	F	2	중동로	전주만성초등학교 앞(농촌진흥청→국토정보공사)
35.837362	127.145621	30	F	1	견훤왕궁로	전주동북초교 앞(인후2동주민센터→모래내)
35.837416	127.348105	80	F	1	전진로	송화수홍삼 앞
35.837573	127.366970	60	F	3	귀상로	부귀체육공원 앞 (부귀↔정천)ㅁ양방향
35.837674	127.347976	80	F	2	전진로	거석사거리 (진안→전주)
35.837698	127.367411	60	F	3	귀상로	귀상리(거석리) 부귀체육공원 앞
35.837879	127.111801	30	F	1	여울로	전주여울초등학교 앞(서평교→가련교)
35.837899	127.391402	60	F	1	귀상로	대곡마을 입구(전주→진안)
35.837933	127.347803	80	F	1	전진로	전진로 거석 4거리
35.838109	128.601405	30	F	1	신촌길	봉덕영무예다음@→봉덕초교
35.838449	127.152614	30	F	1	심방죽2길	전주전라초등학교(동은교회→온샘유치원)
35.838463	127.152528	30	F	2	심방죽2길	전주전라초등학교(온샘유치원→동은교회)
35.838783	128.551290	50	F	1	대명천로	성당중학교네거리→두리봉네거리
35.838787	127.877183	30	F	2	고제로	고제초등학교 (거창읍→김천)
35.838804	127.877193	30	F	2	고제로	고제초등학교 (김천→거창읍)
35.839215	127.050938	90	F	2	호남로	더 이노힐스 아파트 앞 (익산→이서)
35.839266	127.143543	30	F	1	거북바우로	전주동북초교(금암2동주민센터→견훤왕궁로)
35.839275	127.108698	50	F	2	홍산로	e편한세상@ 앞(서신동→송천동)
35.839322	127.143465	30	F	2	거북바우로	전주동북초교(견훤왕궁로→금암2동주민센터)
35.839572	127.165648	30	F	2	안덕원1길	가나유치원 앞(진흥하이츠@→푸른요양원)
35.839653	128.623425	50	F	1	청수로	들안길네거리→황금고가도로
35.839914	128.712716	30	F	1	달구벌대로	시지우방하이츠@→시지신매보성타운@
35.839935	128.310680	60	F	1	상성로	본리리(고령 방면)
35.840082	128.314507	60	F	2	상성로	용암중학교(김천 방면)
35.840105	128.712480	30	F	2	달구벌대로	시지신매보성타운@→시지우방하이츠@
35.840321	127.165605	30	F	1	안덕원1길	가나유치원 앞(푸른요양원→진흥하이츠@)
35.840722	128.602756	50	F	1	대덕로	봉덕동→중동교
35.840740	128.507114	50	F	2	성서로	성서네거리→성서공단네거리
35.840757	128.759569	60	F	1	대학로	경산종합정비(영남대학교 방면)
35.840954	127.125827	30	F	1	들사평로	전주덕진초등학교 앞(전라중→전북대학교)
35.841024	127.125759	30	F	2	들사평로	전주덕진초등학교 앞(전북대학교→전라중학교)
35.841527	128.556547	30	F	1	장기로	두리봉네거리→동해유치원
35.841591	127.056181	30	F	2	틀못3길	전주온빛초등학교(중흥S클래스@→호반베르디움@)
35.841617	127.056256	30	F	1	틀못3길	전주온빛초등학교(호반베르디움@→중흥S클래스@)
35.841674	127.277612	60	E	1	전진로	화심교차로부근 종점(진안→전주)
35.841766	128.556043	30	F	1	장기로	동해유치원→두리봉네거리
35.842131	129.229174	30	F	2	임해로	화랑초등학교(경주박물관 방면)
35.842222	129.208519	30	F	2	원효로	월성초등학교(경주중 방면)
35.843197	127.405677	60	F	3	귀상로	두남사거리 (부귀↔정천)
35.843543	127.270515	30	F	2	소양로	동양초등학교 앞 (진안→전주)
35.843802	127.147858	30	F	2	명주3길	전주금평초교(동전주우체국→인후2동주민센터)
35.843925	129.271915	50	F	2	경감로	4번국도(경주시청 방면)
35.844036	127.147751	30	F	1	명주3길	전주금평초교 앞(인후2동센터→동전주우체국)
35.844055	128.342466	70	F	2	운용로	상언교차로(성주→고령)
35.844606	128.642045	50	F	2	청수로	황금고가 담티고가교→황금고가교
35.844685	126.990698	30	F	2	금백로	비룡초등학교 앞 (춘강사거리→이서)
35.844690	126.990839	30	F	1	금백로	비룡초등학교 앞 (이서→춘강사거리)
35.844783	129.095134	30	F	1	단석로	천포초등학교(건천초등학교 방면)
35.844849	128.706665	40	F	1	고산로	신매네거리→안심교
35.844962	128.642314	50	F	1	청수로	황금아파트4→두리봉터널
35.845979	126.913689	80	F	1	하공로	상정교차로 (김제→공덕)
35.846048	127.073940	30	F	1	만성중앙길	전주양현초등학교 앞(만성초교→만성에코르@)
35.846193	128.536844	60	F	1	와룡로	죽전네거리→본리네거리
35.846204	127.073568	30	F	1	만성중앙로	전주양현초등학교 앞(만성에코르@→양현초교)
35.846476	127.073390	30	F	1	만성서로	전주양현초교 앞(전주검찰청→농협하나로마트)
35.846602	128.534559	30	F	2	와룡로	장보고식자재마트→화성파크드림@
35.846612	129.231398	30	F	1	초당길15번길	경희학교(경주IC 방면)
35.846636	128.607590	60	F	2	신천동로	중동교→대봉교
35.846724	126.782380	30	F	1	진봉로	진봉초교 앞(가실마을→진봉면행정복지센터)
35.846827	129.231705	30	F	2	초당길15번길	경희학교(포항 방면)
35.847530	129.281369	60	F	2	보문로	(경주월드 방면)
35.848417	126.930101	40	F	2	소음방로	소음방마을 앞(공덕→용지)
35.848432	128.624461	60	F	1	동대구로	범어네거리→황금네거리
35.848437	128.472793	60	F	2	달서대로	강창교→강나루공원
35.848487	126.930148	40	F	1	소음방로	소음방마을 앞(용지→공덕)
35.848547	128.515983	50	F	1	성서동로	장동네거리→이곡네거리
35.848628	127.112725	30	F	1	하가로	전주덕일초등학교(덕일중학교→기린대로)
35.848644	127.062056	30	F	1	원장동길	장동초등학교 앞(혁신도시→화개네거리)
35.848658	127.061986	30	F	1	원장동길	전주장동초등학교 앞 (화개네거리→전주혁신도시)
35.848697	127.110668	30	F	1	가리내로	덕일성유치원 앞(하가초등학교→추천대교)
35.848768	127.110597	30	F	2	가리내로	덕일성유치원 앞(추천대교→하가초등학교)
35.849766	128.797955	50	F	2	가야로	가야리(영남대 방면)
35.849773	128.817400	80	F	2	공단로	안촌리
35.850178	129.102549	30	F	1	내서로	건천초등학교(건천교 방면)
35.850276	128.507409	50	F	1	성서로	갈산네거리→성서네거리
35.850366	128.626621	30	F	2	동대구로	수성구민운동장↔노동청
35.850634	127.034479	30	F	1	원동로	전주원동초등학교 앞(혁신도시→전주수목원)
35.850651	127.034375	30	F	2	원동로	전주원동초등학교 앞(전주수목원→혁신도시)
35.850727	128.728041	60	F	1	경안로	경산공공하수처리장(반야월역 방면)
35.850800	128.524000	30	F	2	달구벌대로	홈플러스성서점→용산지하차도
35.851045	128.523679	30	F	2	장산로	용산지하차도→홈플러스성서점
35.851498	128.448503	70	F	2	달구벌대로	다사→성주
35.851900	127.189746	80	F	2	전진로	동전주IC 앞 (소양→전주)
35.852398	128.467090	30	F	2	대실역남로	대실유치원->한신휴플러스아파트
35.852422	126.905834	30	F	1	종정길	종정초등학교 앞 (돌제교차로→돌제마을)
35.852469	126.636488	80	F	2	새만금동서도로	동서4교 교차로 종점 (새만금→심포항)
35.852636	126.905697	30	F	1	종정길	종정초등학교 앞(돌제마을→돌제교차로)
35.852673	126.636437	80	F	2	새만금동서도로	동서4교 교차로 시점 (심포항→새만금)
35.853078	126.709805	40	F	1	지평산로	심포드리마을 앞(심포→만경)
35.853110	126.711127	40	F	2	지평선로	심포드리마을 앞(만경→심포)
35.853180	128.571278	30	F	2	파도고개로	성남초교 건너(양방향,성남초교보호구역, 내당역↔성당시장네거리)
35.853359	128.640038	30	F	2	청호로	정화중→우방청솔맨션
35.853444	126.955523	30	F	1	용지로	용지초등학교 앞(용지파출소→용지초교)
35.853583	126.956413	30	F	1	용지로	용지초등학교 앞(용지중학교→용지초교)
35.853808	126.822435	30	F	1	능제로	만경초등학교 앞 (진봉→백산)
35.853874	126.822398	30	F	2	능제로	만경초등학교 앞 (백산→진봉)
35.854093	128.656250	60	F	2	달구벌대로	연호네거리→만촌네거리
35.854616	128.816242	30	F	1	황제1길	진성초등학교(경산IC 방면)
35.854844	127.002476	30	F	2	용지로	용동초등학교 앞 (용지→전주)
35.854907	127.002499	30	F	1	용지로	용동초등학교 앞 (전주→용지)
35.855225	126.990919	60	F	1	금백로	춘강사거리(용지→백구)
35.855341	128.589002	30	F	2	중앙대로49길	대명2동복지센터→중앙대로
35.855576	128.503161	40	F	2	계대동문로	국민연금 → 와룡시장
35.855773	127.118960	30	F	2	송천로	전주송천초등학교(송천삼거리→송천2파출소)
35.855846	128.467965	60	F	2	달구벌대로	강창교→대실역
35.855859	126.839618	60	F	2	능제로	대죽마을 앞(만경→백산)
35.855932	126.839539	60	F	1	능제로	대죽마을 앞(백산→만경)
35.855971	127.234043	30	F	1	소양로	소양초등학교 앞 (전주→소양)
35.856250	128.596400	50	F	1	명덕로	명덕역→건들바위역
35.856284	127.448389	60	F	2	귀상로	금지터널 앞 (무주→진안)
35.856406	128.574341	50	F	1	성당로	성당시장네거리→내당네거리
35.856537	128.463593	30	F	2	죽곡1길	달구벌대로→대실역e편한세상@
35.856840	127.119308	30	F	2	송천1길	전주송천초등학교 앞 (송천2파출소→송천중앙로)
35.856893	127.119364	30	F	1	송천1길	전주송천초등학교 앞(송천중앙로→송천2파출소)
35.856972	127.150427	30	F	2	호성로	전주북초등학교 앞(건지도서관→만수초등학교)
35.856989	126.843304	110	S	1	서해안고속도로	서해안고속도로 목포기점 127.4K 상 2차로 시점【전북김제】(서김제IC→동군산IC)
35.856992	126.843218	110	S	1	서해안고속도로	서해안고속도로 목포기점 127.4K 상 1차로 시점【전북김제】(서김제IC→동군산IC)
35.857003	128.565798	30	F	1	파도고개로	호림네거리→성서계대동문네거리
35.857104	126.775677	40	F	2	지평선로	신흥마을 앞 (심포→만경)
35.857113	127.151904	30	F	1	호성1길	전주북초등학교(호성주공2차→LG동아@)
35.857138	127.151970	30	F	1	호성1길	전주북초등학교(LG동아@→호성주공2차)
35.857142	127.327095	60	S	2	전진로	소태정휴게소 시점(진안→전주)
35.857166	126.775678	40	F	1	지평선로	신흥마을 앞 (만경→심포)
35.857251	126.806253	60	F	1	지평선로	옥산마을 앞(만경→진봉)
35.857267	127.150103	30	F	1	호성로	전주북초등학교 앞(만수초교→건지도서관)
35.857531	127.151589	30	F	2	소리로	전주북초등학교 앞 (동물원→동부대로)
35.857660	127.151575	30	F	1	소리로	전주북초등학교 앞(동부대로→동물원)
35.857724	128.356841	30	F	2	세종대왕자태실로	대동초등학교(문명2리회관 방면)
35.857754	128.356958	30	F	1	운용로	대동초등학교(남성주IC 방면)
35.857948	126.845943	80	F	2	금만로	내죽교차로 (군산→김제)
35.857989	127.834003	40	F	2	빼재로	빼재터널 시점 (무주→거창)
35.857989	127.834003	40	S	2	빼재로	빼재터널 시점(무주→거창)
35.858034	126.799340	40	F	2	지평선로	대덕마을 앞 (심포→만경)
35.858046	128.495742	30	F	2	서당로	방송통신대학교 → 신당중학교
35.858115	126.799308	40	F	1	지평선로	대덕마을 앞 (만경→심포)
35.858602	128.523637	50	F	1	선원로	성서고교→용산지하도
35.859089	128.514168	40	F	2	선원로	선원공원삼거리→불미골네거리
35.859586	127.210067	30	F	2	명덕로	소양서초등학교 앞(명덕교차로→봉동)
35.859594	127.209971	30	F	1	명덕로	소양서초등학교 앞(봉동→명덕교차로)
35.859693	127.100672	30	F	1	구렛들1길	팔복예술공장 앞(기린대로→팔복예술공장)
35.859934	129.127208	80	S	2	토함산로	구간 시점(포항방면)
35.859946	128.596282	40	F	1	명륜로	대구향교 앞(남문시장사거리→봉산오거리)
35.859953	126.726499	40	F	2	지평선로	전선포마을 앞(심포→만경)
35.859967	128.596276	40	F	2	명륜로	대구향교 건너(봉산오거리→남문시장사거리)
35.859972	126.726418	40	F	1	지평선로	전선포마을 앞(만경→심포)
35.860074	129.076339	100	E	2	경부고속도로	(경주시 건천읍 신평리)(영천->경주)
35.860075	129.156465	80	F	1	외현로	야척교차로(포항 방면)
35.860302	128.582779	50	F	1	남산로	계명네거리→신남네거리
35.860385	127.159145	30	F	1	초포다리로	새봄유치원(호성네거리→용진삼거리)
35.860401	127.159019	30	F	2	초포다리로	새봄유치원(용진삼거리→호성네거리)
35.861653	127.112079	30	F	1	와룡로	전주송원초등학교 앞(송천와룡성당→한양아파트)
35.861660	127.112154	30	F	1	와룡로	전주송원초등학교 앞(전주천→송천와룡성당)
35.861876	128.635603	30	F	1	범어로	계성어린이집→수성구청역
35.861932	127.117724	30	F	1	송천4길	전주용소초교 정문(삼성@→광신프로그레스@)
35.861995	127.117697	30	F	2	송천4길	전주용소초교 정문(광신프로그레스@→삼성@)
35.862067	126.746612	40	F	2	지평선로	석치마을 앞 (심포→만경)
35.862142	126.746612	40	F	2	지평선로	석치마을 앞 (만경→심포)
35.862308	127.248330	100	E	2	익산장수고속도로	익산장수고속도로 익산분기점 17.6K 하 종점 【전북완주】(장수→익산)
35.862490	127.118179	30	F	2	송천4길	전주용소초교 후문(송천자이@→송천비사벌@)
35.862519	127.118245	30	F	1	송천4길	전주용소초교 후문(송천비사벌@→송천자이@)
35.862521	127.146795	30	F	1	호성로	전주만수초교 앞(진흥더블파크3단지@→북초교)
35.862597	128.648890	60	F	1	무열로	만촌네거리→무열대삼거리
35.862837	127.146653	30	F	1	호성로	전주만수초교 앞(북초교→진흥더블파크@)
35.863028	127.062275	60	F	2	온고을로	정암마을 앞 (전주IC→팔복동)
35.863268	126.735150	40	F	1	지평선로	고사마을 앞(심포→만경)
35.863338	126.735124	40	F	2	지평선로	고사마을 앞(만경→심포)
35.863469	128.804269	50	F	1	일연로	황용지(경산IC 방면)
35.863749	128.804311	50	F	2	일연로	황용지(자인면 방면)
35.863830	127.123438	30	F	1	천마산로	전주송북초등학교 앞(오송중교→솔내고교)
35.864646	127.149373	60	F	2	동부대로	진흥더블파크@앞 삼거리(전주역→송천역)
35.864875	128.525933	50	F	2	새방로	새방지하도→용산동
35.864954	128.546435	50	F	1	당산로	감삼네거리→중리네거리
35.865164	127.130917	30	F	1	천마산로	전주오송초등학교 앞(한라비발디@→오송중)
35.865393	129.220697	30	F	2	원지길30번길	용황초등학교(용황유치원 방면)
35.865785	127.655834	30	F	1	칠연로	안성초등학교 앞(안성사거리→중산마을)
35.865841	127.655894	30	F	1	칠연로	안성초등학교 앞 (중산교차로→안성사거리)
35.865901	128.529784	50	F	1	장산로	장산지하차도→새방지하차도
35.866032	128.586980	60	F	1	달구벌대로	신남네거리→반월당네거리
35.866386	127.131053	30	F	1	사근1길	전주오송초교 후문(현대3차@→한라비발디@)
35.866484	127.131055	30	F	2	사근1길	전주오송초교 후문(한라비발디@→현대3차@)
35.867093	128.632985	50	F	1	국채보상로	벤처밸리네거리→동원초교
35.867168	128.818834	80	S	1	공단로	(진량고가도로)구간 시점3차선(자인방면)
35.867258	128.731106	30	F	2	동호로	강동중학교→안심역코오롱하늘채@
35.867391	127.548328	60	F	3	자신로	자신로(신괴리) 지사마을 앞
35.867628	127.548202	60	F	3	자신로	지사마을 앞 (동향↔안천)ㅁ양방향
35.868127	128.646305	50	F	1	국채보상로	동원초교→무열대삼거리
35.868241	127.478395	60	F	1	진무로	양지마을 앞(진안→무주)
35.868277	127.478280	60	F	1	진무로	양지마을 앞(무주→진안)
35.868656	129.065521	100	E	1	경부고속도로	(영천→경주)
35.868784	126.823740	40	F	2	만경로	신덕마을 앞 (김제→군산)
35.868822	129.224224	60	F	2	산업로	용강파출소(용강네거리 방면)
35.869101	128.905119	40	F	1	운복로	대창초등학교(대창파출소 방면)
35.869216	129.202794	30	F	1	안현로	나원초등학교(금장사거리 방면)
35.869231	128.640742	30	F	2	동원로	중앙초교 정문(중앙초교보호구역, 동부중학교→메트로팔레스2단지@)
35.869292	128.905014	40	F	2	망정1길	대창초등학교(경주 방면)
35.869520	127.131564	60	F	2	동부대로	구35사단 입구 (송천동→전주역)
35.869673	128.852195	30	F	1	금박로	다문초등학교(경산시청 방면)
35.869692	128.852271	30	F	2	금박로	다문초등학교(영천 방면)
35.869881	127.127406	50	F	1	동부대로	송천도서관 사거리(전주역→전주IC)
35.869885	127.436297	60	F	1	진용로	봉학교차로 (진안→정천)
35.869983	128.692267	60	F	2	안심로	반야월삼거리→안심주공네거리
35.870199	127.435917	40	F	1	진용로	봉학삼거리앞
35.870332	127.076965	30	F	1	쪽구름로	전주조촌초교 후문(여의광장사거리→삼례)
35.870501	128.550727	30	F	1	서대구로29길	중리초→신평리네거리
35.870569	127.099332	60	F	2	동부대로	전주천교 앞 (동산동→송천동)
35.870579	126.824582	40	F	2	만경로	신덕마을 앞 (군산→김제)
35.871304	128.559235	50	F	2	국채보상로	서대구전화국→신평리네거리
35.871414	128.488505	30	F	1	궁산1길	달서대로→서재로7길
35.871566	128.657650	60	F	2	고모로	고모역→무열대
35.871797	127.430231	30	F	1	봉학로	조림초등학교 앞 (정천파출소→정천체련공원)
35.871882	127.430259	30	F	2	봉학로	조림초등학교 앞 (정천체련공원→정천파출소)
35.872020	127.436073	60	F	2	진용로	체련공원 공용주차장 앞 (주천→진안)
35.872357	128.546580	40	F	2	당산로	서평초교→중리네거리
35.872374	128.494320	30	F	1	서재본길	세천→서재초등삼거리
35.872830	129.203203	30	F	1	등나무길	금장초등학교(형산강 방면)
35.872879	128.562947	30	F	1	통학로	서대구전화국사거리→비산초교사거리
35.872943	129.194643	60	F	2	태종로	경주시청 방면
35.873096	128.549579	30	F	2	국채보상로31안길	화성파크 717동↔영무예다음
35.873578	128.559283	30	F	2	문화로	대평리시장→서구청
35.873888	127.072683	30	F	1	쪽구름로	전주반월초등학교 앞(반월삼거리→여의동우체국)
35.874255	127.124483	60	F	2	과학로	송천정보통신학교 앞 (봉동3공단→송천동)
35.874417	128.594570	30	F	3	중앙대로	대구역네거리 남측(양방향, 대구역네거리↔중앙네거리)
35.874686	128.653348	30	F	1	효행로	만촌자전거경기장→망우당네거리
35.874930	128.608276	80	F	2	신천대로	경대교→수성교
35.875055	128.623579	50	F	1	장등로	청구삼거리→신천3동주민센터
35.875330	128.652130	30	F	2	효행로	망우당네거리→만촌자전거경기장
35.875351	128.815733	30	F	1	낙산길	진량초등학교 정문(영천 방면)
35.875556	128.733037	60	F	1	혁신대로	신용보증기금→영천
35.875728	127.652950	100	S	1	통영대전고속도로	통영대전고속도로 통영기점 153.4K 상 시점 【전북무주】(덕유산IC→무주IC)
35.875838	127.001863	60	F	1	번영로	득자마을경로회관 앞 (익산→전주)
35.875907	128.656754	60	F	2	화랑로	화랑교→효목4
35.876005	127.139616	30	F	1	초포로	초포초등학교 앞(에코시티→고당네거리)
35.876056	127.061330	30	F	1	용신길	그린유치원 앞(월곡마을→조촌교차로)
35.876064	127.061467	30	F	1	용신길	그린유치원 앞(조촌동→서당마을)
35.876097	127.001599	60	F	2	번영로	득자마을경로회관 앞 (전주→익산)
35.876114	126.995550	30	F	1	금백로	난산초등학교 앞 (용지→난산삼거리)
35.876148	126.995465	30	F	2	금백로	난산초등학교 앞 (난산삼거리→용지)
35.876269	128.671029	60	F	2	화랑로	동대구IC→화랑교
35.876435	126.924220	30	F	1	유강4길	황강초등학교 앞(황산→공덕)
35.876485	127.050363	30	F	1	용덕길	전주용덕초등학교 앞(용덕마을→번영로)
35.876567	126.924238	30	F	1	유강4길	황강초등학교 앞(공덕→황산)
35.876664	127.505432	60	F	1	진무로	대구평마을 앞 (진안→무주)
35.876674	127.504941	60	F	3	진무로	진무로(용평리) 대구평마을 앞
35.876742	129.513137	30	F	1	장기로	양포초등학교(장기파출소 방면)
35.876753	127.505438	60	F	2	진무로	대구평마을 앞 (무주→진안)
35.876826	126.950377	30	F	2	황토로	부용초등학교 앞 (용지→백구)
35.876921	129.513582	30	F	1	장기로	양포초등학교(양포삼거리 방면)
35.876964	127.039946	70	F	1	번영로	대흥마을(익산→전주)
35.877017	128.800163	100	F	1	고속도로	(경산지 진량읍 선화리)3차로(서울방면)
35.877183	128.652858	60	F	1	화랑로	효목네거리→화랑교
35.877197	126.950391	30	F	1	황토로	부용초등학교 앞 (백구→용지)
35.877304	128.812145	30	F	1	대학로	진량고등학교 후문 건너편(하양 방면)
35.877327	128.829246	60	F	2	공단로	신상리버스정류장 (진량->경산IC)
35.877483	128.766465	100	S	1	경부고속도로	(부산→서울)
35.877483	128.766465	100	E	2	경부고속도로	(서울→부산)
35.877569	128.720430	50	F	2	이노밸리로	각산성당 → 새론중학교
35.877648	128.766304	100	S	2	경부고속도로	(부산→서울)
35.877674	128.766379	100	S	1	경부고속도로	(부산→서울)
35.877683	128.766368	100	S	1	경부고속도로	(부산→서울)
35.877704	128.499186	30	F	1	서재로26길	도림초교 앞(양방향,도림초교보호구역, 보성1차↔보성2차)
35.878295	128.577426	50	F	1	북비산로	북비산네거리→달성네거리
35.878390	128.416913	30	F	1	달구벌대로55길	하빈파출소→봉촌교
35.878482	126.993638	60	F	1	번영로	난산마을 앞(익산→전주)
35.878547	126.826577	60	F	3	만경로	제항마을 앞 (청하↔만경)ㅁ양방향
35.878768	128.412094	70	F	1	달구벌대로	성주→대구
35.878881	128.563124	30	F	1	통학로	비산초교사거리→대평중학교
35.879102	127.466849	60	F	2	진용로	갈두마을 앞(용담→진안)
35.879985	128.533319	60	F	2	신천대로	매천대교지하차도→성서IC
35.880031	128.786423	50	F	2	화성로	한농종묘농약사(영천 방면)
35.880691	126.953628	60	F	1	황토로	스마트팜혁신밸리 앞(백구→용지)
35.881055	128.614440	50	F	1	아양로	칠성시장→파티마병원
35.881165	128.368780	70	F	2	성주로	도성리(성주대교 방면)
35.881750	128.499035	50	F	1	서재로	서재→와룡대교
35.882485	128.892751	60	F	2	금창로	대창2리 복지회관(북영천IC 방면)
35.882636	127.243150	30	F	1	송광수만로	송광초등학교 앞(위봉사→소양초교)
35.883068	127.243238	30	F	1	송광수만로	송광초등학교 앞(소양초교→위봉사)
35.883297	127.684305	70	F	2	무주로	도촌마을 앞 (적상→안성)
35.883794	128.774050	60	F	1	하양로	청천초등학교(영천 방면)
35.883828	127.030934	70	F	1	새만금북로	도도교차로 램프(전주→군산)
35.884149	128.168088	30	F	1	가천로	가천초등학교(창천삼거리 방면)
35.884334	128.167621	30	F	2	가천로	가천초등학교(가천삼거리 방면)
35.884599	126.918616	90	F	1	새만금북로	공덕교차로 후 시점 (군산→전주)
35.884635	129.062555	60	F	2	내서로	질못저수지 앞(서면복지센터 방면)
35.884803	126.921027	90	F	1	새만금북로	공덕교차로 전 종점 (전주→군산)
35.885116	128.791150	50	F	1	화성로	경산유아교육체험센터(대구 방면)
35.885345	128.631730	50	F	1	아양로	파티마병원→동구청
35.885431	127.021746	90	F	2	새만금북로	도도교차로 전 종점 (군산→전주)
35.885461	128.600809	80	F	1	신천대로	신천교→침산교
35.885619	127.018291	90	F	1	새만금북로	도도교차로 후 시점 (전주→군산)
35.886279	128.636531	40	F	2	아양로	아양교역→큰고개오거리
35.886447	127.942519	60	F	1	거창김천로	농업회사법인 산들란(대덕파출소 방면)
35.887095	127.129013	60	F	2	과학로	전당사거리 (봉동→에코시티)
35.887194	127.129258	60	F	1	과학로	전당사거리 (에코시티→완주봉동)
35.887490	128.482233	30	F	2	다사로	다사체육공원↔해랑교
35.888090	129.179915	30	F	2	다경길	현곡초등학교(현곡초 방면)
35.888260	129.179499	30	F	1	다경길	현곡초등학교(현곡푸르지오아파트 방면)
35.888774	127.441122	50	F	2	관진로	갈거마을 앞 (정천→주천)
35.888786	127.441037	50	F	1	관진로	갈거마을 앞 (주천→정천)
35.888805	129.057026	60	F	2	내서로	도계리(양방향)
35.889538	128.582500	50	F	1	침산남로	원대오거리→오봉오거리
35.889900	127.819278	60	F	1	구천동로	상오정삼거리 부근 (거창→무주)
35.890271	127.076904	60	F	2	삼례로	반월교차로 앞(삼례→전주)
35.890276	127.077009	60	F	2	삼례로	반월교차로 앞 (삼례→동산동)
35.890589	126.833045	60	F	3	만경로	신금마을 앞 (만경↔군산)양방향
35.891399	127.180604	30	F	2	봉서로	간중초등학교 앞(전주→두억교차로)
35.891482	127.180564	30	F	1	봉서로	간중초등학교 앞(두억교차로→전주)
35.891763	128.586544	30	F	2	성북로	침산초교보호구역,백사벌네거리→침산초교교차로
35.891769	129.052808	30	F	1	내서로	아화초등학교(건천읍행정복지센터 방면)
35.891794	128.566241	50	F	2	노원로	만평네거리→노원네거리
35.892444	129.171436	80	F	1	서라벌대로	현곡교 100m전(건천방면)
35.893084	127.834018	40	S	2	삼은로	덕지삼거터널 전 시점【전북무주】(구천동→무풍면)
35.893204	129.013801	40	F	2	운북로	경북영광학교(북안초등학교 방면)
35.893215	126.857294	30	F	1	청공로	청하초등학교 앞(청하중학교→대신교회)
35.893219	128.589597	40	F	2	침산로	백사벌네거리→북침산네거리
35.893237	126.857186	30	F	1	청공로	청하초등학교 앞(대신교회→청하중학교)
35.893502	128.637410	30	F	2	해동로	공항네거리→아양교
35.893515	128.637534	30	F	1	해동로	아양교→공항네거리
35.893641	128.589871	40	F	1	침산로	북침산네거리→백사벌네거리
35.893705	126.911092	30	F	2	공덕로	공덕초등학교 앞 (청하→공덕)
35.893743	126.911188	30	F	1	공덕로	공덕초등학교 앞 (공덕→청하)
35.893768	129.524385	40	F	2	동해안로	신창1리마을(울산 방면)
35.894310	128.429137	60	F	2	하빈로	하빈면사무소→하빈교
35.894814	128.624391	30	F	1	복현로	복현네거리→공항교교차로
35.895149	128.682220	30	F	1	옻골로	명당새마을회관→가산지
35.895531	128.526405	50	F	1	사수로	매천대교→와룡대교
35.895607	129.494951	30	F	2	한장군로	장기초등학교(경주 방면)
35.895619	128.557454	80	F	1	신천대로	서변대교→팔달교
35.895999	128.355225	70	F	2	성주로	선남농협클린주유소 건너편(성주→대구)
35.896158	129.266861	30	F	2	천북로	천북초등학교(천북면행정복지센터 방면)
35.896283	128.382584	30	F	2	운용로	도원초등학교(도흥보건진료소 방면)
35.896313	127.125103	60	F	2	과학로	은평마을 앞 (봉동→전주)
35.896531	128.382712	30	F	1	운용로	도원초등학교(소학리 방면)
35.897239	128.619821	30	F	1	동북로	영진전문대학→복현장미@
35.897240	127.112777	80	F	2	새만금북로	화물과적검문소 앞 (용진→익산)
35.897356	127.552326	50	F	3	진무로	보한삼거리 (진안↔무주)
35.897401	127.552185	60	F	3	진무로	진무로(노성리) 보한3거리
35.897787	128.544399	30	F	1	매천로2길	팔달초중교차로→팔달중
35.898384	129.012660	100	S	2	경부고속도로	(영천시 북안면 서당리)(영천->경주)
35.898437	129.012639	100	S	2	경부고속도로	(영천시 북안면 서당리)(영천->경주)
35.898504	129.012579	100	S	1	모전로	서당리(영천->경주)
35.898834	127.559801	30	F	1	진무로	안천초등학교 앞 (진안→무주)
35.899008	127.560058	30	F	2	진무로	안천초등학교 앞 (무주→진안)
35.899347	128.547691	50	F	2	칠곡중앙대로	태전교→팔달교
35.899722	128.039244	50	F	1	증산로	유성교회(옥동교 방면)
35.899729	128.548061	50	F	1	칠곡중앙대로	팔달교→팔달고가도로
35.899863	128.620844	30	F	1	복현로	공항교 교차로→성화여고
35.900059	128.440896	30	F	1	하빈로	하빈교삼거리→하빈면사무소교차로
35.900445	127.682940	60	F	1	무주로	사산교차로2km전(장수→무주)
35.900660	127.568484	70	F	2	진무로	상리교차로 (진안→무주)
35.900841	127.568328	70	F	1	진무로	상리교차로 (무주→진안)
35.900980	128.541749	60	F	1	매천로	매천대교→매천초교
35.901570	128.033351	50	F	2	증산로	옥동2교(유성리 방면)
35.901685	128.579185	40	F	1	오봉로	노원네거리→조야교
35.901918	128.036569	30	F	2	증산1로	증산초등학교(부항리 방면)
35.901994	127.021059	40	F	1	춘포로	판문마을 앞(삼례→익산)
35.902270	127.001166	40	F	2	춘포로	역전마을 앞(익산→삼례)
35.902358	128.036225	30	F	1	증산1로	증산초등학교(증산치안센터 방면)
35.902533	127.044373	80	F	1	평동로	중해전마을 앞 (익산→삼례)
35.902584	127.011261	30	F	2	춘포로	춘포초등학교 앞 (익산→삼례)
35.902696	127.011236	30	F	1	춘포로	춘포초등학교 앞 (삼례→익산)
35.903233	126.879349	90	F	2	새만금북로	공덕대교 (전주→군산)
35.903596	128.577544	80	F	1	신천대로	팔달교→침산교
35.903888	127.156949	30	F	1	완주로	용봉초등학교(완주군청4가)ㅁ앞 (전주→봉동)
35.905019	128.498655	30	F	1	시덕로	지천초등학교(연호천방면)
35.905150	128.498415	30	F	1	매원1길	지천초등학교(지천역 방면)
35.905949	128.352033	30	F	1	성주로	선남초등학교(선남초 방면)
35.906036	128.352491	30	F	2	새천년대로	선남초등학교 앞(관화2리마을회관 방면)
35.906564	128.543335	30	F	3	매전로4길	매천무지개공원(양방향, 매천화성파크드림@↔농수산도매시장)
35.906758	126.933827	30	F	2	유강로	치문초등학교 앞 (익산→김제)
35.906940	126.934018	30	F	1	유강로	치문초등학교 앞 (김제→익산)
35.907091	127.958214	60	F	2	남김천대로	시온석재(관기교차로 방면)
35.907366	128.341834	70	F	2	강변대로	국립농산물품질관리원 앞(성주군청 방면)
35.908186	126.839349	40	F	2	만경로	금만농협 청하지점 앞 (군산→만경)
35.908295	127.776674	30	F	1	구천동로	구천초등학교 앞(구천동→설천)
35.908880	128.410971	80	F	1	강변대로	적산교차로(제2왜관교 방면)
35.908958	128.546006	30	F	1	매전로	매천화성파크드림@→매천고네거리
35.909021	126.939960	60	F	1	번영로	우담마을 앞 (익산→전주)
35.909080	128.545877	30	F	2	매전로	매천고네거리→매천화성파크드림@
35.909489	128.958774	60	F	2	산업단지로	큰마을 버스정류장(불암지 방면)
35.909927	128.817689	60	F	2	대경로	하양역교차로 4,5차로(영천 방면)
35.909940	128.222213	30	F	2	참별로	대가초등학교(금산교차로 방면)
35.911756	126.867141	90	F	2	새만금북로	공덕대교 전 (군산→전주)
35.912612	128.542750	50	F	1	매천로	매천시장지하차도→매천초교교차로
35.913122	128.599810	60	F	2	호국로	도곡네거리→산격대교
35.913291	128.588459	60	F	2	서변남로	서변동→신천대로
35.913720	128.600085	60	F	1	호국로	산격대교→도곡네거리
35.913964	126.830170	80	F	2	금만로	복교졸음쉼터 앞(군산→김제)
35.914063	128.593310	60	F	1	서변남로	북대구IC→서변고가차도
35.914110	126.752022	30	F	1	구평길	회현초등학교 앞(월연리→회현초등학교)
35.914168	126.752422	30	F	2	회현로	회현초등학교 앞(옥구→회현중학교)
35.914205	127.124966	60	F	2	과학로	장포마을 앞 (3공단→송천동)
35.914269	126.752463	30	F	1	회현로	회현초등학교 앞(회현중학교→옥구)
35.914269	129.009757	40	F	2	호국로	북안초등학교(고지삼거리 방면)
35.914398	129.009886	40	F	1	운복로	북안초등학교 앞(영천시청 방면)
35.914567	128.548281	50	F	2	칠곡중앙대로	태전교→팔달교
35.915161	126.929875	30	F	1	번영로	이리남초등학교 앞(김제→군산)
35.915256	126.829899	80	F	1	금만로	복교졸음쉼터 앞(김제→군산)
35.915611	127.755432	60	F	2	치마재로	구천동터널 출구 앞 (괴목→구천동)
35.916334	128.285922	30	F	2	선노로	성주중앙초등학교(성주파출소 방면)
35.916351	127.686210	70	F	2	치마재로	마산마을 (구천동→적상)
35.916472	127.742084	50	F	1	치마재1로	구천동터널 앞 (구천동→적상)
35.916908	128.313761	70	F	1	성주로	성주관광오일뱅크(대구 방면)
35.917685	128.223529	50	F	1	동강한강로	흥산교 200m전(벽진면)
35.918067	128.295319	40	F	1	성주로	성산교(성주군청 방면)
35.918405	126.820833	30	F	2	남군산로	대야남초등학교 앞(회현→상리교차로)
35.918415	127.970274	30	F	2	남김천대로	대덕초등학교(대덕삼거리 방면)
35.918476	126.820805	30	F	1	남군산로	대야남초등학교 앞(상리교차로→회현)
35.918681	128.281669	30	F	1	심산로	성주여고(성주군청 방면)
35.918741	128.603610	30	F	2	동변로	동변공원→선수촌2단지아파트
35.918916	128.813460	30	F	2	문화로	하주초등학교(무학사 방면)
35.918922	128.819811	30	F	2	석단로	무학중학교(하양역 방면)
35.919151	127.071707	100	E	2	호남고속도로	호남고속도로 순천기점 174.6K 하 종점 1,2차로 【전북익산】(대전→광주)
35.919247	127.071630	100	E	2	호남고속도로	호남고속도로 순천기점 174.6K 하 종점 3차로 【전북익산】(대전→광주)
35.919396	128.286048	30	F	2	대고로	성주초등학교앞(한국농어촌공사 성주지사 방면)
35.919509	128.286061	30	F	1	대고로	성주초등학교(고령 방면)
35.919644	128.174466	40	F	2	성주로	금수복지회관(고령 방면)
35.919993	129.246916	30	F	1	모아동산길	모아초등학교(형산강 방면)
35.920454	127.826884	40	E	2	삼은로	덕지삼거터널 후 종점【전북무주】(구천동→무풍면)
35.920661	127.435589	50	F	1	정주천로	상양명마을 입구(진안→주천)
35.920683	127.435488	50	F	2	정주천로	상양명마을 입구(주천→진안)
35.920830	127.104215	60	F	1	삼봉로	석전육교 앞(삼례→봉동)
35.921887	126.960491	30	F	1	옛둑2길	익산옥야초등학교 앞 (동익산역→세경@)
35.921908	126.960394	30	F	2	옛둑2길	익산옥야초등학교 앞 (세경@→동익산역)
35.922074	127.155043	30	F	2	신덕성덕길	봉성초등학교 앞(대복마을→신월마을)
35.922158	127.155027	30	F	1	신덕성덕길	봉성초등학교 앞(신월마을→대복마을)
35.922476	128.843386	40	F	1	하양로	부림요양병원 건너(영천방면)
35.922582	127.943689	60	F	2	대덕로	연화보건진료소 건너편(지품천중학교 방면)
35.922737	128.843568	40	F	2	용매로	부림요양병원 앞(하양방면)
35.923111	128.518581	80	F	1	칠곡대로	(칠곡IC 방면)
35.923610	126.686062	30	F	1	대학로	옥구어린이집 앞(군산대학교→옥구)
35.923742	126.642033	30	F	1	옥구저수지로	옥봉초등학교 앞(선연삼거리→옥서삼거리)
35.923880	126.686508	30	F	2	대학로	옥구어린이집 앞(옥구→군산대학교)
35.923931	127.031540	40	F	2	석암로	봉개광장휴게실 앞 (삼례→익산)
35.924194	127.030897	40	F	2	석암로	봉개광장휴게실 앞 (익산→삼례)
35.925098	128.598873	60	F	2	호국로	국우터널→산격대교
35.925548	128.405210	80	F	2	강변대로	금남리 (왜관→성주)
35.925990	128.596750	30	F	2	서변로	서변청아람@→서변동우체국
35.926119	128.596931	30	F	1	서변로	서변동우체국→서변청아람@
35.926949	127.077298	30	F	1	왕궁로	왕궁남초등학교 앞(왕궁→삼례)
35.926977	127.077371	30	F	2	왕궁로	왕궁남초등학교 앞(삼례→왕궁)
35.927130	126.964421	50	F	2	평동로	우남@입구 (삼례→동익산사거리)
35.927246	126.957120	30	F	1	목천로	남부권노인종합복지관 앞 (익산→삼례)
35.927814	126.892127	30	F	2	남전1길	오산남초등학교 앞(영성마을→번영로)
35.928145	126.892284	30	F	1	남전1길	오산남초등학교 앞(번영로→영성마을)
35.928189	126.978895	60	F	1	하나로	익산공공하수처리시설 앞 (금강교차로→신흥사거리)
35.928489	128.285043	60	F	1	주천로	금산리 방면
35.928545	127.830810	50	F	1	대덕산로	한치마을 앞(거창→무주)
35.928641	128.284856	60	F	1	주천로	성주중학교(성주군청 방면)
35.928873	126.899263	60	F	1	번영로	야동마을 앞(익산→군산)
35.929574	126.948526	50	F	1	목천로	호텔M클래스 앞(평화육교→인화119안전센터)
35.929610	126.973477	30	F	1	동천로	아이미소어린이집 앞(삼호@→익산공공하수처리시설)
35.929693	127.716252	70	F	2	치마재로	하조사거리 (적상→구천동)
35.929698	126.973465	30	F	2	동천로	아이미소어린이집 앞(익산공공하수처리시설→삼호@)
35.929980	128.557674	30	F	2	구암로32길	농어촌공사네거리→구암공원
35.930271	127.162042	30	F	1	낙평동서로	무지개재능유치원(봉동주공1차→봉동터미널)
35.930300	127.161776	30	F	1	낙평동서로	무지개재능유치원(봉동터미널→봉동주공1차)
35.930380	126.968175	30	F	1	동천로1길	익산유치원 앞(동산여울휴먼시아@→이리동남초교)
35.930437	126.968170	30	F	2	동천로1길	익산유치원 앞(이리동남초교→동산여울휴먼시아@)
35.930566	126.979033	50	F	1	하나로	신동마을 입구 삼거리(신흥사거리→금강교차로)
35.930693	126.970014	30	F	2	동천로7길	이리동남초등학교 앞 (이리동중학교→삼호2차@)
35.930700	126.970110	30	F	2	동천로7길	이리동남초등학교 앞 (삼호2차@→이리동중학교)
35.931798	126.962649	30	F	1	평동로23길	이리동산초등학교 앞(동신제일@→동산초등학교)
35.931798	126.962781	30	F	1	평동로23길	동산초등학교 앞 (동산오투그란데@→동산초등학교)
35.931971	127.023037	40	F	1	석암로	전북유아교육진흥원 앞 (삼례→익산)
35.932096	127.062197	80	F	2	호남로	온수교차로 (삼례→금마)
35.932488	127.077962	50	F	1	왕궁로	시온주유소 앞(삼례→왕궁)
35.932586	127.020965	40	F	2	석암로	문덕마을 앞 (익산→삼례)
35.933238	126.644539	60	F	1	공항로	남동마을 앞 (군산공항→공항교차로)
35.933496	127.656601	30	F	1	여용로	적상초등학교 앞(진안→무주)
35.933525	128.305111	60	F	1	주산로	성주소방서(갈막교차로 방면)
35.933717	128.945067	70	F	1	공산로	가와인아파트(영천IC 방면)
35.933731	126.644830	60	F	2	공항로	남동마을 앞 (공항교차로→군산공항)
35.934263	126.979794	30	F	2	하나로	이리신흥초등학교 앞 (금강교차로→신흥사거리)
35.934263	128.593617	60	F	1	호국로	국우터널→도곡네거리
35.934356	127.079049	50	F	1	왕궁로	금오사거리 (왕궁→삼례)
35.934363	126.979529	30	F	1	약촌로	이리신흥초등학교 앞 (신흥사거리→금강교차로)
35.934579	128.593315	60	F	1	호국로	국우터널→도곡네거리
35.934735	127.006759	30	F	1	서동로	이리석암초등학교 앞(익산→삼례)
35.934773	127.006261	30	F	2	서동로	이리석암초등학교 앞(삼례→익산)
35.935436	126.587957	80	E	1	새만금남북도로	새만금남북도로 남북10교차로 종점 3차로(부안→군산)
35.935470	126.587583	80	S	1	새만금남북도로	새만금남북도로 남북10교차로 시점 3,4차로(군산→부안)
35.935479	126.587844	80	E	1	새만금남북도로	새만금남북도로 남북10교차로 종점 1,2차로(부안→군산)
35.935481	126.587733	80	S	1	새만금남북도로	새만금남북도로 남북10교차로 시점 1,2차로(군산→부안)
35.935745	129.233410	80	E	2	건포산업로	구간 종점(포항방면)
35.936301	128.492920	80	F	2	영오덕천길	칠곡승마장 앞 (왜관방면)
35.936340	128.547224	30	F	1	칠곡중앙대로91길	칠곡2차한양아파트→목련아파트교차로
35.937443	128.553715	30	F	2	대천로	동천교→구수산도서관
35.937539	127.669772	60	F	2	무주로	사내교차로 앞 (무주→안성)
35.937539	127.163823	30	F	1	봉동동서로	봉동초등학교 앞(완주중학교→봉동파출소)
35.937627	127.163751	30	F	2	봉동동서로	봉동초등학교 앞 (봉동파출소→완주중학교)
35.938256	127.083335	100	F	1	호남고속도로	호남고속도로 순천기점 177.1K 상 3차로 시점【전북익산】(전주→논산)
35.938276	126.847927	60	F	2	번영로	호원대삼거리 (익산→군산)
35.938333	127.083187	100	F	1	호남고속도로	호남고속도로 순천기점 177.1K 상 1,2차로 시점【전북익산】(전주→논산)
35.938373	126.963032	30	F	1	고봉로	신광유치원 앞(솜리문화예술회관→익산교육지원청)
35.938609	129.469630	70	F	1	장기로	대곡1교차로(오천→양포)
35.938769	129.247671	80	F	2	산업로	북경주ic전(경주 방면)
35.939060	126.748891	30	F	2	여로2길	옥산초등학교 앞(옥산면사무소→남내교차로)
35.939127	126.748911	30	F	1	여로2길	옥산초등학교 앞(남내교차로→옥산면사무소)
35.939647	126.689812	90	F	2	새만금북로	군산대교차로 앞 (군산→전주)
35.939726	126.748204	30	F	1	산정로	옥산초등학교 앞(옥산삼거리→옥산면사무소)
35.939977	126.960132	30	F	1	중앙로	이리초등학교 앞(전북대학교특성화캠퍼스→익산교육지원청)
35.939981	126.960190	30	F	2	중앙로	이리초등학교 앞(익산교육지원청→전북대학교특성화캠퍼스)
35.940119	126.695403	90	F	2	새만금북로	군산대교차로 전 500m (전주→군산)
35.940691	128.638146	50	F	1	파계로	파군재3R→파계교R
35.940832	129.397016	30	F	1	오어로	오천남부장로교회(용산교 방면)
35.941004	126.748749	30	F	1	산정로	옥산초등학교 앞(옥산면사무소→옥산삼거리)
35.941406	126.689228	30	F	1	미룡로	군산용문초등학교 정문(미룡주공2단지→금강중학교)
35.941504	128.542487	50	F	1	관음로	칠곡IC→칠곡우체국4
35.941521	126.914769	30	F	2	오산로	오산초등학교 앞(오산파출소→장신교차로)
35.941531	126.914672	30	F	1	오산로	오산초등학교 앞(장신교차로→오산파출소)
35.941538	126.749451	30	F	1	옥산로	옥산초등학교 옥산삼거리(옥산교차로→남내교차로)
35.941956	126.688045	30	F	1	화룡2길	군산용문초등학교 후문(금강중학교→미룡주공2단지)
35.942069	126.997720	50	F	2	서동로	조산마을 앞 (2공단→1공단)
35.942196	126.925730	70	S	1	무왕로	송학교차로 시점(김제→익산)
35.942236	126.925520	70	E	1	무왕로	송학교차로 종점(익산→김제)
35.942242	129.394292	50	F	2	냉천로	포항운전면허시험장(문덕2리마을회관 방면)
35.942405	126.749122	30	F	1	옥산로	옥산초등학교 옥산삼거리(남내교차로→옥산교차로)
35.942849	126.688971	30	F	1	미룡로	군산용문초등학교 앞 (군산대학교→용문초등학교)
35.942913	126.833789	110	E	1	서해안고속도로	서해안고속도로 목포기점 137.2K 상 2차로 종점【전북군산】(서김제IC→동군산IC)
35.942917	126.689323	30	F	1	미룡로	군산용문초등학교 앞(은파유원지→용문초등학교)
35.942922	126.833702	110	E	1	서해안고속도로	서해안고속도로 목포기점 137.2K 상 1차로 종점【전북군산】(서김제IC→동군산IC)
35.943019	128.646514	60	F	2	팔공로	공산터널→파군재삼거리
35.943192	126.769729	90	F	2	새만금북로	개정교차로 (전주→군산)
35.943599	129.444630	30	F	2	방산로	하늘숲유치원(장승백이교차로 방면)
35.943874	128.211029	50	F	2	성주로	매수1리 버스승강장 건너(가야산 방면)
35.944213	128.489329	80	F	2	칠곡대로	덕산과선교전(대구방면)
35.944416	126.948765	30	F	1	고현로14길	이리서초등학교 앞(모현육교→서동시장)
35.944596	128.553629	30	F	2	팔거천서로	거동교→구수교
35.945682	128.586694	60	F	1	도남중앙로	서변지하도→50사단
35.945698	126.940187	30	F	1	배산로	이리모현초등학교 후문(모현육교→이리남중학교)
35.945860	128.578325	50	F	1	호국로	50사단→국우터널
35.946350	128.575859	60	F	1	호국로	국우터널→50사단
35.946388	126.933778	50	F	1	선화로6길	모현오투그란데@ 앞(장신사거리→모현공원)
35.946485	128.553903	50	F	1	동암로	칠곡우체국네거리→칠곡홈플러스
35.946737	126.935834	30	F	1	배산로3길	키즈리베어린이집 앞(영만초등학교→이리남중학교)
35.946746	126.718103	30	F	1	백석로	당북초등학교 앞(당북초등학교→외당사거리)
35.947030	126.935273	30	F	2	배산로3길	키즈리베어린이집 앞(이리남중학교→영만초등학교)
35.947117	126.718633	30	F	2	당쌍로	당북초등학교 앞(쌍북리→당북초등학교)
35.947217	126.717631	30	F	2	백석로	당북초등학교 앞(외당사거리→당북초등학교)
35.947229	127.715006	30	F	2	괴목로	괴목초등학교 앞(괴목치안센터→하조사거리)
35.947540	128.573842	30	F	2	구리로	국우동행정복지센터→학남고교
35.947673	128.220008	50	F	1	성주로	수촌삼거리 100m전(성주군청→벽진면)
35.947677	129.408186	30	F	1	해병로533번길	포항용산초등학교(오천교차로 방면)
35.947936	128.312486	30	F	2	월항로	월항초등학교 앞(월항면사무소 방면)
35.948030	129.407985	30	F	2	해병로533번길	포항용산초등학교(냉천 방면)
35.948101	127.083611	50	F	1	왕궁로	이탄마을 앞(삼례→왕궁)
35.948253	128.635453	50	E	2	파계로	서촌초교→지묘초교
35.948752	128.456462	100	S	2	경부고속도로	(칠곡군 지천면 송정리)(부산 방면)
35.948893	126.541476	50	F	1	군산산단로	휴스틸 앞(군산항7두부→비응119안전센터)
35.949002	128.548706	50	F	1	관음로	대중금속공고→칠곡IC
35.949040	128.242647	100	F	1	중앙고속도로	가암리(성주IC 방면)
35.949110	126.998997	50	F	2	석암로	현대필터산업 앞 (2공단사거리→삼례)
35.949218	126.819059	30	F	1	석화로	대야초등학교 후문 (대야면사무소→대야초등학교)
35.949255	126.541812	50	F	2	군산산단로	휴스틸 앞(비응119안전센터→군산항7두부)
35.949319	126.818869	30	F	1	석화로	대야초등학교 후문(무지개@→대야면사무소)
35.949320	126.715930	60	F	1	월명로	외당사거리(당북교차로→남북로사거리)
35.949934	126.713662	30	F	1	계산로	숲속유치원 앞(해나지오@→대광로제비앙@)
35.949953	126.973888	50	F	1	동서로	약촌오거리 (성모병원→중앙체육공원)
35.950241	128.216193	30	F	1	벽봉로	벽진초등학교(벽진우체국 방면)
35.950301	128.215890	30	F	2	벽봉로	벽진초등학교(수촌삼거리 방면)
35.951992	126.663937	50	F	1	임사길	임사마을 앞(미성동→산북동)
35.952014	129.437282	70	F	2	장기로	세계교차로(양포→오천)
35.952060	129.366442	80	E	2	영일만대로	(31번국도)구간 종점(구룡포방면)
35.952583	126.971548	30	F	1	고봉로18길	이리영등초등학교 앞(동신아파트→성모병원)
35.953192	126.710875	30	F	1	지곡로	군산초등학교 앞(해나지오삼거리→군산초등학교)
35.953392	126.710706	30	F	1	지곡로	군산초등학교 앞 (의료원사거리→군산초등학교)
35.953518	126.978983	30	F	1	동서로	익산초등학교 정문(이리동초등학교→익산자유무역지역)
35.953533	126.709464	30	F	1	지곡로	군산초등학교 후문(쌍용예가@→코아루@)
35.953537	126.709390	30	F	1	지곡로	군산초등학교 후문(코아루@→쌍용예가@)
35.953849	126.978955	30	F	2	동서로	익산초등학교 정문(익산자유무역지역→이리동초등학교)
35.953901	126.981167	30	F	1	동서로	익산초등학교 후문(부영1차아파트→쌍용아파트)
35.954412	126.981124	30	F	2	동서로	익산초등학교 후문(쌍용아파트→부영1차아파트)
35.954808	128.755815	100	S	1	대구포항고속도로	(대구포항고속도로 10.7K 대구방향 입구)
35.954917	128.445583	50	F	1	금호로	금호교차로(칠곡물류IC→왜관)
35.954943	126.993938	30	F	1	부송로2길	이리부송초등학교 정문(부송중학교→부송동성당)
35.955391	126.974710	30	F	1	고봉로30길	비사벌유치원 앞(남성고등학교→어양공원)
35.955472	128.444694	50	F	1	금호로	금호교차로(왜관산관터널→칠곡물류IC)
35.955480	126.974735	30	F	2	고봉로30길	비사벌유치원 앞(어양공원→남성고등학교)
35.955536	126.994597	30	F	2	부송로2길	이리부송초등학교 정문(부송동성당→부송중학교)
35.955773	126.985964	30	F	1	부송로1길	이리부천초등학교 후문(어양공원→익산KT)
35.955841	126.985953	30	F	2	부송로1길	이리부천초등학교 후문(익산KT→어양공원)
35.955842	128.445707	50	F	2	금호로	금호교차로(왜관→칠곡물류IC)
35.956124	127.051462	80	F	1	호남로	엽동마을 앞 (익산→삼례)
35.956136	126.976881	30	F	2	무왕로	이리동초등학교 후문(이리동초등학교→영등우남@)
35.956208	128.489893	30	F	2	신동로	신동초등학교(지천면사무소 방면)
35.956232	128.489831	30	F	1	신동로	신동초등학교 앞(칠곡물류IC방면)
35.956277	126.994176	30	F	1	선화로69길	이리부송초등학교 후문(부송중학교→한벌초등학교)
35.956428	126.909694	40	F	1	항쟁로	청수마을 앞(익산→군산)
35.956503	126.978619	30	F	1	동서로51길	이리동초등학교 정문 (이리동초등학교→익산초등학교)
35.956552	126.790537	50	F	1	번영로	대황마을 앞 (군산→대야)
35.956637	126.978616	30	F	1	동서로	이리동초등학교 정문(익산초등학교→이리동초등학교)
35.956897	126.706986	30	F	1	동지곡길	군산지곡초등학교 앞(예술의전당→코아루@)
35.957081	126.674258	30	F	1	칠성안4길	군산미성초등학교 앞(미룡4차대명@→미룡2차대명@)
35.957157	126.674275	30	F	1	칠성안4길	군산미성초등학교 앞(미룡2차대명@→미룡4차대명@)
35.957164	127.293019	30	F	1	대아저수로	동상초등학교 앞(고산→주천)
35.957224	127.293014	30	F	1	대아저수로	동상초등학교 앞(주천→고산)
35.957235	126.976816	30	F	1	동서로51길	이리동초등학교 후문 (영등우남@→이리동초등학교)
35.957421	127.085659	50	F	2	왕궁로	갈전마을 앞(왕궁→삼례)
35.957428	126.674934	30	F	2	칠성2길	군산미성초등학교 정문(미성로→부곡로)
35.957431	126.674856	30	F	1	칠성2길	군산미성초등학교 정문(부곡로→미성로)
35.957541	126.673091	30	F	1	칠성1길	군산도담유치원 앞(도담유치원→미성로)
35.957623	128.940741	50	F	1	경산로44길	진영철강(동영천IC 방면)
35.957751	128.941015	50	F	1	화랑로	진영철강(영천IC 방면)
35.957759	126.707304	30	F	1	동지곡길	군산지곡초등학교 앞(코아루@→예술의전당)
35.958016	126.706803	30	F	1	신지길	군산지곡초등학교 앞 (지곡동우체국→지곡초등학교)
35.958084	126.706833	30	F	1	신지길	군산지곡초등학교 앞(군산여상→지곡초교)
35.958317	126.674841	30	F	1	부곡로	군산미성초등학교 앞(산북로→미성초교)
35.958371	128.714549	60	E	2	팔공로	경산→진인갓바위삼거리
35.958375	126.673271	30	F	2	칠성1길	군산도담유치원 앞(미성로→군산도담유치원)
35.958399	126.780430	50	F	1	번영로	정수마을 앞 (대야→군산시청)
35.958450	126.796061	30	F	1	바르메길	발산초등학교 앞(개정면보건지소→신발산마을)
35.958462	126.673279	30	F	1	부곡로	군산도담유치원 앞(미성초등학교→산북로)
35.958517	126.796061	30	F	2	바르메길	발산초등학교 앞(신발산마을→개정면보건지소)
35.958641	126.861318	30	F	1	남산로	술산초등학교 앞(임피역→호원대학교)
35.958732	126.861366	30	F	2	남산로	술산초등학교 앞(호원대학교→임피역)
35.959334	126.698092	30	F	1	의료원로	군산서해초등학교 앞(아리랑아파트→서해초교사거리)
35.959461	126.698257	30	F	1	의료원로	군산서해초등학교 앞 (백토사거리→서해초교사거리)
35.959462	126.637576	30	F	1	미성로	열대자마을 앞 (미성동→내초동)
35.959788	128.559694	60	F	1	호국로	칠곡→50사단
35.959877	128.559476	60	F	1	호국로	칠곡→50사단
35.960129	126.630452	30	F	2	미성로	해성초등학교 앞 (내초동→미성동)
35.960177	128.560356	60	F	2	호국로	학정삼거리→팔거교
35.960360	126.936693	30	F	2	무왕로	다솜어린이집 앞(신기교차로→모현장례문화원)
35.960469	129.408714	30	F	1	새천년대로	문덕초등학교(문덕교 방면)
35.960566	126.711612	30	F	1	남수송3길	군산푸른솔초교 후문(예술의전당→오투그란데2단지)
35.960630	126.711581	30	F	1	남수송3길	군산푸른솔초등학교 후문(오투그란데2단지@→예술의전당)
35.960649	126.678398	30	F	2	칠성로	늘푸른어린이집 앞(산북초등학교→은파장례문화원)
35.960650	126.678490	30	F	1	칠성로	늘푸른어린이집 앞(은파장례문화원→산북초등학교)
35.960997	126.984789	30	F	1	무왕로	익산어양초등학교 앞(부송주공9차→엘드수목토@)
35.961011	126.984911	30	F	2	무왕로	익산어양초등학교 앞(엘드수목토@→부송주공9차)
35.961051	128.933002	30	F	2	장수로	영천초등학교 앞(영천ic 방면)
35.961228	126.710678	30	F	1	축동로	군산푸른솔초등학교 앞 (축동사거리→지곡사거리)
35.961450	128.819193	100	F	1	대구포항고속도로	대구포항고속도로 16.7k 종점(경산시 와촌면 박사리)(포항 방면)
35.961897	128.950886	30	F	2	바깥완산길	새싹어린이집(영천역 방면)
35.961985	127.124805	30	F	1	완주산단9로	봉서초등학교 앞 (청완초등학교→둔산파출소)
35.962026	127.120231	30	F	1	완주산단9로	청완초등학교 앞 (봉동반석교회→청완초교)
35.962037	127.125626	30	F	2	완주산단9로	봉서초등학교 앞 (둔산파출소→청완초)
35.962061	126.721924	30	F	1	미장서로	군산월명초등학교 후문(미장교사거리↔경포천사거리)
35.962066	128.948895	60	F	1	산호대로	안완산사거리
35.962080	126.978592	30	F	2	궁동로	이리마한초등학교 앞(고용노동부익산지청→이리백제초등학교)
35.962179	127.121835	30	F	1	완주산단9로	청완초등학교 앞 (봉서초교→청완초교)
35.962237	126.960028	30	F	2	동서로	이리북일초등학교 후문(신동씨즈퍼스트→원광대학병원)
35.962254	128.014209	60	F	1	남김천대로	국도 3선(증산교차로 방면)
35.962262	126.959916	30	F	1	동서로	이리북일초등학교 후문(원광대학병원→신동씨즈퍼스트)
35.962351	126.770556	30	F	1	동정1길	개정초등학교 앞(번영로→동정마을)
35.962360	126.770484	30	F	2	동정1길	개정초등학교 앞(동정마을→번영로)
35.962731	126.767082	30	F	2	번영로	개정초등학교 앞(대야→군산)
35.962758	127.127012	30	F	1	둔산3로	봉서초등학교(첨단코아루1차@→봉서중학교)
35.962784	127.126901	30	F	2	둔산3로	봉서초등학교(봉서중학교→첨단코아루1차@)
35.962792	126.958478	30	F	1	동서로	이리북일초등학교 정문(신동씨즈퍼스트→원광대학병원)
35.962800	127.660587	100	E	1	통영대전고속도로	통영대전고속도로 통영기점 163.5K 상 종점 【전북무주】(덕유산IC→무주IC)
35.962812	126.661183	50	F	2	공항로	GS푸른들주유소 앞 1,2차로 (소룡동→군산공항)
35.962834	126.767105	30	F	1	번영로	개정초등학교 앞(익산→군산)
35.962857	126.941155	70	E	1	무왕로	배산체육공원 종점(김제→익산)
35.962874	126.661116	50	F	2	공항로	GS푸른들주유소 앞 3차로 (소룡동→군산공항)
35.962999	126.680333	30	F	1	부원로	군산산북초등학교 앞(산북중학교→하늘가1차@)
35.963134	128.739141	60	S	2	팔공로	경산→진인갓바위삼거리
35.963521	126.942495	70	S	1	무왕로	배산체육공원 시점(익산→김제)
35.963611	126.682998	30	F	1	부원로	군산산북초등학교 앞(하늘가1차@→산북중학교)
35.963646	126.683142	30	F	2	동아로	군산산북초등학교 산북중 앞(산북주공1차@→산복중학교)
35.964163	126.694914	30	F	1	하나운3길	군산신풍초등학교 정문(군산요양병원→군산문화원)
35.964171	128.921124	30	F	1	장수로	영화초등학교 앞(북영천역 방면)
35.964206	127.519109	30	F	2	안용로	송풍초등학교 앞 (금산→용담댐)
35.964222	127.519192	30	F	1	안용로	송풍초등학교 앞 (용담댐→금산)
35.964277	128.920960	30	F	2	경상대로	영화초등학교(영천버스터미널 방면)
35.964305	126.680534	30	F	1	원산북2길	군산산북초등학교 후문(산북초등학교→산북중학교)
35.964332	126.693862	30	F	1	대학로	군산문화원 앞(신설사거리→나운사거리)
35.964369	126.680488	30	F	2	원산북2길	군산산북초등학교 후문 앞 (산북중학교→산북초등학교)
35.964411	128.824059	70	F	2	금송로	황정주유소(청통와촌IC 방면)
35.964528	126.694198	30	F	2	대학로	군산문화원 앞(나운사거리→신설사거리)
35.964589	129.401710	30	F	2	냉천로	원동초등학교(냉천 방면)
35.964911	126.683255	30	F	1	동아로	군산산북초등학교 산북중 앞(산복중학교→산북주공1차@)
35.964937	126.695087	30	F	1	하나운안1길	군산신풍초등학교 후문(신풍초정문→나운주공시장)
35.965189	126.704274	30	F	2	나운안길	군산진포초등학교 앞(나운현대3차@→예스트몰)
35.965266	126.739223	30	F	1	신촌1길	군산동초등학교후문(센트럴파크스타뷰@→군산교육지원청)
35.965492	127.194119	80	F	1	완주로	남봉교차로 (봉동→고산)
35.965492	128.918372	40	F	2	향군로	한성유치원(화룡삼거리 방면)
35.965701	129.416862	30	F	1	장기로	오천시장(오천파출소 방면)
35.965855	126.710665	30	F	1	축동로	군산시립도서관 앞(서흥중사거리→축동사거리)
35.965857	126.710790	30	F	2	축동로	군산시립도서관 앞(축동사거리→서흥중사거리)
35.965873	129.401530	30	F	1	냉천로320번길	원동초등학교(포은중학교 방면)
35.966068	127.089300	30	F	2	왕궁로	왕궁초등학교 앞 (삼례→왕궁파출소)
35.966228	126.704729	30	F	1	나운안길	군산진포초등학교 앞(예스트몰→나운현대3차@)
35.966327	126.690831	30	F	2	상나운1길	군산명화학교 앞(명화학교→군산문화원)
35.966385	126.690879	30	F	1	상나운1길	군산명화학교 앞(군산문화원→명화학교)
35.966588	126.562461	30	F	1	요죽5길	새만금초등학교 앞(오식공원→한성필하우스@)
35.966605	126.562843	30	F	2	요죽5길	새만금초등학교 앞(한성필하우스@→오식공원)
35.966625	126.560834	30	F	1	산단남북로	새만금초등학교 앞(제6부두→군산대새만금캠퍼스)
35.966711	126.739371	30	F	1	시청로	군산동초등학교 앞(군산시청→토성산)
35.966755	127.523506	50	F	1	대송로	새마을마을 앞 (용담→부남)
35.966837	127.523505	50	F	1	대송로	새마을마을 앞 (부남→용담)
35.966877	126.560977	30	F	2	산단남북로	새만금초등학교 앞(군산대새만금캠퍼스→제6부두)
35.966878	126.739151	30	F	2	시청로	군산동초등학교 앞(토성산→군산시청)
35.966976	127.012000	30	F	1	무왕로	이리팔봉초등학교 앞(원광고교→팔봉초등학교)
35.967016	126.708477	30	F	1	백토로	군산신흥초등학교 후문(신흥초교→중앙여자고등학교)
35.967024	126.719914	30	F	1	수송북로	군산아리울초등학교 앞(세영리첼@→수송아이파크@)
35.967025	126.707209	30	F	1	백토로	군산신흥초등학교 후문(중앙여자고등학교→신흥초교)
35.967144	126.628671	60	F	1	외항로	여객터미널삼거리(오식도동→해망동)
35.967452	126.719519	30	F	2	수송동로	군산아리울초등학교 앞 (새마을삼거리→군산시보건소)
35.967579	127.834917	60	F	1	라제통문로	무풍사거리 전 1km지점 (설천→무풍)
35.967670	126.705641	30	F	1	백토로	군산신흥초등학교 앞(현대코아사거리→진포초교사거리)
35.967951	127.179980	30	F	1	천호로	삼우초등학교 앞 (비봉면→어우삼거리)
35.968632	126.719767	30	F	1	수송동로	군산아리울초등학교 앞(군산시보건소→새마을삼거리)
35.968957	129.359948	30	F	1	송도로	남성초등학교(우복교차로 방면)
35.968982	129.360097	30	F	2	장동홍계길	남성초등학교(구룡포 방면)
35.969172	127.847572	30	F	2	현내로	무풍초등학교 앞 (설천→무주)
35.969706	129.416260	30	F	1	정몽주로	오천초등학교(포항신항 방면)
35.970181	129.398320	30	F	1	구룡포길	사랑으로유치원(부영5차아파트 방면)
35.970602	126.707894	30	F	1	서흥안2길	군산흥남초등학교 앞(흥남초교후문→나운주공5단지@)
35.970812	128.932186	30	F	2	시청로	중앙초등학교(영천시청 방면)
35.971005	128.628726	50	S	2	파계로	서촌초교→지묘초교
35.971026	127.838652	40	F	2	현내로	원촌마을 앞 (설천→무풍)
35.971089	128.932585	30	F	2	망정1길	중앙초등학교(영천시법원 방면)
35.971262	127.515570	50	F	1	안용로	방화마을 앞(금산→진안)
35.971448	126.953579	50	F	2	익산대로	원광보건대학 앞 (함열→익산)
35.971460	126.558496	60	F	2	서해로	군산컨테이너터미널 앞 (7부두→5부두)
35.971563	126.648056	60	F	1	외항로	(주)테크팩솔루션 앞 (오식도동→동백대교)
35.971582	126.692505	30	F	2	신설로	군산나운초등학교 앞(청남하이츠빌라→신설사거리)
35.971622	129.394965	30	F	2	중원로	원동하늘빛어린이집(남포항IC 방면)
35.971644	126.692559	30	F	1	신설로	군산나운초등학교 앞(신설사거리→청남하이츠빌라)
35.971657	126.716922	30	F	1	진포2길	군산수송초등학교 앞(스타팰리스@→진포중학교)
35.971716	126.715715	30	F	1	월명로	군산수송초등학교 앞 (수송사거리→흥남사거리)
35.971837	126.710616	30	F	1	축동로	군산흥남초등학교 앞(서흥남사거리→서흥중사거리)
35.971839	126.561099	60	F	2	서해로	군산컨테이너터미널 앞 (5부두→7부두)
35.971915	126.708252	30	F	1	서흥2길	군산흥남초등학교 후문(서흥중학교→서흥안2길)
35.971971	128.701061	60	F	2	팔공산로	동화사→백안삼거리
35.972047	126.710763	30	F	2	축동로	군산흥남초등학교 앞 (서흥중사거리→서흥남사거리)
35.972860	126.716952	30	F	2	진포3길	군산수송초등학교 후문(진포2길→팔마로)
35.972966	126.718869	30	F	1	진포3길	군산키즈궁어린이집 앞(진포중학교→수송초등학교)
35.973259	127.032738	70	F	1	무왕로	하남마을 입구 (익산→금마)
35.973573	126.703004	30	F	1	팔마로	군산문화초등학교 앞(문화시장→문화사거리)
35.973593	127.558498	30	F	2	부남로	부남초등학교 앞(부남파출소→부남면사무소)
35.973679	126.683464	30	F	2	설림안4길	소룡초등학교 앞(공단대로→소룡동행정복지센터)
35.973705	126.702859	30	F	1	팔마로	군산문화초등학교 앞 (문화사거리→문화시장)
35.973740	126.721567	30	F	1	팔마로	전주교육대학교 군산부설초등학교 앞 (군산시청→흥남사거리)
35.973783	126.998061	30	F	2	선화로	삼성어린이집 앞(망산마을→전라북도과학교육원)
35.973833	128.938681	40	F	2	충효로	영천시청(영동고등학교 방면)
35.973876	126.998265	30	F	1	선화로	삼성어린이집 앞(전라북도과학교육원→망산마을)
35.973997	126.682254	30	F	1	설림4길	소룡초등학교 후문(소룡동행정복지센터→월명중학교)
35.974077	126.704321	30	F	1	문화안길	군산문화초등학교 앞(팔마로→삼화길)
35.974081	126.704213	30	F	2	문화안길	군산문화초등학교 앞(삼화길→팔마로)
35.974511	126.998754	30	F	1	무왕로	삼성어린이집 앞(원광고등학교→망산마을)
35.974614	126.745952	50	F	2	공단대로	군산제일고 앞 (월명경기장→제일고삼거리)
35.974824	126.682969	30	F	2	설림길	소룡초등학교 정문(나우하이츠@→소룡동행정복지센터)
35.974876	126.683026	30	F	1	설림길	소룡초등학교 정문(소룡동행정복지센터→나우하이츠@)
35.975401	126.731123	30	F	2	백릉로	성가의원 앞(경장사거리→경포초교사거리)
35.975595	126.745306	50	F	2	백릉로	제일고사거리 앞 (조촌동사거리→제일고사거리)
35.975687	128.261867	30	F	1	관용로	초전초등학교 앞(초전초등학교후문 방면)
35.975696	126.734389	30	F	2	백룡로	군산경포초등학교 앞 (조촌동사거리→경장사거리)
35.975737	128.261853	30	F	2	관용로	초전초등학교(고령 방면)
35.975738	127.426606	30	F	1	동상주천로	주천초등학교 앞 (진안→금산)
35.975845	127.426520	30	F	2	동상주천로	주천초등학교 앞 (금산→진안)
35.976063	129.409967	50	F	2	충무로	원용교동편 (철강산단→해병1사단)
35.976733	126.746916	50	F	1	백릉로	제일고사거리 앞 (잠두삼거리→제일고사거리)
35.976761	129.361109	50	F	2	운제로	대송면다목적복지회관(남구청방면)
35.977421	126.717919	30	F	1	팔마로	군산풍문초등학교 앞 (흥남동주민센터→풍문초등학교)
35.977499	126.717912	30	F	1	풍마길	군산풍문초등학교 앞(풍문초등학교→흥남동주민센터)
35.977537	128.960014	50	F	1	호국로	동부초등학교(영천소방서 방면)
35.977805	126.681253	50	F	2	공항로	대신경로당 앞(소룡사거리→외고삼거리)
35.977939	126.722826	30	F	1	대명길	아이사랑어린이집 앞(고속버스터미널→아이플러스@)
35.977967	126.723508	30	F	2	대명길	아이사랑어린이집 앞(아이플러스@→고속버스터미널)
35.978287	126.715675	30	F	2	월명로	군산남초등학교 후문(흥남사거리→미원사거리)
35.978326	126.715498	30	F	1	월명로	군산남초등학교 후문(미원사거리→흥남사거리)
35.979075	127.648977	60	F	2	무주로	가옥교차로 앞 (무주읍→무주IC)
35.979100	129.405200	50	F	1	냉천로	힐스테이트포항(원용교사거리 방면)
35.979122	126.742344	30	F	1	궁포안3길	군산금빛초등학교 앞(더샵1차@→푸르지오@)
35.979145	128.631708	30	F	2	파계로	파계삼거리→지묘동
35.979295	126.705670	50	F	1	대학로	신풍사거리(명산사거리→군중사거리)
35.979488	126.713918	30	F	2	미원로	군산남초등학교 앞 (삼학주공아파트→미원사거리)
35.979587	126.713902	30	F	1	미원로	군산남초등학교 앞(미원사거리→삼학주공아파트)
35.979611	128.974567	50	F	2	천문로	단포초등학교(경주 방면)
35.979786	128.974828	50	F	2	천문로	단포초등학교(영천소방서 방면)
35.979871	126.709794	30	F	3	오룡로	대한노인회군산시지회 앞(서해대↔명산사거리)
35.980026	129.408492	30	F	1	구정길	구정초등학교 후문(냉천 방면)
35.980060	129.411917	30	F	2	정몽주로	왕자와공주어린이집(경주 방면)
35.980257	126.742236	30	F	2	궁포2로	군산금빛초등학교 앞(디오션시티더샵→디오션시티푸르지오)
35.980657	129.409330	30	F	2	구정길17번길	구정초등학교(우방신세계타운 방면)
35.980657	129.409453	30	F	1	구정길17번길	구정초등학교(더트루엘아파트 방면)
35.980818	126.732053	30	F	1	경암5길	군산구암초등학교 후문(구암3.1로→진포로)
35.980833	128.951291	30	F	1	장수로	포은초등학교 후문(보성스타펠리스 방면)
35.980838	128.951369	30	F	1	망정1길	포은초등학교 후문(동영천IC 방면)
35.981029	126.731825	30	F	2	경암5길	군산구암초등학교 후문(진포로→구암3.1로)
35.981225	128.626451	50	F	2	서촌로	팔공산→파군재
35.981489	129.249636	70	F	2	산업로	강동자동차매매단지 (경주→포항)
35.981839	126.708046	30	F	1	대학로	군산금광초등학교 앞 (신풍사거리→명산사거리)
35.982398	126.876311	30	F	2	항쟁로	서수초등학교 앞(임피중학교→서수사거리)
35.982444	129.410999	30	F	1	정몽주로	우리꼬마어린이집(포스코 방면)
35.982481	126.876336	30	F	1	항쟁로	서수초등학교 앞(서수사거리→임피중학교)
35.982602	126.716207	30	F	1	둔배미길	군산중앙초등학교 앞(중앙로→둔율성당)
35.982679	126.716151	30	F	1	둔배미길	군산중앙초등학교 앞(둔율성당→중앙로)
35.983649	126.815953	30	F	2	동군산로	창오초등학교 앞(성산산업단지→창오교차로)
35.983650	128.404160	60	F	1	칠곡대로	대동다숲2단지 앞(기산면 방면)
35.984048	128.551171	30	F	2	중앙로	송산교(동명고등학교 방면)
35.984069	129.363199	30	F	2	제내길	대송초등학교(포항터미널 방면)
35.984248	126.708038	30	F	2	월명로	월명성당 앞 (월명터널→명산사거리)
35.984270	126.815745	30	F	1	동군산로	창오초등학교 앞(창오교차로→성산산업단지)
35.984404	127.095024	50	F	2	왕궁로	사곡마을 앞(여산→삼례)
35.984414	126.825322	80	F	2	군익로	동영주유소 (성산→익산)
35.984419	129.270401	70	F	2	산업로	강동IC (포항 -> 경주)
35.984602	128.382751	30	F	2	매원1길	약동초등학교(강정교방면)
35.984606	126.759903	50	F	1	구암로	구암사거리(호덕교차로→디오션시티)
35.984776	128.382826	30	F	2	주산로	약동초등학교(구미 방면)
35.984981	129.362155	30	F	2	다문로	대송초등학교(칠성천 방면)
35.985056	127.117059	80	F	2	봉동로	백제대 입구 (봉동→익산)
35.985071	129.401101	40	F	2	장동홍계길	인덕초등학교(인덕교 방면)
35.985104	128.395149	30	F	2	구상길	왜관초등학교 앞(순심여고 방면)
35.985118	129.255193	70	F	1	산업로	오금리 버스정류장 (포항 -> 경주)
35.985273	126.724241	50	F	1	해망로	해수랜드사거리 전 (군산터미널→내항)
35.985377	128.395206	30	F	1	금암중앙길	왜관초등학교(제2왜관교 방면)
35.985384	128.988694	70	F	1	영천아이시로	3사관학교 앞(영천시청방면)
35.985742	128.406025	30	F	1	희망대로	왜관동부초등학교(칠곡대로방면)
35.985829	128.406086	30	F	2	평장3길	왜관동부초등학교(칠곡군청방면)
35.986167	129.338839	50	F	2	연일로	인주교차로 800m 후(연일초등학교 방면)
35.986224	127.940826	30	F	2	부항로	지례초등학교 부항분교장(월곡리마을회관 방면)
35.986231	127.940979	30	F	1	부항로	지례초등학교 부항분교장(부항면행정복지센터 방면)
35.986277	128.553892	30	F	2	대교길	동명초등학교(동명사거리방면)
35.986391	126.849080	30	F	1	임피향교길	임피초등학교 앞(임피초등학교→임피우체국)
35.986391	128.289745	30	F	2	냉림3길	월항초 지방분교(구미 방면)
35.986394	126.849159	30	F	2	임피향교길	임피초등학교 앞(임피우체국→임피초등학교)
35.986578	126.768733	60	F	2	구암로	호덕교차로 (군산IC→군산시청)
35.986616	126.716629	30	F	3	죽성로	동양한의원 앞(째보선창삼거리↔영동교차로)
35.986627	126.830549	80	F	2	군익로	상작마을 앞 (익산→군산)
35.986651	128.289939	30	F	1	신화로	월항초 지방분교(장산보건진료소 방면)
35.987001	128.553801	30	F	2	관호1길	동명초등학교(다부IC 방면)
35.987086	129.458429	30	F	1	일월로	효성어린이집(약전교차로 방면)
35.987657	128.401613	50	F	1	포망로	순심고사거리(로얄사거리방면)
35.987886	126.786254	30	F	1	송호로	꼬마동산어린이집 앞(성산삼거리→개정)
35.987900	126.786328	30	F	2	송호로	꼬마동산어린이집 앞(개정→성산삼거리)
35.988400	126.780475	50	F	2	군익로	고봉교차로 (익산→군산)
35.988579	129.442068	30	F	1	용당로	동해초등학교(공항삼거리 방면)
35.988602	126.976682	30	F	2	하나로	이리삼성초등학교 앞(황등→삼성교차로)
35.988660	126.976722	30	F	1	하나로	이리삼성초등학교 앞(삼성교차로→황등)
35.989077	126.819250	50	F	1	왕골로	창안마을 앞 (대명리→창오리)
35.989453	126.698773	50	F	2	해망로	남경수산물센터 앞(동백대교→월명터널삼거리)
35.989564	127.238207	30	F	1	대아저수로	전북푸른학교 앞(고산→대아저수지)
35.989645	129.278560	70	F	1	산업로	유금IC(포항->경주)
35.989655	127.238242	30	F	2	대아저수로	전북푸른학교 앞(대아저수지→고산)
35.989773	126.706504	30	F	1	월명로	군산서초등학교 앞(해망굴→중앙사거리)
35.989826	126.706555	30	F	2	월명로	군산서초등학교 앞(중앙사거리→해망굴)
35.989868	129.552837	30	F	2	해맞이로	구룡포초등학교(일본인가옥거리 방면)
35.989892	129.552909	30	F	1	구룡포길	구룡포초등학교(병포교차로 방면)
35.989936	126.786087	30	F	2	동군산로	성산초등학교 앞(중앙삼거리→성산우체국)
35.990003	126.785524	30	F	1	동군산로	성산초등학교 앞(성산우체국→중앙삼거리)
35.990218	129.228032	30	F	1	안현로	안강초등학교(근계교 방면)
35.990243	127.620157	50	F	2	무금로	늘목삼거리 (금산→무주)
35.990278	129.429944	60	F	2	신시로	공항삼거리 300m(도구리->포항시내)
35.990330	127.620141	50	F	1	무금로	늘목삼거리 (무주→금산)
35.990362	129.280148	70	F	1	산업로	유금IC (경주->포항)
35.990879	127.104646	30	F	2	금광길	왕북초등학교 앞(왕궁저수지→익산IC)
35.990902	127.104718	30	F	1	금광길	왕북초등학교 앞(익산IC→왕궁저수지)
35.991429	129.319341	80	S	1	원서길	(31번국도)구간 시점(구룡포방면)
35.991471	128.401212	40	F	1	평장3길	회동마을입구(칠곡군청방면)
35.991742	128.615599	50	F	2	팔공산로	대구선명학교→당정마을
35.992230	126.708382	50	F	2	해망로	도선장사거리 (내항사거리→월명터널삼거리)
35.992283	127.099918	50	F	1	호반로	용남마을 앞(여산→삼례)
35.992583	129.343971	50	F	2	철강로	연일읍행정복지센터 맞은편(연일대교방면)
35.992586	128.429138	30	F	1	구상길	매원초등학교(매원마을회관 방면)
35.992671	128.429308	30	F	2	북삼로	매원초등학교(칠곡군청 방면)
35.994238	128.387405	60	F	2	칠곡대로	기산삼거리(제2왜관교 방면)
35.994456	126.705967	40	F	2	대백제로	램프구간 군산방향 (서천→군산)
35.995140	128.612085	40	F	2	팔공산로	가좌교차로→당정마을
35.995475	128.611983	40	F	2	팔공산로	파계로→동명
35.995639	128.824478	30	F	1	청통로	청통초등학교(우천보건진료소 방면)
35.996001	128.399211	30	F	1	호국로	왜관시장입구(왜관소공원 방면)
35.996735	129.405563	50	F	2	동해안로	청림초등학교 후문(구룡포 방면)
35.996791	127.798151	40	F	1	라제통문로	이남마을앞(무주→무풍)
35.997067	127.137784	30	F	1	천호로	비봉초등학교 앞(고산→여산)
35.998102	127.801299	40	F	2	라제통문로	이남마을앞 (무풍→무주)
35.998322	129.342242	30	F	2	형산강남로	연일형산초등학교(남포항IC 방면)
35.998853	127.137709	30	F	1	천호로	비봉초등학교 앞(여산→고산)
35.999631	128.405653	30	F	2	군청1길	왜관중앙초등학교(석전중방면)
35.999757	128.406041	30	F	1	신동로	왜관중앙초등학교(칠곡군청 방면)
35.999922	128.599512	50	F	1	팔공산로	가좌교차로(팔공산방면)
35.999934	128.402365	50	F	2	애국동산로	석전리(왜관교 방면)
36.000216	126.918986	90	F	1	서부로	동련교차로(다송교차로→영만교차로)
36.000616	129.337723	50	F	2	형산강남로	신부조장터공원(연일대교 방면)
36.000631	128.390855	60	F	2	칠곡대로	관오거리 전(김천방면)
36.000851	129.046270	60	F	1	광복로	고경면행정복지센터(경주방면)
36.000911	128.603172	40	F	2	팔공산로	가좌교차로 전(대구->군위)
36.001348	126.722926	60	F	1	장산로	원수4리 버스정류장 앞
36.001767	128.601023	40	F	1	팔공산로	가좌교차로 전(군위->대구)
36.002019	126.721015	60	F	2	장산로	원수4리 버스정류장 앞
36.002197	126.877393	30	F	1	청룡로	마룡초등학교 앞(계남교차로→상장곤보건진료소)
36.002263	126.877379	30	F	2	청룡로	마룡초등학교 앞(상장곤보건진료소→계남교차로)
36.002463	126.939419	30	F	1	황등서로	황등남초등학교 앞 (진경여중→황등육교)
36.002534	126.939389	30	F	2	황등서로	황등남초등학교 앞 (황등육교→진경여중)
36.003198	126.919081	90	F	1	서부로	동련교차로(영만교차로→다송교차로)
36.003247	126.990929	40	F	2	삼기길	대제마을 앞 (각동교차로→삼기산교차로)
36.003551	126.991336	40	F	1	삼기길	대제마을 앞 (삼기산교차로→각동교차로)
36.003597	129.069253	50	F	1	길안청송로	고경초등학교(별빛중학교 방면)
36.003703	128.424963	70	F	1	호국로	칠곡종합운동장 후문 (다부IC방면)
36.004461	127.664553	30	F	1	한풍루로	무주공용버스터미널(당산교차로→무주경찰서)
36.005063	127.671775	30	F	1	한풍루로	노인장애인종합복지관(무주1교차로→무주경찰서)
36.005971	128.592649	30	F	1	한티로	동명동부초등학교(군위방면)
36.006018	128.592652	30	F	1	한티로	동명동부초등학교(법성삼거리 방면)
36.006205	126.710260	60	F	3	장산로	원수사거리 교통신호등 앞
36.006240	129.345150	50	F	1	연일로	포항남부경찰서(한전사거리 방면)
36.006293	126.908552	30	F	1	황등서로	금암초등학교 앞(금암보건진료소→동련교차로)
36.006304	128.132498	50	F	2	금강로	대평마을입구(성주 방면)
36.006329	126.908613	30	F	2	황등서로	금암초등학교 앞(동련교차로→금암보건진료소)
36.006359	129.337372	30	F	1	효성로	효자초등학교(포항남부경찰서 방면)
36.006392	129.337263	30	F	2	효성로	효자초등학교(공대IC 방면)
36.006878	128.482718	50	F	2	지천로	백운경로당 앞(달서저수지 방면)
36.006909	129.571080	80	F	1	호미로	삼정교차로(구룡포 방면)
36.007470	126.699692	50	F	1	장산로	우양냉동 앞
36.007485	128.398542	70	F	2	김천로	석전교차로 150m후(칠곡보 방면)
36.007852	127.520721	30	F	1	대흥로	(배방→천안)
36.007931	126.734543	70	F	1	장산로	해송복집 앞
36.007938	127.520662	30	F	2	대흥로	(센트레빌 2차@→동부로)
36.007967	126.945725	30	F	1	황금로	황등초등학교 정문(황등시장→성일고등학교)
36.008042	126.945704	30	F	2	황금로	황등초등학교 정문(성일고등학교→황등시장)
36.008156	126.693067	50	F	2	장산로	도선장 입구
36.008436	127.788291	30	F	2	무설로	설천초등학교 앞(무주→설천)
36.008521	127.788392	30	F	1	무설로	설천초등학교 앞 (설천→무주)
36.009177	126.943123	30	F	2	황등로	황등초등학교 후문(함열→황등시장)
36.009213	126.943201	30	F	1	황등로	황등초등학교 후문(황등시장→함열)
36.009503	127.051698	40	F	1	아리랑로	도천보건진료소 앞 (낭산→금마)
36.009569	127.052777	40	F	2	아리랑로	도천보건진료소 앞 (금마→낭산)
36.010100	127.663838	30	F	2	신교로	무주초등학교(무주중학교 앞)ㅁ (반딧불아파트→무주초등학교)
36.010177	127.660881	30	F	1	향한로	무주초등학교 앞(무주중학교→무주초등학교)
36.012465	127.688393	30	F	2	무설로	무주반디유치원 앞 (설천→무주읍)
36.012870	126.690156	30	F	1	장마로	장항중앙초등학교 건너편
36.013229	126.690190	30	F	1	장마로	장항중앙초등학교
36.013240	129.354025	30	F	2	상도로	신흥초등학교(포항고속버스터미널 방면)
36.014265	126.708682	70	F	2	대백제로	S-OIL 드림주유소 옆
36.014646	127.580390	30	F	1	부남로	부당초등학교 앞(가정마을→가정삼거리)
36.014839	126.809202	30	F	2	십자들로	신성마을 앞(군산IC→웅포)
36.016168	127.023100	40	F	1	미륵사지로	기양마을 앞(금마→함열)
36.016704	127.718008	60	F	1	무설로	기곡마을 앞 (구천동→무주)
36.017307	128.267287	60	F	1	주천로	용봉1리회관(남김천IC 방면)
36.018054	126.704886	50	F	1	장서로	장항초등학교 앞
36.018124	128.267745	50	F	2	주천로	용봉교(성주군청 방면)
36.018219	126.704705	50	F	2	장서로	장항초등학교 건너편
36.018252	127.021683	40	F	2	미륵사지로	기양마을 앞(함열→금마)
36.018412	128.430814	100	S	1	경부고속도로	아곡리(서울 방면)
36.018490	129.226433	60	F	1	안현로	현대안강북부주유소(서포항IC 방면)
36.018747	128.853738	40	F	1	금호로	화산초등학교(화산중 방면)
36.018749	128.853763	40	F	2	장수로	화산초등학교(화산우체국 방면)
36.019328	126.984603	30	F	1	황금로	삼기초등학교 앞(하갈교차로→간촌삼거리)
36.019388	126.984659	30	F	2	황금로	삼기초등학교 앞(간촌삼거리→하갈교차로)
36.020384	128.383684	30	F	1	관호1길	관호초등학교(칠곡경찰서 방면)
36.020432	128.383687	30	F	1	관호1길	관호초등학교(구미 방면)
36.020551	128.974254	30	F	1	화북길	임고초등학교(임고파출소 방면)
36.020586	128.974361	30	F	1	금창로	임고초등학교(임고교차로 방면)
36.021233	129.354023	50	F	2	혁신4로	포항여성병원(포항IC 방면)
36.021694	127.250065	40	F	2	대둔산로	오복경로당 앞 (대둔산→고산)
36.022088	127.252307	40	F	1	대둔산로	경천면행정복지센터 앞(전주→대둔산)
36.022917	127.765124	30	F	1	505번 지방도	용화초등학교 (용화119지역대→용화치안센터)
36.023172	128.893639	100	F	1	대구포항고속도로	암기리(대구 방면)
36.023221	127.765226	30	F	2	505번 지방도	용화초등학교 (용화치안센터→용화119지역대)
36.025136	126.715627	30	F	1	원송로	마동초등학교 앞
36.025150	126.715719	30	F	2	원송로	마동초등학교 건너편
36.025358	129.356849	40	F	1	새마을로	포항중앙교회(양학동 방면)
36.025661	129.372637	30	F	2	해동로	포항큰동해시장(88수족관사거리 방면)
36.027350	126.683660	50	F	1	옥도로	송림초등학교 앞
36.027505	129.379162	50	F	2	대해로	송도백조아파트 앞(포항남구청 방면)
36.027610	126.683110	50	F	2	장천로	송림초등학교 부근
36.027990	127.702912	40	F	2	무설로	하장백마을 앞 (설천→무주읍)
36.028396	126.748182	60	F	2	장서로	(부여전자고→양화중)
36.028538	128.529892	100	S	1	중앙고속도로	가천리(대구→춘천)
36.028557	128.529384	100	E	2	중앙고속도로	가천리(춘천→대구)
36.028798	128.529592	100	S	1	중앙고속도로	가천리(대구→춘천)
36.028865	128.529032	100	E	2	중앙고속도로	가천리(춘천→대구)
36.029005	129.355647	30	F	2	용흥로	포항남부초등학교(양학사거리 방면)
36.029433	127.007140	30	F	1	진북로	석불초등학교 정문(오룡사거리→석불사거리)
36.029470	129.380611	50	F	2	희망대로	명성송도타운2차 건너(송도해수욕장 방면)
36.029523	127.007116	30	F	2	진북로	석불초등학교 정문(석불사거리→오룡사거리)
36.029766	129.324288	30	F	1	지곡로260번길	제철유치원(지곡근린공원 방면)
36.029899	127.008183	30	F	2	미륵사지로	석불초등학교(석불사거리)(함열→금마)
36.030180	129.324625	30	F	2	일월로	포항제철유치원(효자그린아파트버스정류장 방면)
36.030230	126.948083	70	F	1	익산대로	황등@ 앞 (익산→강경)
36.030995	126.831313	30	F	2	십자들로	나포초등학교 앞(군산IC→웅포)
36.031028	126.831241	30	F	1	십자들로	나포초등학교 앞(웅포→군산IC)
36.031154	129.344249	30	F	1	새천년대로	양학초등학교(양학시장방면)
36.031798	127.052503	40	F	1	아리랑로	외산마을 앞 (금마→낭산)
36.032351	127.712087	40	F	1	무설로	상장백마을 앞 (무주→설천)
36.032384	127.712560	40	F	2	무설로	상장백마을 앞 (설천→무주)
36.032665	127.052766	40	F	1	아리랑로	외산마을 앞 (낭산→금마)
36.034006	129.364123	30	F	1	중흥로	맑은물작은도서관 건너(용흥동 방면)
36.034132	127.203622	30	F	1	화산로	화산초등학교 앞(화산중학교→경천저수지)
36.034134	129.379262	30	F	2	송도로	송도초등학교(죽도시장 방면)
36.034152	129.363788	30	F	2	중흥로	맑은물작은도서관 앞(송도동 방면)
36.034220	127.203566	30	F	1	화산로	화산초등학교 앞(경천저수지→화산중학교)
36.034359	129.379966	30	F	2	장기로	송도초등학교(송도해수욕장 방면)
36.035247	128.269304	60	F	1	주천로	금성지앤씨(고령 방면)
36.036388	126.669669	60	F	2	장천로	장천로283번길
36.036970	128.363616	60	F	1	동해대로	약목역 건너(왜관 방면)
36.037983	129.371847	50	F	1	운하로	포항캐릭터해상공원(동빈큰다리 방면)
36.038086	127.102595	100	S	2	호남고속도로	호남고속도로 순천기점 189.2K 하 시점 1,2차로 【전북익산】(대전→광주)
36.038087	127.102420	100	S	2	호남고속도로	호남고속도로 순천기점 189.2K 하 시점 3,4차로 【전북익산】(대전→광주)
36.038172	128.537257	80	F	2	경북대로	학명공원입구 250m후(다부IC방면)
36.038191	128.917589	30	F	2	천문로	영천중앙초 화남분교(한국도로공사 영천지사 방면)
36.038489	129.348537	30	F	2	철강로	용흥초등학교(감실골사거리 방면)
36.038597	129.348518	30	F	1	용흥로	용흥초등학교(연화재사거리 방면)
36.040108	126.938761	30	F	2	용산로	용산초등학교 앞(함라→황등)
36.040145	126.938866	30	F	1	용산로	용산초등학교 앞(황등→함라)
36.040419	126.778116	30	F	1	화산로	화양초등학교 앞
36.040444	128.411819	70	F	1	강변대로	포남2교차로 전방150M (석적→왜관)
36.040803	128.518459	100	S	2	중앙고속도로	다부리(춘천→대구)
36.040864	128.518341	100	S	2	중앙고속도로	다부리(춘천→대구)
36.041839	126.776388	30	F	2	화산로	화양초등학교 건너편
36.042170	126.776230	30	F	3	화산로	화양초등학교
36.042250	126.775778	30	F	3	화산로	화양초등학교
36.042328	129.364771	30	F	1	용당로	포항초등학교(포항 세무서 방면)
36.042397	128.824735	100	F	2	상주영천고속도로	효정리(영천->상주)
36.042548	128.902898	60	F	2	천문로	대천리 버스정류장 30M 후(북영천IC 방면)
36.042870	127.504010	30	F	2	봉황로	남일초등학교 앞
36.042986	127.504243	30	F	1	봉황로	남일초등학교 건너편
36.043627	128.985552	40	F	2	금창로	평천초등학교(평천보건진료소 방면)
36.043728	126.805040	30	F	2	한마로	한산초등학교 건너편
36.043818	126.990683	60	F	1	미륵사지로	제3산단 서부교차로 (금마→함열)
36.044061	129.059445	100	S	2	대구포항고속	사리(포항 방면)
36.044845	129.058473	100	E	1	대구포항고속	사리(대구방면)
36.045199	126.706636	60	F	2	장서로	천산아파트 입구
36.045251	129.350975	30	F	2	용흥로	대흥초등학교(포항우방타운아파트 방면)
36.045447	128.110254	60	F	2	조마로	장암리(김천시청 방면)
36.045489	128.520903	30	F	1	다경길	다부초등학교(현대공원제2묘원 방면)
36.045549	128.789673	30	F	2	신화로	신녕초등학교(신녕119안전센터 방면)
36.045630	128.520905	30	F	2	남중리6길	다부초등학교(다부IC 방면)
36.045896	129.357163	50	F	1	용흥로	포항제이교회(수도산 방면)
36.048103	126.937041	60	F	1	백제로	용산사거리 후방 (함라→함열)
36.048420	129.351342	50	F	1	포스코대로	제일프리미엄타운(덕수공원 방면)
36.048772	128.645694	60	F	1	팔공산터널로	팔공산터널→부계면
36.049893	128.423832	40	F	1	포망로	포남지 저수지(남구미IC 방면)
36.050000	127.437400	30	F	2	진악로	남이초등학교 앞
36.050712	129.252621	100	F	2	중부내륙고속도로	다산리(대구 방면)
36.050798	128.422841	80	E	2	포망로	구간 1,2차로 종점(석적방면)
36.051635	127.000567	80	F	1	익산일반산단진입도로	제3일반산업단지부근(논산→익산)
36.051738	128.409967	30	F	2	유학로	석적유치원(석적교차로방면)
36.051823	128.424985	80	S	1	가흥로	구간 1,2차로 시점(구평옥계방면)
36.051831	128.524957	80	F	1	호국로	석기시대 앞 (가산방면)
36.052131	128.498542	40	F	2	흥해로	학산편의점(다부IC교차로 방면)
36.052875	128.128928	60	F	1	금감로	평산리버스정류장(성주 방면)
36.053843	127.051486	40	F	1	남천로	신북마을 앞(장암마을→구북마을)
36.054163	128.409723	30	F	1	포망로	석적유치원(다부IC 방면)
36.054302	129.376075	50	F	1	희망대로	우방비치타운 앞(육거리방면)
36.054763	128.207823	60	F	1	벽소로	백마교회(김천구미역 방면)
36.055048	126.999875	30	F	1	하맹길	용성초등학교 앞(익산제3일반산업단지→상단마을)
36.055093	126.999770	30	F	2	하맹길	용성초등학교 앞(상단마을→익산제3일반산업단지)
36.055197	128.269935	40	F	1	주천로	월명성모의집 앞(남김천IC 방면)
36.055450	127.050219	40	F	1	남천로	신북마을 앞(구북마을→장암마을)
36.056918	126.680334	30	F	2	마서로	서남초등학교 건너편
36.056950	126.679832	30	F	3	마서로	서남초등학교
36.056957	126.679205	30	F	3	마서로	서남초등학교
36.056993	126.679229	30	F	1	마서로	서남초등학교 앞
36.058310	127.085057	30	F	1	가람로	여산초등학교 앞(여산고등학교→교창삼거리)
36.058325	128.378922	40	F	2	한티로	오평리(낙동강 방면)
36.058330	129.361553	30	F	1	신덕로	한마음선원앞 (한마음선원→유성여고)
36.058359	127.085179	30	F	2	가람로	여산초등학교 앞(교창삼거리→여산고등학교)
36.059812	126.912177	30	F	2	용산로	함라초등학교 정문(함라→행동교차로)
36.059851	126.912242	30	F	1	용산로	함라초등학교 정문(행동교차로→함라)
36.060206	128.891800	30	F	2	포은로	지곡초등학교(삼창삼거리 방면)
36.060231	128.891831	30	F	1	최무선로	지곡초등학교(청송 방면)
36.060267	129.374488	30	F	2	중흥로	두호남부초등학교 150m 전(창포 사거리 방면)
36.061600	127.556000	30	F	2	현내로	부리초등학교 앞
36.061990	127.078299	80	F	2	호남로	여산IC교 부근(논산→익산)
36.063322	129.335659	30	F	1	칠포로	달전초등학교(포항IC 방면)
36.063386	128.343518	30	F	1	곤산로	북삼초등학교(복성네거리 방면)
36.063540	127.547870	30	F	1	무금로	청풍농원 앞
36.064241	128.343427	30	F	2	포망로	북삼초등학교(구미 방면)
36.064367	128.400927	70	F	2	석적로	남율교차로(구미방면)
36.064950	128.264370	100	S	1	경부고속도로	부상리(문경 방면)
36.065106	127.256429	60	F	1	대둔산로	석장마을 앞(전주→대둔산)
36.065480	129.384710	80	F	2	동해안로	하정삼거리(감포 방면)
36.065656	127.256070	60	F	2	대둔산로	석장마을 앞(대둔산→전주)
36.065662	127.041215	40	F	2	남천로	죽림동마을 앞(구북마을→낭산사거리)
36.065908	128.125107	30	F	2	금감로	감천초등학교(김천시청 방면)
36.065996	127.105686	100	F	1	호남고속도로	호남고속도로 순천기점 192.4K 상 1,2차로 종점【전북익산】(전주→논산)
36.066043	127.105838	100	F	1	호남고속도로	호남고속도로 순천기점 192.4K 상 3,4차로 종점【전북익산】(전주→논산)
36.066601	127.013924	30	F	2	우신길	낭산초등학교 앞(외돈마을→신동보건진료소)
36.066609	129.378966	50	F	1	운하로	럭키장성아파트(장량초 방면)
36.066677	127.013456	30	F	1	우신길	낭산초등학교 앞(신동보건진료소→외돈마을)
36.067141	127.039269	40	F	1	남천로	죽림동마을 앞(낭산사거리→구북마을)
36.067728	128.408423	30	F	1	유학로	석적초교차로(장곡초 방면)
36.067947	128.408721	30	F	2	남율로	석적초교차로(남율교차로방면)
36.069417	128.379675	100	E	1	경부고속도로	경부고속도로 166.1k 종점 3,4차로(구미시 오태동)(서울 방면)
36.069851	129.400087	30	F	1	삼호로 468번길	항구초등학교(포항해양과학고 방면)
36.069876	129.400216	30	F	1	삼호로468번길	항구초등학교(환여삼거리 방면)
36.070193	128.381925	100	E	1	경부고속도로	오태동(서울 방면)
36.070409	126.773231	110	S	2	서천공주고속도로	서천공주고속도로21.85km
36.070651	128.337550	30	F	1	강변서로	인평초등학교(송오삼거리 방면)
36.070658	128.350941	30	F	2	왕산로	오태초등학교(대원가든타운 방면)
36.070746	128.337840	30	F	1	새천년대로	인평초등학교(북삼중 방면)
36.070802	128.350920	30	F	1	금오대로14길	오태초등학교(산림청 방면)
36.070803	128.351180	30	F	1	왕산로	구미시 금오대로14길(오태동) 오태초등학교(대원가든타운 방면)
36.070947	128.350920	30	F	2	금오대로14길	구미시 금오대로14길(오태동) 오태초등학교(산림청 방면)
36.071081	129.379481	30	F	1	중앙로	장량초등학교 정문(철미산 방면)
36.071200	129.203430	30	F	2	기계로	기계초등학교(기계파출소 방면)
36.071930	128.342610	40	F	1	북삼로	북삼중학교(남구미IC 방면)
36.071940	128.342715	40	F	2	북삼로	북삼중학교(북삼고등학교 방면)
36.072272	128.429302	30	F	2	한티로	작은왕국어린이집(다부IC 방면)
36.072304	128.429498	30	F	1	금암중앙길	작은왕국어린이집(장곡초방면)
36.072369	128.394527	60	F	1	강변대로	우방신천지타운1단지 (구미 방면)
36.072439	126.644516	30	F	3	송신로	송석초등학교
36.072753	126.643495	30	F	2	송신로	송석초등학교 건너편
36.072759	126.643537	30	F	1	송신로	송석초등학교 앞
36.072944	126.643530	30	F	3	송신로	송석초등학교
36.073210	126.767380	30	F	2	기산길	기산초등학교 건너편
36.073214	126.767502	30	F	1	기산길	기산초등학교 앞
36.073843	126.785979	60	F	2	충절로	한산농협주유소 앞
36.074114	126.735894	60	F	2	충절로	서천중학교 후문
36.074119	128.417444	30	F	2	도군로	장곡초등학교(나래원운동장방면)
36.074198	128.259456	100	E	2	중부내륙고속도로	부상리(성주 방면)
36.074221	128.412138	30	F	2	남중리6길	바움유치원(경마산 방면)
36.074389	127.570645	30	F	2	적벽강로	비단골 체험학습장→구암사)
36.074398	128.412131	30	F	1	남중리6길	바움유치원(중리교 방면)
36.074606	129.332566	80	F	2	동해대로	(흥해 방면)
36.075468	126.686626	30	F	2	충절로	서천특화시장 앞(군사리686-1,군사교차로→서천중)
36.075494	126.974226	60	F	2	함낭로	동신마을 앞 (함열→낭산)
36.075570	126.974221	60	F	1	함낭로	동신마을 앞 (낭산→함열)
36.075637	126.686501	30	F	1	충절로	서천특화시장 맞은편(군사리857-10,서천중→군사교차로)
36.076048	128.418179	30	F	2	모암길	장곡초등학교(남구미대교 방면)
36.076454	128.397408	30	F	1	유학로	대교초등학교(석적농협 방면)
36.076472	128.397526	30	F	1	석전로	대교초교차로(중리교차로 방면)
36.077598	126.724805	60	F	1	충절로	두왕리 16-7
36.077748	126.965661	30	F	1	함열중앙로	함열초등학교 앞 (남당사거리→함열역)
36.077759	128.200496	60	F	2	강변로	연명리버스정류장(혁신도시 방면)
36.077804	128.399063	60	F	1	강변대로	중리교차로(석적지구대 방면)
36.077891	129.393252	30	F	2	양덕남로	장흥초등학교(장성공원 방면)
36.078248	126.687561	30	F	2	서천로	서천초등학교 후문
36.078754	129.330082	30	F	2	새마을로	학천초등학교(학천교차로 방면)
36.078845	129.327424	30	F	2	삼흥로100번길	학천초등학교(도음산 방면)
36.079385	129.558176	30	F	1	해맞이로	대보초등학교(호미곶항 방면)
36.079423	129.558157	30	F	2	해맞이로	대보초등학교(구만2리회관 방면)
36.079815	129.401925	30	F	1	용흥로292번길	양덕초등학교(환호공원 방면)
36.080413	129.402019	30	F	1	양덕로	양덕초등학교(영일만 방면)
36.080721	128.539001	60	F	1	경북대로	가산초등학교(가산IC방면)
36.080739	128.410727	60	F	2	3공단3로	다이소 칠곡중리2점(광암천 방면)
36.081227	127.511655	60	F	1	무금로	황풍교 앞
36.082443	128.535826	100	E	1	중앙고속도로	천평리(대구→춘천)
36.082756	129.196409	100	S	1	대구포항고속도로	지가리(대구방면)
36.083440	127.027665	80	F	1	익산일반산단진입도로	오동정교차로(익산→논산)
36.083459	126.682583	70	F	2	대백제로	천산아파트 옆 삼거리
36.083778	127.286559	60	F	1	대둔산로	천등산주유소 삼거리 (운주→대둔산)
36.083839	126.691003	50	F	3	사곡로	정원아파트입구
36.084356	126.816087	50	F	1	신성로	동산리 228-2
36.084676	129.396072	30	F	1	천마로	양서초등학교(장성현대아파트 방면)
36.084751	128.538249	60	F	2	경북대로	천평주유소(다부IC 방면)
36.085047	128.122733	60	F	2	금감로	광기리(성주 방면)
36.085104	128.355559	40	F	1	상사서로	구미시 상사서로(상모동) 신세계타운1단지아파트(상모초등학교 방면)
36.085302	128.355838	40	F	2	상사서로	신세계타운1단지아파트(상모초등학교 방면)
36.085793	126.805668	30	F	3	한마로	한산초등학교
36.085958	126.804006	30	F	3	한마로	한산초등학교
36.086426	129.181953	100	E	2	대구포항고속	기계면(포항 방면)
36.088162	128.446831	80	S	2	인동54길	구간 1,2차로 시점(석적방면)
36.088344	128.351790	30	F	1	상모로	구미시 상모로(상모동) 정수초등학교(상모초등학교 방면)
36.088508	128.351905	30	F	1	상모로	정수초등학교(상모초등학교 방면)
36.088520	128.367986	30	F	2	임은길	구미시 임은동 임은길 효성유치원(임은삼거리 방면)
36.088585	126.815778	60	F	2	충절로	동산리 297-3
36.088663	128.367986	30	F	2	임은길	(임은교 방면)
36.088702	128.352179	30	F	2	상사동로24길	정수초등학교(박정희대통령생가 방면)
36.088845	128.351752	30	F	2	상사동로24길	구미시 상모로(상모동) 정수초등학교(박정희대통령생가 방면)
36.088867	128.446262	80	S	1	인동54길	구미시 구평동 산21 백곡터널(구미 국도대체우회도로)  구간 1,2차로 시점(석적방면)
36.088889	129.384281	50	F	1	신덕로	양덕삼구트리니엔2차 건너(포항대방면)
36.089533	128.430208	30	F	2	인동36길	구미시 인동36길(구평동) 해맑은유치원(경북교통문화연수원 방면)
36.089533	128.430468	30	F	1	인동36길	해맑은유치원(경북교통문화연수원 방면)
36.089591	128.440889	40	F	1	인동48길	은성유치원(가산IC 방면)
36.089591	128.441752	40	F	2	도봉로5길	은성유치원(진평주공아파트 방면)
36.089738	128.441752	40	F	1	도봉로5길	구미시 인동48길(구평동) 은성유치원(진평주공아파트 방면)
36.089779	128.447083	80	E	1	인동54길	구미시 구평동 265(구미 국도대체우회도로) 구간 3차로 종점(구평옥계방면)
36.089779	128.448136	80	E	1	인동54길	구간 3차로 종점(구평옥계방면)
36.089781	128.440945	40	F	2	인동48길	구미시 인동46길(구평동) 은성유치원(가산IC 방면)
36.089811	128.430793	30	F	2	인동43길	해맑은유치원(구평푸르지오아파트 방면)
36.089906	128.430522	30	F	1	인동43길	구미시 인동36길(구평동) 해맑은유치원(구평푸르지오아파트 방면)
36.090072	128.357624	30	F	2	백산로	구미시 상모로(상모동) 상모초등학교(박정희대통령생가 방면)
36.090233	128.358161	30	F	2	도봉로	구미시 상모로(상모동) 상모초등학교(상모중학교 방면)
36.090266	128.357503	30	F	1	백산로	상모초등학교(박정희대통령생가 방면)
36.090329	126.801230	30	F	2	한마로	충남디자인예술고등학교
36.090356	128.357959	30	F	1	도봉로	상모초등학교(상모중학교 방면)
36.090364	128.112344	60	F	2	양천새마을1길	새마을버스정류장(김천역방면)
36.091613	128.358452	30	F	2	상모로	상모초등학교(임오동행정복지센터 방면)
36.091763	128.358552	30	F	2	상모로	구미시 상사서로12길(상모동) 상모초등학교(임오동행정복지센터 방면)
36.091897	127.278673	30	F	2	운주로	운주초등학교 앞 (운주삼거리→운주중학교)
36.092133	127.278531	30	F	1	운주로	운주초등학교 앞 (운주중학교→운주삼거리)
36.092399	128.427229	30	F	2	인동32길	진평초등학교(인동고 방면)
36.092459	128.427229	30	F	1	옥계북로	진평초등학교(진평파출소 방면)
36.092511	128.427356	30	F	2	인동32길	구미시 인동32길(진평동) 진평초등학교(인동고 방면)
36.092829	128.425212	30	F	1	인동26길	구미시 진평동 인동26길 키즈킹덤 어린이집(진평음식 특화거리 방면)
36.093011	128.425212	30	F	2	인동26길	(진평음식 특화거리 방면)
36.093476	128.377216	50	F	2	1공단로6길	구미시 1공단로6길(공단동) 영남에너지 서비스 앞(남구미IC 방면)
36.093612	128.376894	50	F	2	1공단로6길	영남에너지 서비스 앞(남구미IC 방면)
36.093924	126.969494	40	F	1	안성로	학동마을 앞(함열→망성)
36.094045	128.436876	30	F	2	인동32길	구미시 인동43길(구평동) 천생초등학교(구평동우체국 방면)
36.094045	128.437105	30	F	1	인동32길	천생초등학교(구평동우체국 방면)
36.094052	128.438111	30	F	2	산호대로	구미시 인동43길(구평동) 천생초등학교(천생산방면)
36.094146	128.437296	30	F	1	산호대로	천생초등학교(천생산방면)
36.094815	129.343116	60	F	1	나아봉길로	초곡지구입구(영덕방면)
36.094885	126.971257	40	F	2	안성로	화정마을 앞(망성→함열)
36.095656	128.184064	30	F	1	벽소로	입석리(혁신도시 방면)
36.095656	128.218400	60	F	1	농남로	운곡리(입석교차로 방면)
36.095991	126.960656	30	F	1	함열로	용남초등학교 앞(함열역→송산교차로)
36.096002	126.960535	30	F	2	함열로	용남초등학교 앞(송산교차로→함열역)
36.096388	128.353471	50	F	2	산업로	사곡고등학교 앞(구미시청 방면)
36.096486	128.582035	30	F	2	용매로	고곡보건진료소→고매교
36.096489	128.451789	80	E	1	천생산길	구간1,2차로 종점(가산구평방면)
36.096532	128.451789	80	E	2	천생산길	구미시 구평동 19-3(구미 국도대체우회도로) 구간1,2차로 종점(가산구평방면)
36.096590	128.353670	50	F	1	산업로	구미시 박정희로(상모동) 사곡고등학교 앞(구미시청 방면)
36.096611	128.561949	30	F	1	용매로	고매교→고곡보건진료소
36.097424	128.212312	80	F	1	영남대로	운곡교차로(혁신도시 방면)
36.098014	126.928060	30	F	2	서당로	성당초등학교 앞(금성초등학교→성당교차로)
36.098073	126.928155	30	F	1	서당로	성당초등학교 앞(성당교차로→금성초등학교)
36.098629	129.427421	30	F	2	삼호로468번길	죽천초등학교(용한교차로 방면)
36.098957	128.359876	30	F	2	상사동로24길	구미시 상사동로24길(사곡동) 사곡초등학교(공단동 방면)
36.099101	128.359945	30	F	1	상사동로24길	사곡초등학교(공단동 방면)
36.099491	126.764584	60	F	2	화산로	월기 교육문화원
36.100333	126.676222	110	E	2	서해안고속도로	서해안고속도로162km
36.101402	128.428380	30	F	1	인동15길	구미시 인동15길(인의동) 인의초등학교(인동동행정복지센터 방면)
36.101473	128.662673	30	F	1	치산효령로	동군위IC→신화교
36.101480	128.662630	30	F	2	치산효령로	신화교→동군위IC
36.101582	128.428380	30	F	2	인동15길	인의초등학교(인동동행정복지센터 방면)
36.101633	128.428066	30	F	2	인동15길	구미시 인동15길(인의동) 인의초등학교(강동병원 방면)
36.101633	128.428175	30	F	1	인동15길	인의초등학교(강동병원 방면)
36.101844	129.340310	80	F	2	의창로	7번국도(포항 방면)
36.102197	128.335467	30	F	1	형곡동로	형남초등학교(형곡고 방면)
36.102201	126.709442	60	F	2	화석로	태월산장 앞
36.102390	128.335347	30	F	1	형곡동로	구미시 형곡동로(형곡동) 형남초등학교(형곡고 방면)
36.102580	127.492620	30	F	1	인삼로	백합유치원 인근
36.102600	127.504000	50	F	2	인삼로	금산경찰서 건너편
36.102652	127.480323	30	F	2	진악로	금산유치원 정문 부근
36.102954	127.489418	30	F	1	인삼로	금산초등학교
36.103193	127.499644	50	F	2	무금로	중도오거리 100m전
36.103264	126.995920	30	F	1	흥왕길	흥왕초등학교 앞(용동→흥왕마을)
36.103322	126.995928	30	F	2	흥왕길	흥왕초등학교 앞(흥왕마을→용동)
36.103358	128.450977	80	S	2	천생산길	구간1,2차로 시점(선산방면)
36.103428	128.451577	80	S	2	천생산길	구미시 구평동 산 89 인동터널(구미 국도대체우회도로) 구간1,2차로 시점(선산방면)
36.103831	126.647881	30	F	3	충서로	부내초등학교
36.103868	126.648178	30	F	1	충서로	부내초등학교 건너편
36.103961	126.648177	30	F	2	충서로	부내초등학교 앞
36.104127	128.490478	30	F	1	다부원1길	학림초등학교(학하1리회관 방면)
36.104144	126.648280	30	F	3	충서로	부내초등학교
36.104351	128.490652	30	F	1	318만세길	학림초등학교(장천면 방면)
36.104546	128.120196	50	F	1	양금로	김천농산물유통센터(김천소방서 방면)
36.104693	128.512744	80	F	2	학신로	심곡1교100m 전(상주 방면)
36.104977	128.512051	80	F	1	강변대로	심곡1교 50m 후(가산IC 방면)
36.105182	129.346239	30	F	1	남미질로	흥해남산초등학교(남성3리마을회관 방면)
36.105201	129.345795	30	F	2	달전로	흥해남산초등학교(남성교차로 방면)
36.105402	126.738323	60	F	1	시초남로	선동1리 경로당
36.105625	126.645235	70	F	1	충서로	부내교차로
36.105733	126.723628	30	F	1	서문로	둔덕리 버스승강장 앞
36.106804	128.330068	30	F	2	공원로	구미시 형곡동 공원로 색동유치원(형곡전망대 방면)
36.106804	128.330122	30	F	2	공원로	(형곡전망대 방면)
36.107085	128.361524	100	F	2	경부고속도로	(구미시 사곡동)(부산→서울)
36.107111	128.919344	60	F	2	토함산로	화북면행정복지센터 입구(화남면 방면)
36.107112	128.330122	30	F	1	공원로	구미시 형곡동 공원로 색동유치원(형곡초 방면)
36.108128	127.098977	50	F	1	득안대로	육교삼거리(죽평리 368-1, 여산→논산)
36.109540	127.163250	50	F	2	원앙로	삼전1리 마을 앞
36.109594	128.920300	30	F	2	화북길	자천초등학교(화북우체국 방면)
36.109620	127.163460	50	F	1	원앙로	삼전1리 마을 앞
36.109666	128.920386	30	F	1	호국로	(화북면행정복지센터 방면)
36.109692	127.041102	80	F	1	익산일반산단진입도로	무형교차로(논산→익산)
36.110229	127.560221	60	F	2	용화로	저곡리 646-1
36.110468	126.957372	70	F	2	익산대로	용안면입구 삼거리 (강경→익산)
36.110708	127.491710	40	F	1	금산로	대어도횟집 앞
36.110860	128.573338	80	F	1	경북대로	석우1리→장군2리
36.111136	128.122633	50	F	2	양금로	(김천역방면)
36.111294	127.546779	30	F	2	금강로	봉황지구대 건너편
36.111325	128.172881	40	F	2	용시길	월곡2교차로(김천구미역 방면)
36.111420	127.546930	30	F	2	금강로	봉황지구대 앞
36.112311	128.603153	60	F	1	장군로	장군사거리→치산효령로
36.112324	127.788970	30	F	2	괴목산막로	산막1구 신방동경로당 (산막리 → 남전리)
36.112579	126.687081	70	F	1	대백제로	지석교차로
36.113674	129.332408	80	F	1	의창로	7번국도(영덕 방면)
36.114114	128.125236	50	F	2	강변로	맑은물사업소(김천소방서 방면)
36.114870	128.176497	70	S	2	천문로	혁신지하차도1 구간 1,2차로 시점(상주방면)
36.114872	128.125972	50	F	1	강변로	맑은물사업소(상주 방면)
36.115257	129.314795	40	F	1	신흥로	흥해서부초등학교(농업기술센터 방면)
36.115328	128.176945	70	E	1	김천순환로	혁신지하차도1 구간 1,2차로 종점(성주방면)
36.116986	128.425328	30	F	1	금오대로14길	구미시 검성로(황상동) 황상초등학교(구미정보고등학교 방면)
36.116986	128.425047	30	F	2	금오대로14길	황상초등학교(구미정보고등학교 방면)
36.117226	128.633492	60	F	1	치산효령로	장군로→화계1리마을회관
36.117383	128.633357	60	F	2	치산효령로	화계1리마을회관→장군로
36.117384	128.139725	30	F	1	칠곡대로	김천동부초등학교(김천역 방면)
36.117849	128.176119	30	F	2	공원로	킨더하바어린이집(율곡천 방면)
36.118212	128.935337	60	F	2	천문로	옥계삼거리(북영천IC 방면)
36.118268	128.122495	30	F	2	시청7길	김천초등학교(석천중 방면)
36.118497	128.178738	40	F	1	혁신2로	김천혁신도시골드클래스아파트(운남중학교 방면)
36.118616	128.353467	50	F	2	송정대로	범양레우스센트럴포레(시청 방면)
36.119019	128.354660	50	F	2	송정대로	구미시 송정대로(송정동) 범양레우스센트럴포레(시청 방면)
36.119219	128.355233	50	F	1	송정대로	범양레우스센트럴포레(KBS네거리 방면)
36.119508	128.374458	40	F	1	백송로	비산초등학교(인동 방면)
36.119518	128.373999	40	F	2	비산로	비산초등학교(신평네거리 방면)
36.119704	128.374239	40	F	2	비산로	구미시 비산로(비산동) 비산초등학교(신평네거리 방면)
36.119753	128.374583	40	F	2	백송로	구미시 비산로(공단동) 비산초등학교(인동 방면)
36.120180	126.795620	30	F	1	삼일로	마산초등학교 건너편
36.120219	126.795570	30	F	2	삼일로	마산초등학교 앞
36.121198	126.845843	60	F	1	충절로	벽룡사거리 앞
36.121223	128.188201	30	F	1	용전4로3길	율곡초등학교(운남리 방면)
36.121287	126.752110	30	F	3	시초북로	시초초등학교
36.121417	126.752506	30	F	1	시초북로	시초초등학교 건너편
36.121425	126.752182	30	F	2	시초북로	시초초등학교 앞
36.121576	128.123332	30	F	1	부곡맛고을2길	김천모암초등학교(추풍령 방면)
36.121588	128.385566	50	F	2	산호대로	엘지연수원 버스정류장 50M후(세무서네거리 방면)
36.122192	128.356683	40	F	2	칠성로	구미IC광신프로그레스아파트(신기초 방면)
36.122283	128.356826	40	F	1	칠성로	구미시 칠성로(원평동) 구미IC광신프로그레스아파트(신기초 방면)
36.122384	128.343716	50	F	1	박정희로	구미시 박정희로(송정동) 한솔아파트(금오산방면)
36.122454	128.107440	30	F	1	원곡길	서부초등학교(원곡마을회관 방면)
36.122498	126.966835	70	F	2	익산대로	중신교차로 앞 (강경→함열)
36.122535	128.356650	40	F	2	칠성로	구미시 칠성로(원평동) 구미IC광신프로그레스아파트(신평1동 행정복지센터 방면)
36.122535	128.356340	40	F	1	칠성로	구미IC광신프로그레스아파트(신평1동 행정복지센터 방면)
36.122787	128.193421	30	F	1	용전4로6길	운곡초등학교(국립종자원 방면)
36.123006	128.343218	50	F	2	박정희로	한솔아파트(금오산방면)
36.123089	128.193418	30	F	2	용전4로6길	운곡초등학교(영무예다음2차 방면)
36.123367	128.136967	60	F	1	자산로	김천대교 300m 후(지좌동 주민센터방면)
36.123463	128.021589	30	F	2	황악로	직지초등학교(대항면행정복지센터 방면)
36.123583	127.508889	100	E	2	통영대전고속도로	종점
36.124083	128.192856	30	F	2	용전4로3길	운곡초등학교(운곡초동문 방면)
36.124328	127.667341	30	F	1	68번 지방도	양산초등학교 (GS양산주유소→양산면사무소)
36.124340	128.049539	30	F	2	대룡로	대룡초등학교(덕산저수지 방면)
36.124531	128.094375	30	F	2	부곡맛고을2길	부곡초등학교(추풍령 방면)
36.124536	127.667341	30	F	2	68번 지방도	양산초등학교 (양산면사무소→GS양산주유소)
36.124735	128.094464	30	F	2	신음새동네길	부곡초등학교 후문(김천고등학교 방면)
36.125244	128.123055	30	F	2	신기길	모암초등학교(자산공원 방면)
36.125247	128.095671	30	F	1	부곡맛고을7길	부곡초등학교 정문(센트럴자이아파트 방면)
36.125671	128.367978	60	F	2	백산로	구미시 낙동강변로(신평동) 갈뫼루(산호대교 방면)
36.125739	127.466109	60	F	2	진산로	도곡4가 앞
36.125939	128.185958	70	S	1	김천순환로	혁신지하차도1 구간 1,2차로 시점(성주방면)
36.125939	128.185958	70	E	2	김천순환로	혁신지하차도1 구간 3차로 종점(상주방면)
36.126423	128.368666	60	F	1	백산로	갈뫼루(산호대교 방면)
36.126700	126.861300	30	F	2	양화동로	원당교회 앞
36.126714	128.077017	40	F	1	영남대로	다수초등학교(추풍령IC방면)
36.126750	128.185775	70	S	1	김천순환로	혁신지하차도1 구간 3차로 시점(성주방면)
36.126820	128.076583	40	F	2	영남대로	다수초등학교(대곡삼거리 방면)
36.126828	128.414518	50	F	1	옥계2공단로	LG이노텍구미2공장(옥계교 방면)
36.126905	128.118135	50	F	2	청화로	직지교사거리 150m 후(김천버스터미널 방면)
36.127589	126.856783	30	F	1	충절로	양화초등학교 앞
36.127900	126.858100	30	F	1	충절로	양화초등학교 앞
36.128071	128.428128	80	S	1	4공단로4길	구미시 구포동 469 구포터널(구미 국도대체우회도로) 구간1,2차로 시점(가산구평방면)
36.128270	128.391237	80	F	1	국도대체우회도로	양호지하차도(선산 방면)
36.128347	128.389869	80	F	2	국도대체우회도로	양호지하차도(옥계 방면)
36.128580	129.166600	30	F	2	기북로	기북초등학교(기계중학교 방면)
36.128844	128.428301	80	S	1	4공단로4길	구간1,2차로 시점(가산구평방면)
36.129013	128.390490	80	F	1	국도대체우회도로	구미시 국도대체우회도로(양호동 853-1) 양호지하차도(선산 방면)
36.129223	128.389465	80	F	1	국도대체우회도로	구미시 국도대체우회도로(양호동 796-1) 양호지하차도(옥계 방면)
36.129850	129.348763	30	F	2	칠포로	곡강초등학교(칠포교차로 방면)
36.130140	128.493841	30	F	1	강동로	구미시 장천면 강동로(하장리) 장천초등학교(경운대학교 방면)
36.130150	127.453510	30	F	2	진산로	금성초등학교 건너편
36.130208	128.494098	30	F	2	강동로	장천초등학교(경운대학교 방면)
36.130320	129.344070	80	F	2	의창로	7번국도 (영덕 방면)
36.130459	127.120560	70	F	1	동안로	동산1리 마을입구 삼거리
36.130748	128.335631	30	F	2	구미중앙로17길	구미초등학교(원평네거리 방면)
36.130815	128.121771	30	F	2	강변서로	동신초등학교 정문(김천역 방면)
36.130845	128.121875	30	F	2	봉계길	동신초등학교 정문(신음교 방면)
36.131398	128.455001	60	F	2	4공단로	오옴전자 구미공장 앞(가산IC 방면)
36.131716	128.122369	30	F	1	조각공원길	동신초등학교 후문(주공해돋이타운 방면)
36.131800	128.431503	50	F	2	4공단로	대경테크노(가산IC 방면)
36.131956	128.455393	60	F	2	4공단로	구미시 4공단로(금전동) 오옴전자 구미공장 앞(가산IC 방면)
36.132499	128.432059	50	F	2	4공단로	구미시 4공단로(구포동) 대경테크노(가산IC 방면)
36.133651	128.104805	50	F	2	조각공원길	김천생명과학고등학교 400m 후(김천시청방면)
36.133720	126.947250	30	F	1	용북로	용북초등학교 앞(신은삼거리→석우보건진료소)
36.133784	126.947186	30	F	2	용북로	용북초등학교 앞(석우보건진료소→신은삼거리)
36.133784	128.103483	50	F	2	부거리길	김천생명과학고등학교 300m 전(영동 방면)
36.133808	128.120293	30	F	1	금감로	리라유치원(동신초등학교 방면)
36.133960	127.137670	60	F	1	매죽헌로	금성이앤씨 앞
36.133983	128.417351	80	E	2	4공단로	구미시 구포동 559-31(구미 국도대체우회도로) 구간1,2차로 종점(선산방면)
36.133983	128.418045	80	E	2	4공단로	구간1,2차로 종점(선산방면)
36.134008	128.120048	30	F	2	신음새동네길	리라유치원(김천시청 방면)
36.134014	127.501281	30	F	2	일흔이재로	용문초등학교
36.134100	127.502100	30	F	1	일흔이재로	용문초등학교 앞
36.134198	128.397004	60	F	1	산업로	구미시 산호대로(양호동) SK LPG 충전소 앞
36.134389	128.396361	60	F	2	산업로	SK LPG 충전소 앞
36.134956	127.159460	40	F	1	매죽헌로	육곡삼거리
36.135875	128.951450	60	F	2	천문로	입석교차로(보현산댐공원 방면)
36.136708	128.401212	60	F	1	산호대로	금오공대 입구(산호대교 방면)
36.137881	128.114208	40	F	1	부곡길	신음금류아파트(김천시청 방면)
36.139679	128.415268	30	F	2	산호대로23길	구미시 산호대로23길(옥계동) 늘푸른유치원(김천 방면)
36.139927	128.415000	30	F	1	산호대로23길	늘푸른유치원(김천 방면)
36.139947	126.754334	30	F	2	서문로	문산식당 앞
36.139971	126.745952	60	F	2	판문로	서천군 문산면 판문로
36.140180	126.754290	30	F	2	서문로	문산제일교회 앞
36.140333	127.089669	70	F	1	동안로	NS테크 앞 삼거리
36.140845	128.302952	50	F	1	송선로	구미시 송선로(선기동) 북구미IC 전(김천방면)
36.141077	128.302338	50	F	2	송선로	북구미IC 전(김천방면)
36.141457	128.346640	40	F	1	선산대로	지산초등학교(구미보건소 방면)
36.141489	128.299420	50	F	2	송선로	진줄교차로 전(북구미IC 방면)
36.141554	126.601467	30	F	2	비인로	비인초등학교 건너편
36.141601	128.316184	30	F	2	효성로	도봉초등학교 앞 사거리(휴먼시아4단지 방면)
36.141615	126.601494	30	F	1	비인로	비인초등학교 앞
36.142157	128.317926	30	F	1	도봉로5길	도봉초등학교(봉수대공원 방면)
36.142227	128.316942	30	F	2	효성로	구미시 도봉로5길(봉곡동) 도봉초등학교 앞 사거리(휴먼시아4단지 방면)
36.142242	128.318473	30	F	2	도봉로5길	구미시 도봉로5길(도량동) 도봉초등학교(봉수대공원 방면)
36.142264	128.299522	50	F	2	송선로	구미시 송선로(선기동) 진줄교차로 전(북구미IC 방면)
36.142457	128.345919	40	F	2	선산대로	구미시 선산대로(지산동) 지산초등학교(구미보건소 방면)
36.142768	127.369011	30	F	1	읍내로	진산초등학교
36.142831	128.116992	50	F	2	금음마을로	브솔교회 앞 (어모교차로 → 김천시청 방면)
36.143306	128.062417	30	F	2	혁신4로	봉계초등학교(각골교 방면)
36.143611	127.747556	80	F	1	19번 국도	성산아파트 앞
36.143737	128.062648	30	F	1	봉계길	봉계초등학교(김천대학교 방면)
36.143757	128.419621	50	F	1	옥계신당로9길	구미시 옥계2공단로(옥계동) 옥계교회(상주방면)
36.143757	128.419240	50	F	1	옥계신당로9길	옥계교회(상주방면)
36.144132	128.423433	30	F	2	인동43길	구미시 옥계신당로9길(옥계동) 원당초등학교(신당리 방면)
36.144132	128.424048	30	F	2	인동43길	원당초등학교(신당리 방면)
36.144224	126.596571	70	F	3	서인로	성내사거리
36.144360	127.168750	30	F	1	덕은로	가야곡초등학교 앞
36.144723	127.371358	30	F	2	대둔산로	진산중학교 앞
36.145081	128.040971	100	F	2	경부고속도로	3차로
36.145200	127.032800	50	F	1	동안로	채운2교 50m전
36.145418	127.747845	30	F	2	영동군 학산로	양강초등학교(양강면사무소↔성산아파트)
36.145774	127.040564	50	F	2	동안로	삼거리 134-22
36.146047	128.127685	50	F	2	공단로	코오롱 인더스트리1공장 앞(김천시청->선산)
36.146937	128.416331	30	F	2	흥안로	구미시 흥안로(옥계동) 옥계에덴아파트(양포파출소 방면)
36.147038	128.416260	30	F	1	흥안로	옥계에덴아파트(양포파출소 방면)
36.147159	128.416256	30	F	2	흥안로	옥계에덴아파트(옥계대동한마음아파트 방면)
36.147281	128.416409	30	F	1	흥안로	구미시 흥안로(옥계동) 옥계에덴아파트(옥계대동한마음아파트 방면)
36.147378	128.146671	30	F	2	감남골길	숲속어린이집(연하지 방면)
36.147781	128.190026	60	F	2	아포대로	대신과선교 200m 전(아포초 방면)
36.147826	128.331001	40	F	1	문장로	문장초등학교(원호대우APT 방면)
36.148303	128.330313	40	F	1	문장로	구미시 문장로(도량동) 문장초등학교(고아원호우체국 방면)
36.148361	128.330313	40	F	2	봉곡남로	구미시 문장로(도량동) 문장초등학교(도산초등학교 방면)
36.148822	128.323437	50	F	1	송동로	파크맨션 맞은편(소로골네거리 방면)
36.148961	128.323296	50	F	2	송동로	구미시 송동로(도량동) 파크맨션 맞은편(소로골네거리 방면)
36.149160	128.270612	100	S	2	중부내륙고속도로	송천리(성주 방면)
36.150067	128.269926	100	E	1	중부내륙고속도로	송천리(문경 방면)
36.150331	128.596845	60	F	1	치산효령로	금매1리→효령초교
36.150417	127.008639	60	F	2	강경로	고래젖갈상회 앞
36.150772	128.925086	60	F	1	죽령로	하송교차로 100m 전(청송→영천)
36.151226	126.536454	60	F	2	서인로	도둔리 73-77
36.151389	127.010889	60	F	1	강경로	채산육교 앞
36.151741	128.147679	60	F	2	아포순환로	아포스마트시티아파트(구미 방면)
36.151741	128.147679	50	F	2	감문로	묘광마을 입구(신김천대교 방면)
36.152272	128.321959	40	F	2	봉곡로	구미시 봉곡남로(도량동) 홍익유치원(소로골네거리 방면)
36.152400	126.521053	30	F	1	공암남촌길	서도초등학교 앞
36.152431	126.521421	30	F	1	공암남촌길	서도초등학교 정문
36.152631	128.321801	40	F	1	봉곡로	홍익유치원(소로골네거리 방면)
36.152696	128.588278	80	F	1	경북대로	군위방면
36.152925	127.407036	60	F	2	배내미로	배내미로 (만악리 772-8, 복수면사무소→부암삼거리)
36.153255	126.521571	30	F	2	공암남촌길	서도초등학교 후문
36.153307	126.521822	30	F	2	공암남촌길	서도초등학교 후문
36.153588	127.008539	40	F	2	부흥로	황산삼거리
36.153599	128.331375	30	F	1	강동로	원호초등학교(문장초등학교 방면)
36.153901	128.331315	30	F	2	문장로22길	원호초등학교(인노천 방면)
36.154139	128.425286	40	F	2	성수신당로	신당리(산동고등학교 방면)
36.154322	126.684707	30	F	2	종판로	오성초등학교 정문 건너편
36.154418	128.331894	30	F	1	문장로22길	구미시 고아읍 문장로22길(원호리) 원호초등학교(인노천 방면)
36.154604	126.682554	30	F	1	종판로	부근 오성초등학교 병설유치원 앞
36.155211	128.425418	30	F	2	성수신당로	구미시 산동읍 성수신당로(신당리 산 79) 신당리(산동고등학교 방면)
36.155272	128.416091	40	F	1	성수신당로	하이넷구미옥계수소충전소(옥계공설묘지 방면)
36.155528	128.415692	30	F	1	성수신당로	구미시 산동읍 성수신당로(성수리) 하이넷구미옥계수소충전소(옥계공설묘지 방면)
36.156210	128.586687	30	F	2	치산효령로	거매리→효령삼거리
36.156608	128.152929	30	F	1	감문로	개령서부초등학교(상주 방면)
36.156640	128.152921	30	F	1	감문로	개령서부초등학교(김천역 방면)
36.156659	127.394701	60	F	2	복수로	교촌리 83
36.156764	128.349918	50	F	2	선산대로	구미시 고아읍 선산대로(문성리) 구미농수산물도매시장(금오여고 방면)
36.156930	128.430233	30	F	1	신당3로	구미시 산동읍 신당3로(신당리) 골드클래스아파트(산동고등학교 방면)
36.157066	128.352135	50	F	2	선산대로	구미농수산물도매시장(금오여고 방면)
36.157801	128.430054	30	F	1	신당3로	골드클래스아파트(산동고등학교 방면)
36.157919	128.581238	60	F	2	경북대로	가산방면
36.158552	126.691150	60	F	2	대백제로	판교리버스정류장
36.159012	128.260322	30	F	1	한지2길	아포어린이집(구미대학교 방면)
36.159133	128.245503	30	F	1	아포대로	아포초등학교(김천혁신도시 방면)
36.159186	129.092265	40	F	1	새마을로	죽장초등학교(일광리 방면)
36.159190	126.691188	60	F	3	대백제로	판교리 버스승강장 앞
36.159486	128.738567	50	F	1	원산금양길	연계 화전리→연계1리
36.159539	128.738626	50	F	2	원산금양길	화전 연계1리→화전리
36.159690	127.019927	30	F	2	계백로	강경중앙초등학교 앞
36.160370	127.479300	30	F	1	어필각로	금성초등학교 금계분교 앞
36.160556	128.431239	30	F	2	신당4로	구미시 산동읍 신당4로(신당리) 신당초등학교(경운대학교 방면)
36.161075	128.431799	30	F	1	신당4로	신당초등학교(경운대학교 방면)
36.161195	128.431422	30	F	2	인동가산로	신당초등학교(쌍용예가아파트 방면)
36.161285	127.793191	30	F	1	산익길	감고을행복어린이집 (영동소방서→감고을행복어린이집)
36.162013	128.344946	30	F	1	들성로7길	문성초등학교(송림네거리 방면)
36.162160	127.013210	30	F	1	금백로	한산식당 앞 사거리
36.162211	128.344836	30	F	1	들성로7길	구미시 들성로7길(고아읍) 문성초등학교(송림네거리 방면)
36.162264	127.316335	30	F	2	수락로	도산초등학교 건너편
36.162425	128.748153	60	F	2	동부로	파전교→연계1리새마을회관
36.162461	128.455552	80	S	1	낙동대로	국도 25 시점 (도개IC 방면)
36.162461	128.455552	80	E	1	낙동대로	국도 25 종점 (가산IC 방면)
36.163000	126.975900	60	F	1	부흥로	세도영농회사 앞
36.163064	128.454528	80	S	1	낙동대로	구미시 산동읍 낙동대로(인덕리518) 국도 25호 시점(도개IC 방면)
36.163064	128.454528	80	E	2	낙동대로	구미시 산동읍 낙동대로(인덕리518) 국도 25호 종점(가산IC 방면)
36.163216	127.768423	30	F	2	양정죽촌로	으뜸어린이집 (제일장례식장→양정교)
36.163463	127.487752	100	S	1	통영대전고속도로	통영대전고속도로192.3K대전방향 1,2차로시점
36.164654	127.781266	30	F	2	영동황간로	별하늘어린이집 (영동군보건소→영동소방서)
36.164871	127.781266	30	F	1	영동황간로	별하늘어린이집 (영동소방서→영동군보건소)
36.164890	127.016820	30	F	2	금백로	백조아파트 앞
36.164934	126.895948	60	F	2	충절로	(부대초→부성중)
36.165281	128.453897	60	F	1	4공단로	거성빌라(산동초 방면)
36.165417	128.454155	60	F	1	4공단로	구미시 강동로(산동읍) 거성빌라(산동초 방면)
36.166092	128.441461	30	F	1	강동로	구미시 산동읍 강동로(인덕리) 산동초등학교(산동읍행정복지센터 방면)
36.166227	128.441199	30	F	1	강동로	산동초등학교(산동읍행정복지센터 방면)
36.166700	126.962100	30	F	1	부흥로	청포리 마을입구
36.166720	127.767704	30	F	2	학산영동로	부용초등학교(한전영동지사↔영동우체국)
36.166721	128.444545	30	F	2	형곡동로	구미시 산동읍 강동로(인덕리) 산동초등학교(경운대 방면)
36.166721	128.444643	30	F	2	형곡동로	산동초등학교(경운대 방면)
36.167425	127.105983	30	F	1	매죽헌로	은진초등학교 앞
36.168330	127.526010	30	F	2	군북로	군북초등학교 건너편
36.168915	127.042642	70	F	2	계백로	장화3리 버스승강장
36.169600	127.068200	30	F	2	채운로	채운초등학교 앞
36.169750	127.068230	30	F	1	채운로	채운초등학교 앞
36.171185	127.773230	30	F	2	부용동1로	영동유치원 (농협→남성대힐스테이트)
36.171254	127.773106	30	F	1	부용동1로	영동유치원 (남성대힐스테이트→농협)
36.171348	127.094779	30	F	2	탑정로	쌘뽈유치원 앞
36.172593	128.717575	60	F	2	동부로	우보 방면
36.173367	127.778508	30	F	2	계산로 2길	영동초등학교(매천교↔영동세무소)
36.173368	127.774075	30	F	1	4번 국도	(매천교차로 → 부용교차로)
36.173585	128.548113	100	E	1	상주영천고속도로	상주영천고속도로 38.8k 종점(구미시 장천면 오로리)(영천 방면)
36.173853	128.255063	60	F	1	포아로	연지소류지(고아읍 방면)
36.173986	128.717764	30	F	2	읍내길	의흥초교 앞(양방향,의흥초교보호구역, 의흥향교↔의흥행정복지센터)
36.174002	127.773713	30	F	2	4번 국도	(부용교차로 → 매천교차로)
36.174635	128.547881	100	E	1	상주영천고속도로	(구미시 장천면 오로리)(영천 방면)
36.175000	126.946500	30	F	1	세도로	세도초등학교 앞
36.175144	126.946456	30	F	1	세도로	세도초등학교 앞
36.175261	128.255685	60	F	2	감문로	야동버스정류장(아포파출소 방면)
36.176687	128.263769	100	E	2	중부내륙고속도로	(양평→김천)
36.177194	127.473111	80	E	2	금산로	종점
36.177381	127.777070	30	F	2	영산로 4길	이수초등학교(구교사거리↔영동경찰서)
36.177604	128.263649	100	S	1	중부내륙고속도로	(김천→양평)
36.177935	128.117272	30	F	2	이소1길	아천초등학교(어모중 방면)
36.177996	128.117316	30	F	2	어모로	(김천시청 방면)
36.178026	127.770540	60	F	1	4번 국도	금성빌 앞 (영동 → 옥천)
36.178415	127.390657	60	F	1	복수로	복수중학교 전방
36.180056	126.596139	110	S	2	서해안고속도로	서해안고속도로172.4km
36.180978	128.590265	60	F	2	효우로	군위군농업기술센터→간동삼거리
36.182400	126.814500	30	F	1	팔충로	충화초등학교 앞
36.182454	126.814580	30	F	2	팔충로	충화초등학교 앞
36.182500	126.856200	30	F	1	가림로	복금3리노인회관 앞(복금리 57-5, 임천→충화)
36.183736	128.676146	60	F	3	동부로	양방향
36.184779	128.450743	40	F	1	동백로	구미시 산동읍 동백로(동곡리) 비재터널 550m 후 (산동농공단지 방면)
36.184884	128.450828	40	F	1	동백로	비재터널 550m 후 (산동농공단지 방면)
36.185149	128.629422	60	F	1	효우로	호포삼거리→오천보건진료소
36.188207	127.854424	80	F	2	4번 국도	가리교차로 (영동 → 황간)
36.188830	127.013120	30	F	1	금백로	성동주유소 앞
36.188971	127.469563	30	F	1	마전로	대전백반 건너편
36.189172	128.157639	60	F	2	감문로	구야리(덕촌교차로 방면)
36.189605	128.377772	80	E	2	낙동대로	국도 25 종점(도개IC 방면)
36.189605	128.377772	80	S	1	낙동대로	국도 25 시점(가산IC 방면)
36.189840	126.892347	30	F	1	성흥로	임천초등학교 앞
36.189908	126.892110	30	F	2	성흥로	임천초등학교 건너편
36.190162	128.377290	80	E	1	낙동대로	구미시 해평면 낙동대로(해평리207-25) 국도 25호 종점(도개IC 방면)
36.190162	128.377290	80	S	2	낙동대로	구미시 해평면 낙동대로(해평리207-25) 국도 25호 시점(가산IC 방면)
36.190540	127.469010	30	F	2	하마전로	추부초등학교 앞
36.190919	127.090979	30	F	2	시민로	논산중앙초등학교 앞
36.191700	127.932928	30	F	2	49번 지방도	매곡초등학교 (황간농협→매곡면사무소)
36.191847	127.932960	30	F	1	49번 지방도	매곡초등학교 (매곡면사무소→황간농협)
36.192688	128.470382	40	F	2	동백로	구미시 산동읍 동백로(백현리) 토골교(비재터널 방면)
36.192778	128.470483	40	F	1	동백로	토골교(비재터널 방면)
36.193310	126.621264	60	F	1	충서로	용제저수지 앞
36.198869	128.671153	50	F	2	동부로	선곡2리마을입구 건너(보골교→이화교)
36.198921	128.671373	50	F	1	동부로	선곡2리마을입구 앞(이화교→보골교)
36.199076	129.337967	30	F	2	청하로217번길	청하초등학교(필화리 방면)
36.199867	127.087680	30	F	2	시민로	논산부창초등학교 앞
36.200615	127.032341	30	F	1	성동로	성동초등학교 건너편
36.201307	128.160703	30	F	1	개령로	위량초등학교(개령면 방면)
36.201318	128.161356	30	F	2	개령로	위량초등학교(선산 방면)
36.202450	128.390316	30	F	1	강동로	구미시 해평면 강동로(월호리) 해평초등학교(도개IC 방면)
36.202594	128.390501	30	F	2	강동로	해평초등학교(도개IC 방면)
36.203054	129.368318	30	F	2	해안로	월포초등학교(월포역 방면)
36.203522	128.007031	80	F	2	영남대로	광천주유소(구미 방면)
36.203613	129.368033	30	F	2	월포로	월포초등학교(월포해수욕장 방면)
36.204819	127.930925	30	F	3	49번 지방도	내동마을회관 (황간 ↔ 매곡초)
36.205340	127.569980	30	F	1	산꽃로	상곡초등학교 앞
36.206248	128.907567	40	F	2	경북대로	월사영농종합법인앞(영천->청송)
36.206722	126.624972	60	F	2	충서로	주산산업단지 입구
36.206722	127.490500	100	S	2	통영대전고속도로	시점
36.207392	127.267217	30	F	1	대둔로	벌곡초등학교 앞
36.207950	127.194527	70	F	1	계백로	농협하나로마트 앞 교차로
36.208121	128.251279	60	F	1	김선로	(김천 방면)
36.208257	128.251565	60	F	2	김선로	구미시 선산읍 습례리 1053-3 습례2리 마을 입구(김천 방면)
36.210098	127.378334	30	F	2	복수로	신대초등학교 앞
36.210388	127.089340	30	F	1	대화로	놀뫼유치원 앞
36.210475	127.089683	30	F	2	대화로	늘뫼유치원 건너편
36.210555	127.218361	70	F	1	계백로	연산사거리
36.211431	128.328684	30	F	2	관심1길	구미시 고아읍 관심1길(관심리) 고아초등학교(고아119센터 방면)
36.211572	128.328780	30	F	2	관심1길	고아초등학교(고아119센터 방면)
36.211574	126.616157	60	F	2	충서로	창암리 마을입구
36.211604	128.328718	30	F	1	선산대로	고아초등학교(오로사거리 방면)
36.211906	127.088022	50	F	1	강변로	논산대교 코아루아파트 앞
36.212149	127.196007	30	F	2	청동로	청동초등학교 앞
36.212323	127.195970	30	F	1	청동로	청동초등학교 앞
36.212330	127.161400	30	F	2	충곡로	감곡초등학교 앞
36.212405	127.161302	30	F	1	충곡로	감곡초등학교 앞
36.212439	127.090291	30	F	2	강변로	논산대교 코아루아파트 앞
36.212827	127.439599	50	F	1	산내로	대전광역시청 제2 노인전문병원 입구 장원전기소방공사)
36.212841	127.439504	50	F	2	산내로	대전광역시청 제2 노인전문병원 입구
36.212900	127.060400	30	F	2	성동로	원봉초등학교 건너편
36.212963	127.488962	30	F	1	무금로	서대산로 요광교차로(요광리 502, 대전→추부)
36.212980	127.060350	30	F	1	성동로	원봉초등학교 앞
36.213429	127.160805	70	F	1	계백로	외성삼거리
36.213889	127.127167	70	F	1	계백로	마구평 4가
36.213902	127.996019	30	F	2	추풍령로	추풍령초등학교(추풍령역↔관리마을회관)
36.215938	127.055976	30	F	2	성동로	성동어린이집 앞
36.216053	127.055778	30	F	1	성동로	성동어린이집 건너편
36.216400	126.838900	30	F	2	남성로	마정초등학교 앞
36.216520	126.838214	30	F	2	남성로	마정초등학교 앞
36.216700	126.840400	30	F	1	마정로	마정초등학교 건너편
36.216918	127.715106	30	F	2	초강로	초강초등학교(심천중학교↔초강교)
36.217304	128.349842	80	S	1	선상서로	구미시 선산읍 선상서로(원리 1178-1) 국도 33호 시점(선산IC 방면)
36.217304	128.349842	80	E	2	선상서로	구미시 선산읍 선상서로(원리 1178-1) 국도 33호 종점(구포 방면)
36.217554	126.763416	30	F	1	홍산로	홍산초등학교 건너편
36.217745	126.879645	60	F	2	충절로	안현버스정류소 앞
36.217900	126.612652	60	F	1	충서로	창촌마을입구(창암리 437-5, 창암리→대창리)
36.218222	128.349172	80	E	2	선상서로	국도 33 종점(구포 방면)
36.218413	128.349380	80	S	2	선상서로	국도 33 시점(선산IC 방면)
36.218554	127.897657	100	S	2	1번 경부고속도로	(영동 → 옥천)_1,2차로
36.220861	127.937413	80	F	2	4번 국도	광평교차로 (새동네교차로 → 계룡교차로)
36.223500	126.990300	30	F	1	석성로	석성초등학교 앞
36.223523	126.990325	30	F	2	석성로	석성초등학교 앞
36.224800	127.508500	30	F	1	군북로	성대초등학교 앞
36.225409	127.147085	30	F	2	백일헌로	부황리마을입구 건너편(부황리 205-3, 덕평리→부황과선교)
36.225481	127.147124	30	F	1	백일헌로	부황리마을입구 앞(부황리 205-3, 부황과선교→덕평리)
36.226896	128.003651	30	F	3	신안로	지봉리마을회관 (추풍령삼거리 ↔ 신안리)
36.227447	127.911691	30	F	1	49번 지방도	황간초등학교 (황간면사무소→황간교)
36.227664	127.911798	30	F	2	49번 지방도	황간초등학교 (황간교→황간면사무소)
36.228023	127.448859	30	F	1	산내로	산흥초교 앞
36.228590	129.356791	30	F	2	보경로	송라초등학교(광천2리마을회관 방면)
36.228642	129.356707	30	F	1	보경로	송라초등학교(송라파출소 방면)
36.230266	127.055245	110	S	1	천안논산고속도로	천안논산고속도로211.9km
36.231018	127.736807	30	F	2	505번 지방도	(심천리 → 단전리)
36.231092	127.736267	30	F	1	505번 지방도	(단전리 → 심천리)
36.231421	128.065534	30	F	2	작점로	아천초등학교 능치분교장(김천 노인전문요양병원 방면)
36.231812	126.783502	110	E	2	서천공주고속도로	서천공주고속도로3.55k
36.232754	127.084885	60	F	1	장마루로	이사리방앗간 앞
36.233199	128.570803	30	F	1	군청로	군위군보건소→동부사거리
36.233470	128.571181	30	F	2	군청로	동부사거리→군위군보건소
36.233480	128.740543	60	F	1	금성현서로	가음저수지(가음면사무소 방면)
36.233660	129.365436	80	S	1	예영로	국도 7호 시점(영덕 방면)
36.234235	127.228246	70	F	1	계백로	양지서당입구 앞
36.234284	127.723855	30	F	2	심천로	심천초등학교(심천면↔단전리)
36.234389	127.481194	80	S	2	금산로	금산터널 100m 전
36.235875	128.308770	80	S	1	선상서로	국도 33 시점(구포 방면)
36.236007	128.308863	80	E	1	선상서로	국도 33 종점(선산IC 방면)
36.236374	128.311302	80	E	1	선상서로	구미시 선산읍 선상서로(화조리 627-1) 국도 33호 종점(선산IC 방면)
36.236374	128.311302	80	S	2	선상서로	구미시 선산읍 선상서로(화조리 627-1) 국도 33호 시점(구포 방면)
36.237427	128.812668	30	F	2	신감옥산로	춘산초등학교(구미 방면)
36.237461	128.812700	30	F	1	신감옥산로	춘산초등학교(청송 방면)
36.237741	127.742534	50	F	2	505번 지방도	단전사거리
36.237804	127.742843	50	F	1	505번 지방도	단전사거리
36.238444	128.567675	30	F	1	중앙길	군위경찰서→군위읍행정복지센터
36.238471	128.567682	30	F	2	중앙길	군위읍행정복지센터→군위경찰서
36.238667	127.866522	30	F	2	901번 지방도	(용산→황간)
36.238811	127.275798	60	F	2	대둔로	조령리마을 입구(조령리 37-6, 논산→계룡)
36.238925	127.275724	60	F	1	대둔로	조령리마을 입구(조령리 163, 계룡→논산)
36.239115	127.318176	50	F	1	벌곡로	협신통신 앞
36.239185	128.817416	30	F	2	금성현서로	춘산어린이집(춘산면복지회관 방면)
36.239236	127.318298	50	F	2	벌곡로	평촌마을회관 앞
36.240084	126.592368	30	F	1	충서로	웅천초등학교 건너편
36.240131	126.592285	30	F	2	충서로	웅천초등학교 앞
36.240601	128.705714	60	F	1	금성현서로	수정2리마을 앞(의성금성시장 방면)
36.242793	128.300897	30	F	2	선산중앙로	구미시 선산읍 선산중앙로(완전리) 선산초등학교(선산문화회관 방면)
36.242793	128.300781	30	F	2	선산중앙로	선산초등학교(선산문화회관 방면)
36.242964	126.593889	60	F	2	만수로	보문석재 앞
36.243015	127.081550	30	F	2	사계로	광석초등학교 앞
36.243591	127.659607	60	F	2	4번 국도	원동보건진료소 앞 (옥천→영동)
36.244279	128.301635	30	F	2	선주로	선산초등학교(선산대로 방면)
36.244390	128.301570	30	F	1	선주로	구미시 선산읍 선주로(동부리) 선산초등학교(선산대로 방면)
36.245348	128.759375	60	F	2	금성현서로	사미리(사미삼거리 방면)
36.246187	128.901797	60	F	1	청송로	터밭마을 입구(월정리 방면)
36.246204	126.556932	30	F	2	무창포로	관당초등학교
36.246620	126.879614	60	F	2	충절로	장암교차로전
36.247593	127.622366	30	F	2	묘목로	이원초등학교 (이원중학교 → 대흥사거리)
36.247688	127.622162	30	F	1	묘목로	이원초등학교 (대흥사거리→이원초등학교)
36.248933	126.542479	30	F	1	열린바다로	무창포마을 건너편
36.250001	127.633055	80	F	1	4번 국도	이원3R
36.250120	127.374730	30	F	1	복수로	리버트리스쿨 앞
36.250400	126.810100	30	F	1	성충로	구룡초등학교 부근 구룡삼거리 신협 앞
36.250400	126.810900	30	F	2	흥수로	구룡초등학교 부근
36.251200	127.001000	30	F	2	증산로	석양초등학교 앞
36.251281	127.001233	30	F	1	증산로	석양초등학교
36.252800	126.815600	30	F	1	흥수로	구룡초등학교 앞
36.252832	126.815782	30	F	1	흥수로	구룡초등학교 앞
36.254361	128.476021	30	F	2	송백로	송원초교 건너(양방향,송원초교보호구역, 행정복지센터↔서군위IC)
36.254515	127.340284	60	F	1	벌곡로	흑석네거리
36.255211	127.477988	50	F	2	산내로	삼괴동 제2경로당 부근
36.255234	127.478082	50	F	1	산내로	삼괴동 제2경로당 부근
36.255504	126.557807	60	F	2	남포방조제로	월계버스정류장 앞
36.256213	126.542528	60	F	1	열린바다로	용두해수욕장 600m 후(관당리 652-1, 용두해수욕장→수산자원연구소)
36.257200	126.825100	60	F	1	흥수로	먹고개삼거리
36.258104	127.475952	100	E	1	통영대전고속도로	통영대전고속도로203.6K대전방향 1,2차로종점
36.258587	127.261616	30	F	2	대실남북로	근로복지공단 계룡어린이집 건너편
36.260463	126.546264	60	F	1	열린바다로	바다향기소리펜션 앞
36.261400	127.023900	30	F	1	선사로	초촌초등학교 앞
36.261586	127.023390	30	F	2	선사로	초촌초등학교
36.261901	127.844041	100	S	2	1번 경부고속도로	(영동 → 옥천)_3차로
36.262534	128.253548	30	F	2	선상서로	덕촌초등학교(대원저수지 방면)
36.262630	127.827780	30	F	1	514번 지방도	구룡초등학교 (영동IC→황간)
36.262675	128.253647	30	F	1	선상서로	구미시 옥성면 선상서로(덕촌리) 덕촌초등학교(대원저수지 방면)
36.262863	127.827834	30	F	2	514번 지방도	구룡초등학교 (황간→영동IC)
36.263990	127.011279	60	F	2	금백로	초촌삼거리
36.264800	126.845500	30	F	2	흥수로	합송초등학교 앞
36.264943	126.882966	70	F	2	대백제로	부여대교 전
36.264964	126.845986	30	F	1	흥수로	합송초등학교 앞
36.265183	127.377780	80	F	2	대둔산로	(샛고개터널→지량1교)
36.265244	128.434704	60	F	1	도군로	달산2리→달산1리
36.265933	127.231906	70	F	2	계백로	주안레미콘 입구 삼거리(유동리 439, 논산 → 대전)
36.265977	127.231836	70	F	1	계백로	주안레미콘 입구 삼거리(유동리 235-2, 대전 → 논산)
36.266734	126.907960	70	F	1	대백제로	부여교차로
36.267520	129.374194	80	E	1	동해대로	국도 7호 종점(영덕 방면)
36.268600	126.928500	30	F	2	금성로	대왕초등학교
36.268720	126.928538	30	F	1	금성로	대왕초등학교 앞
36.268785	127.214805	30	F	1	번영로	계룡상록어린이집 앞
36.270631	128.416542	100	S	2	상주영천고속도로	(구미시 도개면 다곡리)(영천 방면)
36.270631	128.417283	100	S	2	상주영천고속도로	상주영천고속도로 21.8k 시점(구미시 도개면 다곡리)(영천 방면)
36.270744	127.273454	70	F	1	계백로	두계2교 삼거리
36.270848	127.586848	60	S	1	4번 국도	(옥천→영동)
36.271000	126.964600	70	F	1	대백제로	염창교차로
36.271302	127.345905	60	F	1	벌곡로	상보안교 후
36.271390	126.566470	30	F	1	월전로	월전초등학교 앞
36.271630	127.400907	60	F	2	산서로	산서초 입구 목달동 정류장 앞
36.271646	127.605003	60	E	2	4번 국도	(옥천 → 영동)
36.271665	127.401020	60	F	2	산서로	목달동 정류장 앞
36.271900	126.865300	60	F	1	흥수로	백제중학교 건너편
36.271927	128.576054	80	F	1	경북대로	군위생활체육공원→의성IC
36.272581	127.472601	60	F	2	한밭대로	남대전IC 앞 네거리
36.272582	127.472600	80	F	1	대전로	남대전IC 앞 네거리
36.272954	128.539494	60	F	1	도군로	군위 대흥리→구니CC
36.272963	128.539521	60	F	2	도군로	소보 구니CC→대흥리
36.273501	127.268416	70	F	2	계백로	두마교차로
36.274300	126.880600	30	F	1	충절로	규암초등학교
36.274400	126.880400	30	F	2	충절로	규암초등학교
36.274400	126.881400	30	F	1	계백로	규암초등학교
36.274951	129.028751	60	F	1	새마을로	거성리버스정류장(도평삼거리 방면)
36.275200	126.903700	50	F	1	성왕로	농어촌공사 부여지사 앞
36.275237	128.895597	30	F	2	녹전로	(구산사거리 방면)
36.275254	128.893521	40	F	1	참별로	구산사거리 전(영천방면)
36.275321	128.895568	30	F	1	구산동로	(현서파출소 방면)
36.275500	126.879500	30	F	2	계백로	규암초등학교 앞
36.275514	126.787679	70	F	2	대숲길	운치교차로전
36.275912	127.810378	30	F	2	514번 지방도	용산어린이집 (옥천→영동IC)
36.275985	127.348152	60	F	1	벌곡로	상보안교 전
36.276000	126.901400	50	F	2	계백로	건양대 부여병원 앞
36.276027	126.906341	30	F	2	계백로	궁남초등학교 건너편
36.276033	127.810056	30	F	1	514번 지방도	용산어린이집 (영동IC→옥천)
36.276094	126.915572	50	F	2	성왕로	한전 부여지사 앞
36.276165	126.906293	30	F	1	계백로	궁남초등학교 앞
36.276215	126.915448	30	F	2	계백로	백제초등학교 앞 횡단보도
36.276300	126.937500	50	F	1	왕릉로	가탑사 앞
36.276429	127.122618	30	F	1	노성로	노성초등학교 앞
36.276458	127.122677	30	F	1	노성로	노성초등학교 앞
36.276733	126.627304	60	F	1	만수로	유일조경 앞
36.276837	126.627283	60	F	2	만수로	유일조경 건너편
36.278489	127.580792	30	F	1	서대구일로	군남초등학교 (서대리→옥천로)
36.279263	127.468713	30	F	2	산내로	산내초교 정문 앞
36.279709	127.256202	70	F	1	계백로	남선초 입구 삼거리 송정2통 정류장 앞
36.279882	127.470211	30	F	2	곤룡로	산내초교 후문 앞
36.280332	127.677115	100	E	2	1번 경부고속도로	(영동 → 옥천)
36.280400	126.778600	30	F	2	성충로	내산초등학교 앞
36.280854	128.352701	50	F	2	선산대로	구미시 도개면 선산대로(신림리) 신림버스정류장(신림리사무소방면)
36.280854	128.352372	50	F	2	선산대로	신림버스정류장(신림리사무소방면)
36.281336	127.236277	30	F	2	번영3길	신도초등학교 앞
36.281357	126.908703	40	F	2	성왕로	(성왕로터리→백강교차로)
36.281472	127.793518	60	F	1	514번 지방도	성화산업 앞 (용산 → 심천)
36.281507	128.354379	30	F	2	선산대로	구미시 도개면 도군로(신림리) 신림리사무소 100m전(도개교차로 방면)
36.281512	126.908731	40	F	1	성왕로	(서천→보령)
36.281626	126.778169	30	F	1	성충로	내산초등학교 앞
36.281800	126.920900	50	F	1	계백로	동남교회 앞
36.281996	129.374328	80	F	2	동해대로	장사교차로
36.282037	128.354404	30	F	1	선산대로	신림리사무소 100m전(도개교차로 방면)
36.282381	127.376066	70	F	2	대둔산로	안영IC 앞
36.283047	129.373388	30	F	1	진불길	남정초등학교(포항 방면)
36.283200	126.873900	60	F	2	충절로	라복교 앞
36.283200	126.874000	60	F	1	충절로	라복리버스정류장 앞(나복리 140-6, 규암→운산)
36.283300	126.915100	40	F	1	부소로	부소산정문 주차장 앞
36.283300	126.917200	40	F	2	성왕로	기아자동차부여지점 앞
36.284105	126.913802	30	F	2	부소로	부여선교유치원 앞
36.284211	126.913789	30	F	1	부소로	부여선교유치원 건너편
36.284400	129.372633	30	F	2	진불길	남정초등학교(영덕군청 방면)
36.284567	126.923193	30	F	2	월함로	부여초등학교 앞
36.284700	126.923000	30	F	1	월함로	부여초등학교 앞
36.285071	127.381847	30	F	1	뿌리공원로	한국효문화 진흥원 앞
36.285075	127.381338	30	F	2	뿌리공원로	한국효문화 진흥원 앞
36.285093	128.954276	60	F	1	대야로	남청송농협산지유통센터(현동면방면)
36.285348	127.620092	30	F	2	501번 지방도	동이초등학교 (동이농공단지 → 구일농공단지)
36.285400	126.922600	30	F	2	부소로	부여초등학교 정문 앞
36.285564	127.619925	30	F	1	501번 지방도	동이초등학교 (구일농공단지 → 동이농공단지)
36.285841	128.115624	30	F	1	영순로	공성농공단지 복지회관(공성면행정복지센터 방면)
36.285941	128.115227	30	F	2	상무로	공성농공단지 복지회관(선산IC 방면)
36.286048	127.465264	30	F	2	산내로	낭월동 제2경로당 부근 오투그란데 정문 앞
36.286229	128.624083	50	F	1	서부로	장대교(의성소방서 방면)
36.286241	128.621874	50	F	2	조문로	장대보건진료소(금성면 방면)
36.286300	126.923300	30	F	2	월함로	부여초등학교 앞
36.286594	127.238438	30	F	2	번영3길	엄사초등학교 건너편
36.286758	126.770152	70	F	1	성충로	저동교 앞
36.287154	127.943670	30	F	1	중화로	수봉1리마을회관(중모초등학교 방면)
36.288200	126.729400	70	F	2	성충로	지티교차로부근
36.288423	128.033097	60	F	1	웅산로	우하리마을(공성면행정복지센터 방면)
36.288471	128.096441	30	F	2	남상주로	옥산초등학교(공성우체국 방면)
36.289145	126.840231	110	S	1	서천공주고속도로	서천공주고속도로30.2K공주방향 1,2차로시점
36.289251	126.675347	30	F	1	판미로	미산초등학교
36.289300	126.859809	70	F	2	은암로	(부여TG→라복교차로)
36.289781	129.019837	30	F	1	청송로	도평초등학교(영덕 방면)
36.290417	126.884361	60	F	2	왕흥로	(규암종합운동장→신리사거리)
36.291909	126.582101	60	F	1	월전로	달산리 755
36.292126	126.937418	50	F	2	백제문화로	용정리회관 앞
36.292608	129.018472	30	F	2	안현로	현동어린이집(안동 방면)
36.292900	127.141900	30	F	2	백일헌로	상월초등학교 앞
36.293035	129.376864	60	F	1	동해대로	경운대학교연수원(포항 방면)
36.293570	127.141890	30	F	1	백일헌로	상월초등학교 앞
36.293884	128.573331	60	F	2	서부로	도원1리 입구(의성->군위)
36.294083	127.585389	60	F	2	동부로	옥천마트 앞
36.294813	127.389663	50	F	1	산서로	상당정류장 앞
36.295172	127.340562	30	F	1	관저남로	선유초교 정문 앞
36.295226	127.362248	30	F	2	괴곡길	수미초교 앞
36.295258	127.340723	30	F	1	관저남로	선유초 앞
36.295390	127.361006	30	F	1	정림서로	수미초교 정문 앞
36.296149	127.579225	30	F	2	장야4길	장야초등학교 (이안아파트→문정주공2단지)
36.296400	126.893700	30	F	2	백제문로	백강초등학교 앞
36.296430	127.320349	30	F	1	진잠로42번길	진잠타운 2단지 입구
36.296500	127.078000	30	F	1	장마루로	노성농협 인근
36.296600	126.893800	30	F	1	백제문로	백강초등학교 앞
36.296866	126.602317	70	F	2	충서로	옥서리 213-13
36.297048	127.320070	30	F	2	진잠로42번길	천사어린이집 부근 진잠타운 1단지 입구
36.297628	127.165759	60	F	1	선비로	대명초등학교 앞
36.297881	127.244754	30	F	2	신도안길	용남초등학교 앞
36.297910	128.578576	30	F	1	장산로	도리원버스터미널(도리원초등학교 방면)
36.298743	127.558760	30	F	1	양수로	향나라어린이집 (옥천읍내→양수리마을회관)
36.298751	127.559238	30	F	2	양수로	향나라어린이집 (양수리마을회관→옥천읍내)
36.299340	127.242965	30	F	1	신도안1길	용남초등학교 앞
36.299420	128.578489	30	F	2	도리원3길	도리원초등학교(봉양파출소 방면)
36.300235	127.341886	30	F	2	관저동로90번길	꼬꼬마요정어린이집 부근 관저리슈빌 정문
36.300284	126.705970	30	F	2	만수로	부여에덴어린이집 건너편
36.300305	126.867277	60	F	1	충절로	버스정류장 앞
36.300373	126.610934	60	F	1	충서로	옥서리 206
36.300494	127.327736	60	F	2	관저로	구봉마을 507동 앞
36.300791	127.367061	40	F	1	정림로	정림우체국앞 삼거리
36.301583	127.456466	30	F	2	대전로	은어송초 맞은편
36.301674	127.447980	30	F	1	모암로	옥계초교 정문 앞
36.301842	127.352819	30	F	2	벌곡로1353번길	가수원초교네거리
36.301860	127.353131	30	F	1	벌곡로1353번길	가수원초교네거리
36.301890	126.926290	60	F	2	북포로	정동2교차로
36.301916	127.959896	30	F	1	중화로	중모초등학교(신천2리마을회관 방면)
36.302139	126.926389	60	F	1	백제문로	정동2교차로
36.302674	126.588102	110	F	2	서해안고속도로	서해안선 목포방향 189.7k
36.303239	127.457013	30	F	2	동구청로	(은어송초교→은어송7단지)
36.303248	127.457046	30	F	1	은어송로52번길	(은어송7단지→은어송초교)
36.303758	127.345723	30	F	1	계백로	가원학교 후문 앞
36.303805	126.585360	30	F	2	삼현소송길	보령시청 후문
36.304597	127.344940	30	F	1	계백로	가원학교 정문 앞
36.304733	127.571587	30	F	2	중앙로	소화어린이집 (통계청사거리 → 향수공원오거리)
36.304755	127.560861	30	F	2	가화4길	향수어린이집 (향수어린이집→다산금빛아파트)
36.304808	127.560713	30	F	1	가화4길	향수어린이집 (다산금빛아파트→향수어린이집)
36.304860	127.345385	30	F	1	계백로	가원학교 후문 앞
36.305000	127.317515	30	F	2	진잠로149번길	교촌초교 옆 한승미메이드 2단지 정문 앞
36.305046	126.608352	30	F	1	충서로	남포초등학교 앞
36.305157	128.587067	60	F	1	경북대로	온천삼거리(의성IC 방면)
36.305383	127.397549	50	F	1	보문산로	동양맨션 앞
36.305693	127.373149	30	F	1	복수서로	자이아파트 109동 맞은편
36.305753	126.613911	70	F	1	충서로	(송학1리→고정2리)
36.305777	127.319861	60	F	1	유성대로	한승미메이드(아) 202동 앞
36.305778	127.319861	50	F	2	진잠로149번길	한승미메이드 202동 앞
36.305911	127.390253	30	F	1	산성로	풍년떡집 앞 횡단보도
36.306083	127.549055	80	F	2	37번 국도	월전교차로 앞
36.306210	126.653710	30	F	1	성주산로	개화초등학교 앞
36.306438	127.451477	30	F	2	대전로	가오목욕탕 앞
36.306500	126.653670	30	F	2	성주산로	개화초등학교 건너편
36.306516	127.451815	30	F	1	대전로	천동파출소
36.306546	127.401529	30	F	1	송리로	대문초 입구 극동 101동 옆
36.306637	127.396969	30	F	1	보문산로177번안길	보성초 후문 앞
36.306659	127.401384	30	F	1	송리로	대문초 정문 앞 네거리
36.306697	127.401502	30	F	2	송리로	대문초 입구 극동(아) 101동 옆
36.306741	127.397146	30	F	1	보문산로	보성초 후문 앞
36.306753	127.962214	50	F	1	중화로	이동리(모동초등학교 방면)
36.306900	126.957500	30	F	1	삼충로	송간초등학교 앞
36.307110	127.962010	50	F	1	중화로	서상주농협 산지유통센터 인근
36.307208	127.375152	30	F	2	복수중로	복수초 입구
36.307212	127.401545	30	F	2	송리로	대문초 정문 앞 네거리
36.307332	126.957133	30	F	2	삼충로	송간초등학교 앞
36.307387	127.376599	30	F	2	복수동로 34번길	복수초교 정문 앞
36.307568	127.870660	60	F	1	상풍로	정산보건소(양방향)
36.307610	127.870720	60	F	1	백화로	모서면 정산리 앞
36.308314	127.375034	30	F	2	복수중로	복수초 입구
36.308547	128.800840	30	F	2	양지실업길	달빛공원(남대천 방면)
36.309525	127.336909	30	F	2	관저북로	원앙초 입구 원앙 107동옆
36.309525	127.336909	30	F	1	관저북로	원앙초 입구 원앙(아) 107동옆
36.309941	127.410738	50	F	1	보문산로	한밭도서관 뒤
36.310056	127.347102	30	F	2	원도안로	도솔초교 앞
36.310194	127.411389	50	F	2	보문산로	홍성자원 앞
36.310260	127.347257	30	F	1	원도안로	도솔초교 앞
36.310818	128.279359	60	F	2	울진북로	(구미->상주)
36.310818	127.459367	30	F	2	신기로	가오초교 후문 입구
36.310999	127.410466	30	F	2	과례로	다밀어린이집 부근 용정빌라 맞은편
36.311195	127.410755	30	F	1	과례로	다밀어린이집 부근 용정빌라 앞
36.311457	128.279157	60	F	2	울진북로	구미시 옥성면 선상동로 농소2리 마을 앞(구미->상주)
36.311664	127.261094	50	F	1	남선세동로	(계룡→대전)
36.312719	127.421388	30	F	1	보문산공원로	대사동경로당 앞
36.312800	127.058700	30	F	2	만마름길	안영리 686
36.312810	127.421222	30	F	2	보문산공원로	대사동경로당 앞
36.312814	128.615976	80	F	2	서부로	문흥졸음쉼터500m전(의성방면)
36.312908	129.097435	30	F	1	부남로	부남초등학교(구천삼거리 방면)
36.313147	127.556797	60	F	2	4번 국도	서정리입구 (옥천→대전)
36.313400	126.855700	30	F	1	충의로	은산초등학교 앞
36.313500	126.855600	30	F	2	충의로	은산초등학교 앞
36.314586	127.322822	30	F	2	대정로28번길	대정초 앞
36.314634	126.602040	60	F	2	보령남로	보령종합체육관 앞
36.314634	127.431108	30	F	1	대종로	보운초교 입구 삼거리
36.314682	127.431484	30	F	2	대종로315번길	보운초교 입구 삼거리
36.314800	126.715800	30	F	1	만수로	외산초등학교 앞
36.315028	126.716545	30	F	2	만수로	외산초등학교 앞
36.315723	127.376327	30	F	2	제비네1길	유천초 뒤 네거리
36.315896	127.456236	30	F	2	동구청로203번길	천사유치원 앞 네거리
36.316120	126.515980	70	S	1	대천항로	시점
36.316532	127.386460	50	F	2	계백로	유등교 앞
36.316673	128.114549	80	S	1	경상대로	남상주IC 방면 시점
36.316722	127.961264	30	F	1	백화로	모동초등학교(중모초등학교 방면)
36.316729	128.114339	80	E	1	경상대로	가천리(김천 방면)
36.316787	127.585325	30	F	1	향수길	개나리어린이집 (육영수생가→정지용생가)
36.316829	127.961237	30	F	2	중화로	모동초등학교(모서터미널 방면)
36.316847	127.585496	30	F	2	향수길	개나리어린이집 (정지용생가→육영수생가)
36.316894	126.941918	60	F	1	북포로	백제보전망대 앞(자왕리 531-17, 공주→부여)
36.317055	127.434697	30	F	2	문창로	문창초교 옆 네거리
36.317128	127.444648	30	F	1	천동초등동길	천동초교 앞
36.317600	126.539800	30	F	2	대해로	청룡초등학교
36.318995	127.456672	40	F	1	동부로	어르신복지관 앞 삼거리
36.319168	127.382088	30	F	2	조달청길	명화유치원 앞
36.319311	127.381938	30	F	1	조달청길	명화유치원 앞
36.319328	127.456670	40	F	2	동부로	어르신복지관 앞 삼거리
36.319381	126.841508	60	F	1	충절로	홍산교차로
36.319527	127.449138	50	F	1	옥천로	신흥역 앞
36.319925	126.510810	70	E	2	대천항로	종점
36.320149	127.263905	80	F	1	백운로	계룡터널 입구
36.320707	127.398970	30	F	1	계백로1615번길	원평초교 정문 옆 현대헬스 앞
36.321000	127.445443	50	F	2	옥천로	신흥마을104동 앞
36.322604	127.398386	30	F	1	평촌로	원평초 입구 네거리 )
36.322808	127.398327	30	F	1	평촌로	원평초 입구 네거리
36.323800	126.827200	60	F	2	충절로	검산마을입구전
36.325004	128.158739	60	F	1	수선로	청상리 버스정류장(청상저수지 방면)
36.325328	126.602561	50	F	2	보령남로	보령남로 24 앞
36.325688	126.556426	70	F	1	대해로	요암마을 버스정류장 앞(해수욕장→대천IC)
36.325750	126.602555	50	F	2	보령남로	보령판넬
36.325811	127.386208	30	F	2	중반5길	변동초 뒤 삼거리
36.325989	127.386224	30	F	1	중반5길	변동초 뒤 삼거리
36.326243	127.373929	30	F	1	도솔로	피피쿠스 유치원 앞
36.326297	127.137344	30	F	1	영규대사로	하마루사거리
36.326965	127.374058	30	F	2	도솔로	유등노인복지관 앞
36.327073	127.426645	50	F	2	대종로	소화유치원 부근 대전가톨릭문화회관 앞
36.327078	127.461788	40	F	1	새울로	용운초교 입구 버스정류장 맞은편
36.327548	126.815005	60	F	1	충절로	아빠학교엄마교실박물관 인근
36.328188	127.445684	30	F	2	용운로	용방마을주공3단지
36.328255	127.454260	30	F	2	계족로	대룡초교 부근 이마트 에브리데이 앞
36.328260	126.559607	70	F	1	대해로	대천산업단지 앞
36.328305	127.466527	50	F	2	동부로	복음타운(아) 앞
36.328491	127.445415	30	F	1	용운로	대동역5
36.328750	126.651810	50	F	2	성주산로	성주산휴양림 입구
36.330000	127.127700	80	E	2	차령로	월곡리 383-3(공주→논산) 1,2차로 종점
36.330000	127.127700	80	S	1	차령로	199-4(논산→공주) 1,2차로 시점
36.330021	127.416871	30	F	2	선화서로	국민체육센터 앞 네거리
36.330036	127.401699	30	F	1	오류로	평화가득함 주간보호센터 입구
36.330124	127.401899	30	F	2	오류로	평화가득함 주간보호센터 입구
36.330215	127.391144	50	F	2	유등로	대전풋살경기장 앞
36.330440	126.796452	60	F	2	충절로	조령마을입구
36.330738	127.463477	30	F	1	새울로	참사랑 어린이집 부근 에코포레 101동 앞
36.330747	127.463402	30	F	2	새울로	참사랑 어린이집 부근 에코포레 101동 맞은편
36.331430	127.416271	30	F	1	선화서로	해모로더센트라 앞
36.331455	127.388671	30	F	2	가장로	가장초 앞
36.331455	127.388671	30	F	1	가장로	가장초 앞
36.332103	126.999687	80	F	1	백제문화로	분강교차로
36.332328	127.377759	30	F	1	도솔로	내동초교 부근 내동빌라 앞
36.332335	127.351237	50	F	1	동서대로	도안대교 후
36.332506	127.378124	30	F	1	도솔로	내동초교 부근 내동빌라 앞
36.332579	126.612992	50	F	1	성주산로	(예산동학혁명기념공원→간양교차로)
36.334061	127.312437	30	F	1	진잠옛로	학하초 앞
36.334200	127.312592	30	F	2	진잠옛로	학하초교 정문 옆
36.334200	127.393778	30	F	2	용문로	새싹어린이집 부근 바른정육점 앞
36.334679	127.393402	30	F	1	용문로	새싹어린이집 부근 이마트 앞
36.334992	126.594221	70	F	1	명해로	보령에너지센터 건너편(내향동 9-11, 명천회전교차로→터미널사거리)
36.335728	127.902663	30	F	2	백화로	득수2리경로당(영동IC 방면)
36.336388	127.463638	60	F	1	대학로	대전대학교 동문 앞
36.336389	127.463639	50	F	2	대학로	대전대학교 동문 앞
36.336427	128.495568	30	F	2	도리원1길	비안초등학교(비안면행정복지센터 방면)
36.336788	127.410375	30	F	2	목중로	보물섬 어린이집 부근 한국자유총연맹 입구 앞
36.336917	127.366639	50	F	2	신갈마로	외국어고 앞
36.337500	126.577917	70	F	2	대해로	대천여상 건너편
36.337806	126.569556	110	S	1	서해안고속도로	서해안고속도로194.4Km
36.338126	126.610489	30	F	1	주공로	명천초등학교
36.338322	127.429617	50	F	1	대전로	삼성초교 앞 삼성네거리
36.338688	129.067615	60	F	1	부남로	대전리(청송군청 방면)
36.338916	127.489972	50	F	2	옥천로	세천2교 앞
36.338966	127.386096	30	F	2	도산로341번길	백운초 입구
36.339130	127.385972	30	F	2	도솔로	백운초교 입구
36.339320	126.610170	30	F	1	주공로	명천초등학교 앞
36.339625	127.773604	30	F	2	505번 지방도	청산어린이집 (산계리 → 하서리)
36.339699	126.618065	40	F	1	한내로	대명중학교 앞
36.340089	127.421946	30	F	1	태전로	동서초교 입구 네거리
36.340380	127.350619	50	F	2	원신흥로	도솔대교 앞
36.340504	127.422788	30	F	1	동서대로1520번길	(한밭자이후문→동서초)
36.340604	127.386171	30	F	2	용문로	백운초교 옆 롯데빌리지 앞
36.340612	127.442149	30	F	2	가양로	(동부소방서4→다솜요양병원)
36.340621	127.350475	50	F	1	원신흥로	도솔대교 앞
36.340625	127.422633	30	F	2	동서대로	동서초교 후문 앞
36.340824	127.366682	50	F	2	신갈마로	갈마도서관 앞
36.340844	127.386014	30	F	1	용문로	백운초교 부근 뜰에빌 옆
36.341022	126.653241	30	F	1	심원계곡로	성주초등학교
36.341041	127.410586	30	F	1	대종로	중촌초교 앞
36.341350	126.600360	30	F	2	보령남로	한내초등학교 앞
36.341394	127.302926	30	F	2	학하남로	계산초교부근 오투그란데미학201동앞 네거리
36.341408	127.420095	30	F	2	태전로	현암초교 뒤 다송실버케어 맞은편
36.341485	127.420240	30	F	1	태전로	현암초교 뒤 다송실버케어 앞
36.341635	127.302866	30	F	1	학하남로	계산초교 부근 오투그란데미학 201동 앞 네거리
36.341760	127.385001	30	F	1	계룡로562번길	서대전어린이집 앞
36.342029	126.596130	30	F	1	현충탑1길	꼬마숲별샘어린이집 건너편
36.342046	127.960971	30	F	1	백화로	모서초등학교(모서우체국 방면)
36.342175	129.381232	80	F	2	동해대로	오션뷰골프장 부근
36.342200	127.961607	30	F	2	화령로	모서초등학교(백화새마을금고 방면)
36.342449	127.301204	30	F	2	학하서로	계산초교 부근 화수분평생교육원 앞 삼거리
36.342648	127.378759	50	F	1	계룡로500번길	둔산자이아이파크 정문 앞
36.342760	127.344371	30	F	2	봉명로	마키루키꿈샘유치원 앞
36.342956	127.344117	30	F	2	봉명로	마키루키꿈샘유치원 맞은편 투썸플레이스 앞
36.343024	127.378752	50	F	2	계룡로500번길	둔산자이아이파크 건너편
36.343840	127.387520	30	F	1	계룡로571번길	은새유치원 앞
36.343849	127.447878	30	F	1	동대전로248번길	흥룡초교 정문 입구
36.343879	127.424239	30	F	2	옛산탄진로	솔로몬어린이집 앞
36.343887	127.424167	30	F	2	옛산탄진로	솔로몬어린이집 앞
36.344285	127.375056	50	F	2	대덕대로	큰마을아파트 113동 앞
36.344909	126.898713	30	F	1	충의로	장평초등학교 앞
36.344910	126.898610	30	F	1	충의로	장평초등학교 건너편
36.345001	127.369570	50	F	1	갈마로	태정하이빌 앞
36.345088	126.898756	30	F	2	충의로	장평초등학교 앞
36.345193	127.335472	30	F	2	상대로	하은유치원 옆
36.345400	127.793180	30	F	2	지전로	청산초등학교 (청산삼거리→지전삼거리)
36.345520	126.549380	60	F	2	해안로	보령노을점 앞
36.345810	126.549688	60	F	2	해안로	남곡동 이마트24인근(남곡동 847-8, 대천항→통계청)
36.346067	127.454859	30	F	1	충정로	동대전중학교 정문 입구
36.346077	127.454808	30	F	2	충정로	동대전중학교 정문 입구
36.346139	127.340111	50	F	2	도안대로	세우프라자 앞
36.346157	127.366832	30	F	2	신갈마로141번길	봉산초교 앞
36.347284	127.440245	30	F	2	합내로	대전장애인가족지원센터 맞은편
36.347435	127.440378	30	F	1	합내로	대전장애인가족지원센터 앞
36.347540	126.617870	30	F	2	동현로	아이꿈터어린이집 앞
36.347565	127.792198	30	F	2	지전1길	청산초등학교 (청산노인복지관→백운리회관)
36.347634	127.335692	30	F	1	월드컵대로	상대초교 정문 앞
36.347703	127.444047	50	F	2	동대전로	목양장로교회 앞
36.348049	127.444003	50	F	1	동대전로	목양장로교회 앞
36.348053	127.412911	30	F	1	한남로150번길	동도초교 앞
36.348109	127.412762	30	F	2	한남로150번길	동도초교 앞
36.348444	127.335222	50	F	2	월드컵대로	상대초교 앞
36.348638	127.335277	30	F	1	월드컵대로	상대초교 앞(유성고)
36.348728	128.671682	60	F	1	경북대로	원당1리 200m 전(의성->군위)
36.348796	127.421565	30	F	2	한남로67번길	동산초교 앞
36.348917	127.380544	30	F	2	둔산남로	둔산초교 부근 녹원아파트 상가 앞
36.349238	127.421193	30	F	1	동산초교로63번길	동산초교 앞
36.349370	127.416967	40	F	2	한남로	새말 어린이공원 맞은편
36.349597	126.570618	60	F	1	해안로	통계청 앞(내항동 1090-2, 보령종합터미널→대천항)
36.349691	127.473579	60	S	2	신상로	비룡교차로
36.350304	127.450179	30	F	1	흥룡로	동대전초교 입구 삼거리
36.350697	128.709500	40	F	1	의성사곡로	애향어린이집(의성군청 방면)
36.350974	128.707830	40	F	1	군청로	애향어린이집(사곡면 방면)
36.351071	126.653500	30	F	2	청서로	성주4리마을입구 앞(성주리 265-94, 청라터널→먹방삼거리)
36.351082	127.432439	50	F	1	계족로	신진크로바맨션 맞은편
36.351218	127.395519	30	F	2	둔산로	문정네거리
36.351340	126.609590	30	F	2	동현로	우주어린이집 앞
36.351410	126.609650	30	F	1	동현로	대하어린이집 앞
36.351678	127.432181	50	F	2	계족로	국토관리청 앞
36.351859	126.618930	40	F	1	동현로	이편한세상아파트 앞
36.351864	128.696413	30	F	1	군청길	의성초등학교(의성역 방면)
36.351888	127.432361	50	F	1	계족로	국토관리청 앞
36.351954	127.472415	60	E	1	신상로	비룡교차로 200m 후
36.352100	128.696725	30	F	2	군청길	의성초등학교(의성초정문 방면)
36.352139	126.607861	50	F	2	대청로	신설사거리
36.352215	128.696211	30	F	2	군청길	의성초등학교(의성중학교 방면)
36.352335	127.408481	30	F	2	오정로75번길	노촌경로당 옆 횡단보도
36.352401	127.408746	30	F	1	오정로	노촌경로당 옆
36.352404	127.515657	60	E	1	신상로	안아감마을 입구
36.353445	127.320102	30	F	2	박산로	정원어린이집 맞은편
36.353458	127.517631	60	S	1	신상로	안아감마을 입구 300m 전
36.353475	127.338867	30	F	1	계룡로74번길	유성어린이집 부근 온천1동 행정복지센터 앞
36.353562	127.320113	30	F	1	박산로	정원어린이집 앞
36.353760	128.699140	40	F	2	문소1길	(의성고등학교 방면)
36.353809	126.557729	60	F	1	대천방조제로	보령시시설관리공단 앞
36.353861	126.557944	60	F	2	대천방제로	시설관리공단 앞
36.354331	129.379683	60	F	1	동해대로	강구중학교 앞
36.354603	126.590995	40	F	2	보령북로	한국중부발전 부근
36.354873	126.590789	40	F	1	보령북로	한국중부발전 앞(신평사거리→관촌교차로)
36.354998	128.141029	80	S	2	경상대로	국도 3 시점(김천 방면)
36.355200	128.234205	100	S	2	중부내륙고속도로	(양평→김천)
36.355307	127.673301	30	F	2	연주길	안남초등학교 (연주리→청정리)
36.355311	127.427595	30	F	1	홍도로	용전초교 입구 삼거리
36.355320	127.673108	30	F	1	연주길	안남초등학교 (청정리→연주리)
36.355386	128.141671	80	E	2	경상대로	국도 3 종점(남상주IC 방면)
36.355520	128.234430	100	S	1	중부내륙고속도로	(양평→김천)
36.355535	127.429163	30	F	2	계족로489번길	용전초교 부근 한숲114동 옆
36.355646	127.429154	30	F	2	계족로489번길	용전초교 부근 한숲114동 옆
36.355683	127.368516	30	F	2	월평동로	갈마초 옆 월평중 삼거리
36.355728	127.406367	50	F	2	오정로	한빛수산 앞
36.355822	127.399906	30	F	1	둔산북로	삼천초교 부근 국화동성101동 앞
36.356125	127.365156	40	F	2	월평로	하이캠 유치원 입구 GS25시 앞
36.356281	127.412355	30	F	1	한밭대로1024번길	화정초교 정문 앞
36.356443	128.426025	50	F	1	소보안계로	내산2리마을(구천초등학교 방면)
36.356509	128.695783	30	F	2	홍술로	충애어린이집(군위 방면)
36.356525	127.411979	30	F	1	한밭대로	화정초교 정문 앞
36.356525	127.411979	30	F	1	한밭대로1024번길	화정초교 앞
36.357274	128.235967	100	E	1	중부내륙고속도로	(상주시 낙동면 유곡리)(김천->양평)
36.357322	128.235892	100	E	1	중부내륙고속도로	(상주시 낙동면 유곡리)(김천->양평)
36.357800	126.583900	30	F	1	대관초등길	대관초등학교 앞
36.358139	126.606979	30	F	1	대천로	포키즈주니어어린이집 앞
36.358383	126.541673	60	F	1	대천방조제로	(보령시시설관리공단→송학항)
36.358582	127.422171	50	F	2	한밭대로	아우디 대전전시장 앞
36.358642	127.395387	30	F	1	청사로	서원초 앞 수정 2동 옆
36.360050	127.452400	30	F	2	우암동로	푸른유치원 앞
36.360059	127.452443	30	F	2	우암동로	푸른유치원 부근 우리교회 앞
36.360194	127.350583	50	F	1	한밭대로	은골어린이공원 앞
36.360348	127.417484	30	F	2	옛신탄진로	대화동고개 정류장 앞
36.360409	127.417488	30	F	2	옛신탄진로	대화동고개 정류장 앞
36.360776	127.427547	30	F	1	중리남로	중리동 행정복지센터 옆
36.360844	127.446263	50	F	2	동춘당로15번길	서오101동 뒤
36.360911	126.791903	30	F	1	충절로	온직3리 마을회관 앞
36.360914	127.427418	30	F	2	중리남로	중리동 행정복지센터 100m 전
36.361079	127.451166	30	F	2	우암로492번길	비래초교 앞
36.361182	127.450469	30	F	1	우암로492번길	비래초교 앞
36.361603	127.271572	70	S	1	현충원로	공주시 반포면 현충원로 1,2차로시점
36.361636	127.440705	30	F	2	송촌로	대양초교 앞
36.361636	127.440706	30	F	1	송촌로	대양초교 앞
36.361666	127.440760	30	F	1	송촌로	대양초교 앞
36.361758	127.271712	70	E	2	현충원로	공주시 반포면 현충원로 1,2차로종점
36.361963	127.270429	70	E	2	현충원로	공주시 반포면 현충원로 3차로종점
36.362085	127.252382	30	F	2	계룡대로	학봉초등학교 건너편
36.362164	127.270477	70	S	1	현충원로	공주시 반포면 현충원로 3차로시점
36.362344	127.371360	30	F	1	월평북로	성천초교 부근 대전만나성결교회 앞
36.362514	126.608406	30	F	2	대고로	제일유치원 건너편
36.362731	126.608337	30	F	1	대고로	제일유치원 앞
36.363070	127.430883	50	F	2	계족로	현대빌딩 앞
36.363190	126.438430	70	S	2	원산대로	시점
36.363190	126.438430	70	E	1	원산대로	종점
36.363357	128.149315	30	F	2	왕산로	상주남부초등학교(축협가축시장 방면)
36.363385	128.149286	30	F	2	인동36길	상주남부초등학교(청리역 방면)
36.363550	127.366601	60	F	2	갑천도시고속도로	다모아아파트111동 맞은편
36.363938	128.100506	30	F	1	문필로	외남초등학교(외남우체국 방면)
36.363995	128.100559	30	F	1	영남제일로	외남초등학교(소은보건진료소 방면)
36.364595	127.410300	30	F	1	대화로	대화초교 입구
36.364610	128.289830	80	F	1	낙동대로	낙동대로 장곡2교 앞
36.364636	128.297726	30	F	2	영남제일로	낙동동부초등학교(동상주IC 방면)
36.364643	127.313429	30	F	2	노은동로	수정초교 옆 열매마을 11단지 후문 입구
36.364647	127.385361	50	F	2	둔산대로	대전정부청사 북문 앞
36.364690	127.352708	30	F	2	농대로	어은초교 앞 횡단보도
36.364833	127.373222	50	F	2	갈마역로	월평주공 305동 뒤
36.365062	127.428603	30	F	2	중리동로	중원초교 입구 삼거리
36.365090	127.428666	30	F	1	중리로64번길	중원초교 입구 삼거리
36.365459	127.382110	30	F	2	둔산대로117번길	일등석갈비 앞
36.365717	126.934796	110	E	1	서천공주고속도로	서천공주고속도로42.4K공주방향 1,2차로종점
36.365900	126.571700	30	F	2	토정로	창미유치원 앞
36.366393	127.257273	50	F	2	동학사로	동학사119안전센터 앞(학봉리 386-2, 박정자삼거리→학봉회전교차로)
36.366448	127.419403	50	F	1	대전로	현대자동차 맞은편
36.366583	127.257279	50	F	1	동학사로	동학사119안전센터 건너편(학봉리 325-12, 학봉회전교차로→박정자삼거리)
36.366645	128.008628	60	F	1	백화로	대포버스정류장(내서 방면)
36.366707	128.008497	60	F	2	백화로	대포버스정류장(모서면 방면)
36.367748	127.432084	30	F	2	동춘당로	법동초교 부근 보람코아 앞
36.368189	127.427847	30	F	1	중리북로	중리초교 앞
36.368491	128.729154	60	F	1	의성길안로	천제공원삼거리(의성IC 방면)
36.368567	126.795514	60	F	1	충절로	온직3리 마을입구
36.369113	127.507256	30	F	2	회남로	신하동 경로당 부근 송카페 맞은편
36.369222	127.507336	30	F	1	회남로	신하동 경로당 부근 신하식당 앞
36.370024	127.433145	30	F	2	계족로664번길	법동초교 옆 삼거리
36.370028	127.435153	30	F	1	동춘당로	매봉초교 부근 삼익소월108동 옆
36.370034	127.336121	30	F	2	유성대로877번길	죽동초교 후문 앞
36.370134	127.435622	30	F	2	계족로	매봉중 앞
36.370140	126.934799	60	F	1	충의로	미당사거리
36.370271	127.435765	30	F	2	선비마을로	매봉초교 부근 대원셀프세차장 맞은편
36.370731	128.758701	60	F	1	의성길안로	구암보건진료소 앞(의성군청 방면)
36.371259	128.027263	60	F	1	백화로	노류2리 버스승강장(상주시내방면)
36.371310	128.027380	60	F	1	백화로	노류2리 버스승강장 앞
36.371640	127.432584	30	F	2	선비마을로	바론숲유치원 부근 법동성결교회 앞
36.373128	126.935581	50	F	1	큰백길	미당치안센터 앞
36.373198	127.475479	30	F	1	대청호수로	동명초교 입구 삼거리
36.373463	127.475403	30	F	1	대청호수로	동명초교 입구 삼거리
36.374091	128.580861	30	F	1	봉호로	안평면노인복지회관(안동 방면)
36.374268	128.249211	40	F	1	삼봉로	낙동면민회관(낙운중 방면)
36.374310	126.934760	30	F	2	미당큰길	미당초등학교 앞
36.374396	127.952191	60	F	2	중화로	신촌버스정류장(모서면 방면)
36.374436	128.110291	60	F	2	석단로	지사1리 버스승강장(소은보건진료소↔상주시청)
36.374600	126.581700	40	F	2	금계산로	추계교차로 200m 전(추계리 754-2, 유구→송악)
36.374607	127.325805	60	F	1	북유성대로	유성선병원 앞
36.374694	127.325784	60	F	2	북유성대로	유성선병원 앞
36.375292	128.381033	30	F	1	강변길	단밀초등학교(단밀면행정복지센터 방면)
36.375500	126.581600	40	F	1	금계산로	추계교차로 150m 전(덕곡리 301, 송악→유구)
36.375748	127.322656	30	F	2	노은동로	상지초교 옆 노은지구대 맞은편
36.376291	126.622334	30	F	1	죽성로	독정버스정류장 부근(죽정동 64-10, 보령아산병원→죽정교차로)
36.377330	128.147720	60	F	1	경상대로	경북대사거리
36.377493	127.393638	30	F	1	엑스포로123번길	대덕초도룡분교 입구 농협 앞
36.377775	129.375993	80	F	1	동해대로	소월리 입구
36.377839	128.580040	30	F	1	봉호로	안평초등학교(봉양면 방면)
36.377862	126.536747	60	F	2	토정로	봉대산교차로인근
36.379225	127.391626	30	F	2	대덕대로512번길	대덕초교 도룡분교 옆 스마트시티 202동 앞
36.379236	127.391850	30	F	1	대덕대로512번길	대덕초교 도룡분교 앞
36.379972	127.318236	30	F	1	노은동로	지족초 맞은편 열매마을 303동 옆
36.380052	128.119157	60	F	1	석단로	개운동(상주시청 방면)
36.380394	126.936410	60	F	1	충의로	칠갑산 ic앞
36.380590	128.165072	60	F	1	문필로	송운농장(남부초교 방면)
36.380771	126.524688	30	F	2	토정로	송학초등학교
36.380792	127.316820	30	F	1	노은서로	지족초교 옆
36.380840	127.325065	30	F	2	은구비로155번길	새싹나라유치원 앞
36.380983	127.316702	30	F	2	노은서로	지족초교 옆
36.381136	129.341290	100	E	2	상주영덕고속도로	상직리(상주->영덕)
36.381138	127.317610	30	F	2	노은로	지족초교 후문 옆
36.381396	129.341390	100	S	1	상주영덕고속도로	상직리(영덕->상주)
36.381420	129.341348	100	S	1	상주영덕고속도로	상직리(영덕->상주)
36.381737	127.426309	50	F	1	계족로	읍내삼거리
36.382290	128.151640	60	F	1	경상대로	오갈미삼거리
36.383151	128.112061	110	S	1	30번 청주영덕고속도로	청주방향1
36.383391	126.513272	30	F	1	토정로	(성왕로터리→대향로로터리)
36.383900	126.583500	30	F	1	울계큰길	관창초등학교 앞
36.383967	127.323176	30	F	1	은구비로	침신유치원 부근 침신교 앞
36.384561	127.374610	30	F	2	가정로	ETRI아이나무어린이집 부근 SK뷰 106 동 옆
36.384662	127.374219	30	F	2	대덕대로541번길	ETRI 아이나무어린이집 부근 도룡포레 미소지움 105동 옆
36.385121	128.034556	30	F	2	백화로	노류1리(유정)버스정류장(외서면 방면)
36.385318	127.356677	50	F	2	가정로	사이언스대덕어린이집 앞
36.385984	127.347901	30	F	2	가정로	한울유치원 앞
36.386148	128.441214	50	F	1	서부로	(의성IC 방면)
36.387300	127.303227	50	F	1	지족로	해랑숲마을 5단지 앞
36.387679	127.947664	60	F	2	중화로	이소리(신촌교차로 방면)
36.387707	127.828376	30	F	2	원정소곡로	세중초등학교 (원정리→세중리)
36.387801	127.828376	30	F	1	원정소곡로	세중초등학교 (세중리→원정리)
36.387836	129.086469	60	F	1	자미로	송생삼거리(청송IC 방면)
36.387862	127.332226	30	F	1	노은로410번길	송림초교 후문 입구 옆
36.388220	128.772190	60	F	1	의성길안로	윤암1리버스정류장(의성읍 방면)
36.388303	127.538354	30	F	1	방아실길	증약초등학교 대정분교 (방아실→대전)
36.388398	127.538268	30	F	2	비야정대로	증약초등학교 대정분교 (대전→방아실)
36.388490	127.310250	30	F	2	반석서로	꿈이있는 어린이집 맞은편
36.388773	127.310318	30	F	1	지족로	꿈이있는어린이집 앞
36.388894	126.560705	30	F	2	배다리길	주교2리마을회관 앞
36.388916	128.436337	50	F	2	서부로	용기사거리(시안삼거리 방면)
36.389152	127.374748	50	F	2	대덕대로	도룡삼거리 400미터 전
36.389343	127.299342	30	F	2	반석로	슈비쯔유치원 앞
36.389430	127.299256	30	F	1	반석로	슈비쯔유치원 앞
36.389628	127.348867	30	F	1	신성로72번길	금성초 정문 앞
36.389781	127.348600	30	F	2	신성로	금성초교 부근 신성지구대 앞
36.390000	126.672400	30	F	1	원모루길	청라초등학교 앞
36.390400	126.568500	30	F	1	울계큰길	동산어린이집 앞
36.390542	127.391976	50	F	2	문지로	국립문화재연구소 앞
36.390945	127.393928	50	F	2	문지로	국립문화재연구소 앞
36.391095	127.950731	30	F	1	이소1길	화동초등학교(화동교차로 방면)
36.391485	127.074450	110	E	1	천안논산고속도로	천안논산고속도로230.2km
36.391750	128.098880	110	E	1	청주영덕고속도로	서산영덕고속도로(영덕 방면)
36.392153	127.325787	110	F	2	대전당진고속도로	고속도로 90.5km, 대전방향 1,2차로 종점
36.392760	128.152710	50	F	1	경상대로	명지3차아파트 사거리
36.393301	128.807101	30	F	1	남김천대로	옥전초등학교(옥산면보건지소 방면)
36.393316	128.807165	30	F	2	신감옥산로	옥전초등학교(옥산면사무소 방면)
36.393774	127.307968	30	F	2	반석서로	슈필렌유치원 부근 반석마을@607동 옆
36.394055	127.661188	30	F	1	현리길	안내초등학교 (정방사거리→안내우체국)
36.394093	127.661467	30	F	2	502번 지방도	안내초등학교 (안내우체국→정방사거리)
36.394805	127.422121	50	F	1	신탄진로	대덕구청 신청사 앞 (→와동초)
36.395310	128.258610	80	F	1	영남제일로	분황1교 앞
36.395381	128.258957	80	F	1	낙동대로	분황1교 앞(상주->구미)
36.397414	127.423134	30	F	1	신탄진로	와동초교 정문 맞은편 수자원공사 앞
36.397835	127.247255	70	S	2	금벽로	공주시 반포면 금벽로 3차로시점
36.397837	127.406781	30	F	2	엑스포로466번길	전민초교 후문 앞
36.397843	127.247217	70	E	1	금벽로	공주시 반포면 금벽로 1,2차로종점
36.397932	127.406792	30	F	1	엑스포로466번길	전민초교 후문 앞
36.397974	127.247303	70	S	2	금벽로	공주시 반포면 금벽로 1,2차로시점
36.397976	127.247345	70	E	1	금벽로	공주시 반포면 금벽로 3차로종점
36.398710	128.028940	60	F	1	영남제일로	내서면 복지회관 인근
36.398921	127.739691	30	F	2	삼승탄부로	판동초등학교 (원남교차로→내망리)
36.398998	127.739691	30	F	1	삼승탄부로	판동초등학교 (내망리→원남교차로)
36.399010	126.503410	40	F	2	오천해안로	(깊은골 저수지→발전소 정문 삼거리)
36.399020	126.503480	40	F	1	오천해안로	(발전소 정문 삼거리→깊은골 저수지)
36.399394	128.772625	60	F	2	의성길안로	윤암리(점곡면사무소 방면)
36.399484	127.406387	30	F	2	엑스포로	엑스포유치원 부근 전민동 우체국 옆
36.399741	127.406545	30	F	1	엑스포로466번길	엑스포유치원 부근 전민치안센터 맞은편
36.399943	126.777216	30	F	1	만수로	남양초등학교 앞
36.400111	126.777109	30	F	2	구용길	남양초등학교 앞
36.400266	126.776749	30	F	1	구용길	남양초등학교 정문 앞
36.401470	128.159990	50	F	1	상산로	상주고등학교
36.401771	127.365893	30	F	1	유성대로1312번길	한수원꿈나래어린이집 부근 한수원 중앙연구원 앞
36.401865	128.159806	50	F	2	상산로	상주고등학교(경찰서→남상주IC방향)
36.402386	129.065849	60	F	2	청송로	청운삼거리 전방300m(현동방면)
36.402587	126.422488	60	F	1	안면대로	영목교차로
36.403107	126.941766	60	F	1	충의로	정산테니스장 앞
36.403831	126.942795	60	F	2	충의로	(비봉→가덕리)
36.403950	128.160720	50	F	1	상산로	동아아파트
36.403990	127.301760	110	S	1	대전당진고속도로	당진대전선 88km 당진방향 1,2차로시점
36.404499	128.160793	50	F	1	경상대로	동아아파트 건너편(남상주IC→경찰서)
36.405750	128.149640	50	F	1	경상대로	무양지엘리베라움아파트 앞
36.405955	126.521707	30	F	1	오천중앙로	오포2리 마을회관 앞
36.406731	128.022072	40	F	2	영남제일로	낙서초등학교(상주내서우편취급국 방면)
36.406754	128.094567	60	F	1	영남제일로	능암교(대전 방면)
36.407030	128.093450	50	F	1	영남제일로	능암주유소 앞
36.407607	128.021716	40	F	2	덕암로	낙서초등학교(내서중학교 방면)
36.407840	126.957802	60	F	1	칠갑산로	광생리 마을회관 앞
36.407944	126.957508	60	F	1	칠갑산로	칠갑산로 인근
36.408048	128.109611	60	F	1	영남제일로	남장동버스정류장 앞(보은→상주)
36.408735	127.381649	60	F	1	유성대로	카이스트 화암기숙사 앞
36.409110	128.150990	50	F	1	경상대로	상주농협 남원지점
36.409272	126.993129	70	F	2	칠갑산1로	대평삼거리 앞
36.409324	128.161830	30	F	2	왕산로	상영초등학교 후문(중앙시장 방면)
36.409881	128.158130	30	F	1	상산로	(상주시청 방면)
36.409968	128.157817	30	F	2	상산로	(상주농협 방면)
36.410049	127.261199	80	F	1	반포세종로	용수1교 후
36.410090	127.425310	50	F	1	신탄진로	금호타이어 맞은편
36.410510	128.120540	60	F	1	영남제일로	남장교 앞
36.410790	128.118956	60	F	2	영남제일로	남장교(상주→보은)
36.411263	126.645839	30	F	2	죽성로	옥계초등학교 앞
36.411318	126.951120	30	F	1	칠갑산로	서정리사거리
36.411439	128.157260	30	F	1	상서문1길	(상주희망학교 방면)
36.411443	128.157728	30	F	2	상산로	상주중앙초등학교(상주시청 방면)
36.411676	128.067962	60	F	1	영남제일로	내서면행정복지센터 앞(상주시청 방면)
36.411776	126.803191	60	F	2	충절로	(청양→부여)
36.411808	128.182622	40	F	1	식산로	(남상주IC 방면)
36.412087	129.368899	30	F	2	덕곡길	야성초등학교(동해 방면)
36.412377	127.378272	50	F	1	대덕대로	대전전자디자인고교앞
36.412384	127.377997	50	F	2	대덕대로	대전전자디자인고교앞
36.412677	126.702218	70	F	2	대청로	화성농공단지 앞
36.413277	127.300251	80	F	1	북유성대로	마을입구
36.413340	128.308180	60	F	1	상주다인로	중동면 우물1리 삼거리
36.413371	128.308085	60	F	1	상주다인로	신우교(동상주IC 방면)
36.413485	128.019404	60	S	2	영남제일로	국도 25 시점(하송삼거리 방면)
36.413485	128.019404	60	E	1	영남제일로	국도 25 종점(낙서초 방면)
36.413616	127.438331	30	F	1	장동로	장동초교 입구 삼거리
36.414446	127.337397	30	F	1	자운로97번길	화랑유치원 앞
36.414483	126.945919	30	F	2	칠갑산로	정산초등학교 건너편
36.414541	126.945904	30	F	1	칠갑산로	정산면사무소 앞
36.414667	126.947098	30	F	1	서정4길	피터팬 어린이집 앞
36.415010	126.947410	30	F	2	서정4길	피터팬어린이집 앞
36.415250	128.213280	60	F	1	영남제일로	상주곶감유통센터 앞
36.415373	128.797647	60	F	1	의성길안로	청산농원버스정류장(옥산교 방면)
36.415460	128.142720	60	F	1	영남제일로	쑤안삼거리 전
36.415561	128.212436	60	F	1	영남제일로	상주곶감유통센터 앞(상주시내방면)
36.415642	128.142589	60	F	1	중앙로	연원동(보은방면)
36.415760	128.151260	50	F	1	경상대로	낙양사거리
36.416004	128.169811	30	F	2	성산로	성동초등학교 200m 전(상주경찰서 방면)
36.416121	127.409152	30	F	1	테크노중앙로	KAERI아톰어린이집 옆
36.416251	127.397222	30	F	2	용산2로	대전외국인학교 앞
36.416944	126.657077	60	F	1	죽성로	대천농협 오삼지점
36.416977	128.157007	30	F	2	서문길	상주초등학교(보은 방면)
36.417507	127.090441	30	F	2	봉정길	태봉초등학교 앞
36.418098	128.392037	70	F	2	상무로	삼분교차로 후방 400M (군위→예천)
36.418984	128.172390	30	F	1	왕산로	상락유치원 100m 전(상주IC 방면)
36.419480	128.190330	60	F	1	영남제일로	외답주유소 앞
36.419720	128.157255	30	F	2	동수1길	파티마유치원(상주IC 방면)
36.419926	128.160926	30	F	1	성산새싹길	상주원광유치원(상산초 방면)
36.420568	127.006188	30	F	1	안심길	목면초등학교 앞
36.420583	128.160901	30	F	1	상산새싹길	상주원광유치원(상주경찰서 방면)
36.420631	126.539870	30	F	1	오천중앙로	교성보건진료소 앞
36.420980	128.147440	50	F	1	영남제일로	자산교사거리
36.420986	127.006565	30	F	2	안심길	목면초등학교 앞
36.421201	127.664641	70	F	2	대청로	(옥천→보은)
36.421202	128.673267	60	F	2	경북대로	미천교(안동 방면)
36.421729	126.550515	50	F	1	오천중앙로	자연마을 입구
36.421960	128.173480	50	F	1	영남제일로	계룡교사거리
36.422493	127.388713	30	F	1	관평2로	동화초교 옆 동화중학교 정문 앞
36.423224	128.161624	30	F	2	상산로	상산초등학교(보은 방면)
36.423300	126.407500	40	F	1	안면대로	안면농협 인근
36.423301	127.777859	30	F	2	삼승탄부로	탄부초등학교 (덕동삼거리→무궁화공원)
36.423330	127.408953	50	F	1	갑천로	미건테크노 입구 삼거리
36.423373	127.777859	30	F	1	삼승탄부로	탄부초등학교 (무궁화공원→덕동삼거리)
36.423428	126.407353	40	F	1	안면대로	안면농협 인근
36.423610	128.151210	50	F	1	경상대로	북천교사거리
36.423760	128.165880	50	F	1	경상대로	상산교사거리
36.424631	127.668729	70	F	1	대청로	(보은→옥천)
36.424988	127.413122	80	F	1	구즉세종로	지수체육공원 뒤
36.425228	126.404875	30	F	2	안면대로	고남초등학교 건너편
36.425247	127.412360	80	F	2	구즉세종로	시알들네거리 합류지점
36.425363	127.426785	50	F	2	벚꽃길	코레일 대전 어린이집 앞
36.425433	128.760775	30	F	2	점곡길	점곡초등학교(점곡면사무소 방면)
36.425457	128.760889	30	F	1	경덕로	점곡초등학교(상주 방면)
36.425523	126.403761	30	F	1	안면대로	고남초등학교 건너편
36.425541	126.717882	70	F	2	대청로	현대하이츠빌라 옆
36.425597	126.403379	30	F	2	안면대로	고남초등학교 앞
36.425629	126.713433	30	F	1	무한로	합천초등학교 앞
36.425681	126.955027	70	F	2	칠갑산1로	정산교차로
36.425865	126.714611	30	F	1	무한로	합천초등학교 앞
36.425939	127.411461	80	F	2	구즉세종로	시알들네거리 합류지점
36.426010	128.151490	50	F	1	경상대로	북천교 북단삼거리
36.426010	126.713500	30	F	1	무한로	합천초등학교 건너편
36.426166	127.425390	50	F	2	평촌2길	코레일 대전 어린이집 옆 대전철도차량정비단 정문 앞
36.426491	128.270713	40	F	2	석단로	중동파출소 앞(중동초등학교 방면)
36.426647	128.270095	40	F	1	덕암로	상주오상버스정류장(중도행정복지센터 방면)
36.427100	127.005673	70	F	2	칠갑산로	일반국도36호선
36.427155	127.005275	70	F	2	칠갑산로	목면교차로
36.427800	128.317140	60	F	2	상주다인로	금당1리마을(구미 방면)
36.427850	128.317220	60	F	1	상주다인로	금당1리마을(예천 방면)
36.427881	127.420989	50	F	2	신탄진로	상서삼거리
36.427986	128.155963	30	F	2	중화로	감꽃유치원(대구지방법원상주지원 방면)
36.428093	128.156028	30	F	1	도음로	감꽃유치원(북문동행정복지센터 방면)
36.428756	126.952152	70	F	2	칠갑산1로	정산교차로
36.428799	126.795066	60	F	1	충절로	서부제재소 부근
36.428900	126.507700	60	F	1	오천해안로	순교성지갈매못 앞
36.429105	126.795187	60	F	1	충절로	서부제재소 앞
36.429339	127.421672	50	F	1	신탄진로	상서삼거리
36.429405	128.635287	100	F	2	상주영덕고속도로	명진리(상주->영덕)
36.429503	127.822891	50	F	2	마령로	웅기마을 교차로 (묘산면→합천읍)
36.429641	127.382727	30	F	1	와룡로	두리초 앞 삼거리
36.430111	127.411694	50	F	1	산업단지로	현대신일자동차공업사 앞
36.430435	126.716866	30	F	1	무한로	화성어린이집 앞
36.430510	126.716910	30	F	2	무한로	화성어린이집 앞
36.432434	127.419726	30	F	2	덕암로125번길	새일초교 후문 앞
36.432465	127.419877	30	F	1	덕암로125번길	새일초교 후문 앞
36.433082	129.251698	100	S	2	상주영덕고속도로	송천리(상주->영덕)
36.433082	129.251692	100	S	2	상주영덕고속도로	송천리(상주->영덕)
36.433100	127.149700	80	S	2	차령로	시점
36.433100	127.149700	80	E	2	차령로	종점
36.433287	129.251867	100	E	1	상주영덕고속도로	송천리(영덕->상주)
36.433700	126.272500	60	F	2	남부순환로	서산시환경종합타운 입구 앞(양대동 791-1, 양대3통 마을회관 →장2통 마을회관)
36.433700	126.272700	60	F	1	남부순환로	서산시환경종합타운 입구 건너편(양대동 753-46,장2통 마을회관 →양대3통 마을회관)
36.433738	127.015431	70	F	2	칠갑산로	송암교차로
36.433997	129.027989	50	F	1	길안청송로	덕천사거리(청송버스터미널 방면)
36.434267	127.381257	30	F	1	송강로42번길	송강유치원 옆
36.434349	129.044940	50	F	2	길안청송로	덕리교회 앞(덕천사거리 방면)
36.434367	129.044903	50	F	1	길안청송로	덕리교회 앞(청송교차로 방면)
36.434591	129.053908	30	F	2	상산로	청송초등학교(청송읍행정복지센터 방면)
36.434670	128.153580	60	F	1	경상대로	상주k모터스 앞
36.434800	127.114500	50	F	1	우금티로	우금티사거리
36.435204	127.821043	30	F	1	관기송현로	관기초등학교 (마로우체국 → 관기삼거리)
36.435286	127.820807	30	F	1	관기송현로	관기초등학교 (관기삼거리 → 마로우체국)
36.435528	127.425333	50	F	2	신탄진로	평촌동 버스정류장
36.435663	127.422267	30	F	1	덕암로	춘광경로당 부근 무지개어린이공원 옆
36.435795	127.422391	30	F	2	덕암로 168번길	춘광경로당 부근 무지개공원 옆
36.435901	126.557635	50	F	1	충청수영로	웅포버스정류장 앞
36.436468	129.054878	30	F	2	군청로	청송초등학교(청송터미널 방면)
36.436779	127.386208	30	F	2	봉산로	송강어린이집 앞
36.436943	127.386359	30	F	1	봉산로	송강마을 2단지 정문 맞은편
36.437689	126.955534	30	F	1	충의로	해남리 보건지소 앞
36.437957	126.522994	30	F	2	충청수영로	오천초등학교 앞
36.438199	127.734949	30	F	2	거현송죽로	송죽초등학교 (송죽지구보건진료소 → 송죽사거리)
36.438236	126.955815	30	F	1	충의로	해남리 보건지소 앞
36.439070	126.843082	60	F	1	칠갑산로	칠갑산자연휴양림 앞
36.439283	126.842974	60	F	1	칠갑산로	칠갑산자연휴양림입구 앞(광대리 404-11, 정산→청양)
36.440704	127.020927	70	F	2	공수원로	(신관초교차로→중앙로삼거리)
36.440747	128.903346	100	F	1	상주영덕고속도로	만음리(영덕->상주)
36.441323	127.383286	30	F	1	와룡로	로제비앙 리버포레 후문 앞
36.441963	127.990467	110	E	1	30번 청주영덕고속도로	청주방향2
36.442048	127.984117	110	S	2	당진영덕고속도로	서산영덕고속도로(영덕 방면)
36.442100	127.200000	70	F	1	금벽로	장암교차로 합류지점 공주방향(석장리동 46-5, 대전→공주)
36.442168	126.613751	50	F	1	넙티로	삼정그린코아 → 한양수자인
36.442928	127.950283	50	F	1	영남제일로	화령교회(신봉네거리 방면)
36.443127	127.411207	30	F	2	대덕대로1448번길	한라어린이집 앞
36.443179	127.411185	30	F	2	대덕대로1448번길	한라어린이집 맞은편
36.443193	127.996942	60	E	1	영남제일로	국도 25 종점(하송삼거리 방면)
36.443193	127.996942	60	S	2	영남제일로	국도 25 시점(낙서초 방면)
36.443500	127.287600	30	F	3	안금로	감성초등학교 앞
36.443577	127.426816	30	F	1	덕암북로	웰스테이요양원 앞
36.444005	127.072759	60	F	2	백제큰길	위나루 부근(검상동 79, 검상동 ↔ 공주보)
36.444062	129.031946	30	F	1	북삼로	파천초등학교(양지교차로 방면)
36.444120	129.031896	30	F	2	안파로	파천초등학교(덕천리마을회관 방면)
36.444361	127.579301	30	F	2	회남로	회남초등학교 (남대문교→거신교)
36.445013	127.579939	30	F	1	회남로	회남초등학교 (거신교→남대문교)
36.445087	126.736416	70	F	2	대청로	여주재교차로
36.445598	129.032492	60	F	2	문경대로	관2리 버스정류장 앞(청송IC 방면)
36.445638	127.952529	30	F	1	문당길	화령초등학교(화서IC교차로 방면)
36.445923	126.829607	30	F	1	칠갑산로	수정초등학교 앞
36.445928	126.828731	30	F	2	칠갑산로	수정초등학교 앞
36.445940	126.828720	30	F	1	칠갑산로	수정초등학교 건너편
36.445983	127.413058	30	F	1	대덕대로1468번길	목상초교 앞 삼거리
36.446056	126.828705	30	F	1	칠갑산로	수정초등학교 앞
36.446062	127.953565	30	F	1	화령로	화령초등학교(화서행정복지센터 방면)
36.446134	127.932956	50	F	1	청려로	올품상주 배합사료공장 건너(보은방면)
36.446170	127.932490	60	F	1	영남제일로	내서면 올품 앞
36.446883	126.631448	60	F	2	넙티로	성연1리 마을회관 건너편
36.446977	127.435679	30	F	2	신탄진남로	석봉초교 앞
36.447111	128.356336	50	F	2	소백로	고마트 50m 전(의성->예천)
36.447902	127.135726	50	F	1	우금티로	덕성그린아파트 앞
36.447973	127.906229	60	F	2	영남제일로	화남면행정복지센터 앞(구병산하이패스IC방면)
36.448175	128.328154	60	F	1	상주다인로	덕지1리버스정류장(다인면사무소 방면)
36.448484	129.281189	30	F	2	지영로	지품초등학교(영덕농협 방면)
36.448688	126.787991	30	F	1	칠갑산로	청송초등학교
36.448928	128.356111	30	F	2	중동단밀로	다인초등학교(다인파출소 방면)
36.449131	128.356335	30	F	1	금성현서로	다인초등학교(도암교차로 방면)
36.449481	127.435570	30	F	1	신탄진동로	석봉초교 부근 신탄진고 옆
36.450648	128.188648	60	F	1	아리랑로	중덕정미소(사벌국면 방면)
36.450672	128.188658	60	F	2	아리랑로	중덕정미소(상주시청 방면)
36.450978	127.418077	100	S	2	1번 경부고속도로	서울방향 시점_3,4차로 (부산 → 서울)
36.451022	128.061808	30	F	2	채릉산로	서만2리 버스정류장(문경 방면)
36.451100	126.592600	30	F	2	청소큰길	청소초등학교 앞
36.451492	126.798395	30	F	1	칠갑산로	청양유치원 앞
36.451587	126.737251	30	F	1	원통길	원통마을 마을회관 앞
36.451660	126.737367	30	F	1	원통길	(신정교차로→무한로)
36.451978	127.423137	30	F	2	대덕대로	새여울초교 옆 금강로하스 102동 맞은편
36.452021	127.422638	30	F	2	대덕대로	새여울초교 옆 금강로하스 101동 앞
36.452157	126.382026	60	F	2	안면대로	지포낚시슈퍼 앞
36.452340	126.381908	60	F	1	안면대로	지포낚시슈퍼 앞
36.452990	126.799300	30	F	1	문화예술로	청양유치원 앞
36.453021	126.799345	30	F	1	문화예술로	청양유치원 건너편
36.453036	128.362505	70	E	2	서부로	국도 28 종점(군위 방면)
36.453178	126.805966	30	F	1	칠갑산로7길	청양초등학교 후문
36.453260	128.362590	70	F	1	서부로	국도 28 시점(예천 방면)
36.453263	128.350999	50	F	1	서부로	송림농장(예천->의성)
36.453273	126.807843	30	F	2	칠갑산로	제일어린이집 앞
36.453490	127.124370	30	F	1	웅진로	공주중동초등학교 앞
36.453648	127.417012	100	E	1	1번 경부고속도로	3차로 종점
36.454144	126.801221	30	F	1	칠갑산로	청양유치원 앞
36.455323	127.107614	30	F	1	백제문화로	경일아파트 삼거리
36.455343	127.816064	110	S	1	30번 청주영덕고속도로	청주영덕고속도로 39.4K 청주방향3
36.455635	128.896417	40	F	2	길안청송로	길안초등학교(청송 방면)
36.455873	127.134315	50	F	2	무령로	옥룡교차로
36.456050	127.128150	40	F	2	무령로	근화유치원 인근
36.456301	127.127638	40	F	1	무령로	근화유치원 앞
36.456620	127.727026	110	E	1	30번 청주영덕고속도로	청주영덕고속도로 30.8K 청주방향4
36.457144	128.269016	60	F	1	삼령로	회상버스정류장(문경 방면)
36.458743	127.700955	30	F	2	소계2길	수한초등학교 (옥천 → 보은)
36.458864	127.700649	30	F	1	안내보은로	수한초등학교 (보은 → 옥천)
36.459462	128.701739	60	F	2	일직점곡로	팽목마을 입구(팽목삼거리 방면)
36.459565	128.701727	60	F	1	하이마로	팽목마을 입구(양지마을 방면)
36.459721	127.117820	30	F	2	용당길	공주교동초등학교 앞
36.460795	126.842013	70	F	2	칠갑산1로	주정교차로
36.460798	126.797584	70	F	2	충절로	학당교차로
36.460860	128.663911	80	F	2	동해안로	권정생 어린이문학관 입구(안동방면)
36.460906	127.124191	40	F	2	웅진로	삼성디지털프라자 버스정류장 앞
36.462043	126.600258	70	F	2	충서로	재정삼거리
36.462944	127.102750	60	F	1	백제큰길	공주보 교차로앞
36.463636	127.976970	60	E	2	문장로	(49번 지방도)구간 종점(상주방면)
36.463636	127.976970	60	S	1	문장로	(49번 지방도)구간 시점(화북방면)
36.463654	128.200539	110	S	1	중부내륙고속도로	중부내륙고속도로 151k 시점(상주시 사벌국면 덕담리)(북상주IC 방면)
36.463658	129.037261	40	F	1	청송로	파천면사무소(청송IC 방면)
36.463720	127.977110	60	F	1	문장로	동관교차로~화령전투전승기념관
36.463857	127.119667	30	F	1	왕릉로	공주중학교 앞
36.464839	127.245759	60	F	3	금송로	세종수질복원센터 앞
36.464915	126.869541	70	F	2	칠갑산1로	이화교차로
36.464957	127.245654	60	F	3	금송로	세종수질복원센터 앞
36.465448	127.281264	30	F	3	용포로	용포로 대평시장 주차장 앞
36.465494	127.281194	30	F	3	용포로	용포로 대평시장주차장 건너
36.466134	127.123916	30	F	2	웅진로	금강교남단 곰탑공원 앞
36.466604	127.365266	80	F	2	구즉세종로	둔곡터널 전(→대전)
36.467291	127.264313	70	E	2	세종로	학나래교 남단 종점 3차로
36.467425	127.264707	70	S	1	세종로	학나래교 남단 시점 3차로
36.467526	128.209256	30	F	2	덕담1길	사벌초등학교(사벌국면 행정복지센터 방면)
36.467835	126.798636	70	F	2	충절로	청양농협장례식장 앞
36.467890	128.212440	60	F	1	상풍로	사벌국면 복지회관 앞
36.467917	126.798556	70	F	2	충절로	학당2교차로
36.467967	127.362117	80	F	1	구즉세종로	둔곡교차로
36.468083	127.143183	50	F	2	무령로	공주대학교 정문 앞
36.468194	128.212523	60	F	2	치산효령로	사벌국면복지회관(양방향)
36.470309	127.789601	30	F	1	장안로	속리초등학교 (장안마을회관→속리산IC)
36.470309	127.789725	30	F	2	장안로	속리초등학교 (속리산IC→장안마을회관)
36.470462	127.127906	50	F	1	금벽로	전막교차로
36.470558	127.159988	70	F	1	차령로	월송휴게소 전방
36.470750	128.153760	60	F	1	우산로	개곡교 앞
36.470806	128.153369	60	F	3	우산로	개곡교(봉강교↔세천교)
36.470809	127.109634	60	F	1	백제큰길	웅비탑삼거리
36.471600	127.141100	30	F	1	충절로	목천초등학교 앞(서리 213-30, 전적교→동교리)
36.472200	127.254600	30	F	2	나리로	미르초 앞
36.472204	128.169468	80	F	2	경상대로	원흥리(상주시청 방면)
36.472684	128.504690	30	F	2	금성현서로	안평초등학교 신평분교장(예천 방면)
36.472824	126.368919	60	F	1	안면대로	상촌삼거리
36.473012	127.286560	70	F	3	행복대로	금남초교 100m후
36.473069	126.368596	60	F	2	안면대로	상촌삼거리
36.473107	127.286378	70	F	3	행복대로	금남초교 100m전
36.474180	128.169680	80	F	1	경상대로	삼백레미콘 앞
36.474182	127.336380	80	F	1	구즉세종로	BRT도로) 대전방향
36.474653	127.281956	30	F	2	보람서로	해들유치원
36.474740	127.722445	50	F	1	남부로	(시외버스터미널 → 보은IC)
36.475849	126.371873	60	F	2	안면대로	상촌삼거리
36.476146	127.152613	50	F	2	무령로	세종공주원예농협 앞 사거리
36.477860	127.311530	70	F	1	구즉세종로	새샘교차로 세종방향 400m전방
36.478028	126.587556	110	E	1	서해안고속도로	서해안고속도로210.8Km
36.478400	127.283700	40	F	2	시청대로	한빛유치원 앞
36.478534	128.107769	40	F	1	우산로	상주외서우체국(가곡리마을회관 방면)
36.478636	128.173430	30	F	2	북상주로	백원초등학교(관동마을회관 방면)
36.479390	127.308870	70	F	2	구즉세종로	새샘교차로 대전방향 120m전방
36.479820	127.934660	60	F	1	문장로	동관교차로~화령전투전승기념관
36.479821	127.306021	50	F	2	행복대로	방음터널 출구
36.479883	127.934666	60	S	2	문장로	(49번 지방도)구간 시점(상주방면)
36.479883	127.934666	60	E	2	문장로	(49번 지방도)구간 종점(화북방면)
36.480021	127.252608	30	F	3	누리로	송원어린이집 앞
36.480189	127.307874	50	F	1	행복대로	방음터널 입구
36.480194	127.269528	50	F	2	갈매로	금남교 전
36.480712	127.313684	70	E	2	행복대로	3차로
36.480913	127.313669	70	E	2	행복로	3차로
36.481347	126.531830	30	F	1	하궁길	천북초등학교 건너편
36.481967	128.656641	80	F	1	경북대로	구간 시점(남례문 방면)
36.482389	127.307198	50	F	2	소담로	한국개발연구원 앞
36.482700	127.300800	30	F	1	소담1로	소담초교 앞
36.482866	127.248552	30	F	3	새롬남로	새롬초등학교
36.482907	128.340684	70	S	1	서부로	국도 28 시점(군위 방면)
36.482930	128.340980	70	F	2	서부로	국도 28 종점(예천 방면)
36.483722	129.026509	60	F	1	청송로	산소카페청송정원(청송IC 방면)
36.483751	128.656183	30	F	2	감시골길	일직초등학교(영주 방면)
36.483876	127.717944	30	F	1	보은로	삼산초등학교 (교사사거리 → 중앙사거리)
36.484200	127.301200	30	F	2	소담1로	소담초교 소담어린이집 건너편
36.484583	127.043750	110	E	2	대전당진고속도로	대전당진고속도로58.5km 대전방향 1,2차로종점
36.484774	129.026838	60	F	2	청송로	산소카페청송정원(진보 방면)
36.484911	127.715337	30	F	2	교사삼산길	성모유치원 (장신다리 → 삼산초)
36.485000	128.043289	60	F	2	다문로	독점마을입구(이촌교삼거리 방면)
36.485021	128.089898	60	F	2	우산로	우산재터널 600m 후(외서행정복지센터 방면)
36.486545	127.246975	30	F	3	새롬북로	새롬초등학교
36.486800	127.175598	70	F	2	장기로	공주시 송선동 51-2, 송선5교
36.487071	127.717703	30	F	1	보은로	동광초등학교 (중앙사거리 → 교사사거리)
36.487242	127.246595	30	F	2	새롬다정로	새뜸마을 418동 앞
36.487276	128.072912	60	F	1	우산로	우산재터널 500m 후(우산삼거리 방면)
36.487360	127.221360	110	E	1	대전당진고속도로	당진대전선 당진방향 1,2차로 종점
36.487900	127.243900	40	F	2	세종로	가득초등학교 앞
36.488456	127.717794	30	F	2	보은로	동광초등학교 (교사사거리 → 중앙사거리)
36.488758	127.208704	110	F	2	대전당진고속도로	대전당진고속도로 대전방향 1,2차로 시점
36.490100	127.247100	30	F	2	새롬다정로	새롬초교 부근 새움중학교 옆
36.490375	126.789535	60	F	2	충절로	중묵교차로
36.490402	126.789097	70	F	2	충절로	중묵교차로
36.490625	127.597658	30	F	2	25번 국도	회인초등학교 (눌곡삼거리 → 회인파출소)
36.491250	127.241836	40	F	1	세종로	가득초교 앞
36.491451	126.358124	60	F	2	안면대로	육개버스정류장 앞
36.491551	126.358119	60	F	2	안면대로	육개버스정류장 앞
36.491596	127.246202	30	F	3	다정서로	다정초등학교 앞 원형교차로
36.493000	126.584600	60	F	1	천광로	신죽리 수목원 근방
36.493157	126.565913	60	F	2	천광로	낙동초등학교 앞
36.493500	127.321500	30	F	1	시청대로	집현초교 부근
36.493657	126.803264	60	F	1	중묵운곡로	중묵리 전원마을 앞
36.493800	127.202300	60	F	1	장척로	장기중학교 앞
36.495425	127.244770	30	F	3	다정서로	한결초등학교
36.495684	127.251615	30	F	2	다정북로	가온8단지 정문
36.495826	127.250204	30	F	1	다정북로	가온9단지 정문
36.496003	127.245966	30	F	3	다정북로	한결초등학교
36.496003	127.246438	30	F	3	다정북로	한결초등학교
36.496249	126.707275	50	F	1	홍남동로	두리마을 입구
36.496267	126.707138	50	F	2	홍남동로	두리마을 입구
36.496400	127.237300	40	F	2	다정북로	새솔유치원 부근
36.496592	128.322079	60	F	2	삼강로	봉림경로당(풍양사거리 방면)
36.496600	127.207300	30	F	3	장기초교길	장기초등학교
36.496666	128.321865	60	F	1	삼강로	봉림경로당(덕미교차로 방면)
36.496697	127.266551	30	F	2	다솜3로	차오름어린이집 앞
36.497686	127.334373	70	S	1	행복대로	3차로
36.497803	127.744216	60	F	1	25번 국도	누청삼거리
36.497856	127.206441	30	F	1	장척로	세종서부농협앞
36.497859	127.334058	70	S	2	행복로	3차로
36.498022	127.206494	30	F	2	장척로	세종서부농협앞
36.498029	127.258317	50	F	1	한누리대로	어진교차로 정부청사 방향
36.498086	127.111631	30	F	1	귀산길	귀산초등학교 앞
36.498296	127.258538	50	F	1	가름로	어진교차로 어진중 방향
36.498300	127.311400	30	F	2	반곡로	반곡초교 건너편
36.498500	127.237300	30	F	2	다정4길	새솔유치원 뒤
36.498586	127.258197	50	F	2	한누리대로	어진교차로 성남고 방향
36.498900	127.240400	70	F	3	세종로	주추지하차로 시점 3차로
36.499000	127.240200	70	F	3	세종로	주추지하차로 종점 3차로
36.499028	129.412761	80	F	1	동해대로	고곡2교
36.499300	127.233100	30	F	1	반곡4길	솔빛숲유치원 앞
36.500014	127.748478	30	F	1	동학로	종곡초등학교 입구 (성족리→보은군청)
36.500683	127.295726	50	F	1	절재로	세종교차로
36.502183	127.241439	30	F	2	도움1로	종촌초교 앞
36.502777	126.519386	30	F	2	홍보로	장은보건진료소 앞
36.503263	127.337483	70	F	1	행복대로	네이버데이터센터 앞
36.503300	127.214100	30	F	1	세종로	고운동→봉안오거리
36.503800	127.272200	30	F	2	다솜로	연세초등학교
36.504174	126.628471	30	F	2	홍남로	무궁화어린이집 앞
36.504181	127.258128	30	F	2	도움 5로	꿈샘어린이집
36.504269	126.628679	30	F	1	홍남로	무궁화어린이집
36.504396	127.329197	50	S	3	금호안골길	금호교차로
36.504422	127.329517	50	S	3	금호안골길	부용교차로
36.505100	127.247700	30	F	3	도움3로	도란유치원 건너편
36.506102	126.347253	30	F	1	꽃지해안로	방포초등학교 건너편
36.506230	128.262096	60	F	1	경상대로	매호리(문경 방면)
36.506285	126.348088	30	F	2	꽃지해안로	방포초등학교 건너편
36.506729	127.715900	50	F	1	남부로	(학림 → 교사)
36.506745	129.119621	40	F	1	경동로	군립청송야송미술관(월전삼거리 방면)
36.507221	126.349650	60	F	2	안면대로	딴뚝사거리
36.508157	128.355866	60	F	2	금성현서로	양서보건진료소 입구(예천 방면)
36.508172	126.494514	50	F	1	홍보로	천북면사무소→홍성방조제
36.508691	129.442970	30	F	1	영덕대게로	축산항초등학교(축산우체국 방면)
36.508840	126.486160	40	F	2	홍보로	천북굴단지 입구 3가
36.509083	126.586792	110	E	2	서해안고속도로	서해안선 214.5km목포방향 1,2차로종점
36.509548	127.337871	70	E	2	행복대로	금빛노을교 100m 후 3차로 종점
36.509558	127.338086	70	S	1	행복대로	금빛노을교 100m 전 1,2차로 시점
36.509600	127.256500	30	F	1	다솜1로	초롱별유치원 앞
36.511069	128.300574	30	F	2	지보로	풍양초등학교(풍양중 방면)
36.511141	128.300472	30	F	1	유용로	유천초등학교(죽안저수지 방면)
36.511141	128.330472	30	F	2	유용로	유천초등학교(유천면행정복지센터 방면)
36.511410	128.300472	30	F	1	은풍로	풍양초등학교(지보면 방면)
36.512074	127.727608	80	F	2	19번 국도	(보은→미원)
36.513100	126.963235	60	F	2	차동로	산정교차로
36.513713	127.287351	50	F	1	임난수로	무궁화공원 입구 삼거리
36.513846	126.342532	60	F	2	안면대로	방포사거리
36.513861	126.592111	60	F	1	홍남로	화봉삼거리
36.513918	127.243211	30	F	3	아름서길	온빛초 건너편
36.514600	127.262800	30	F	3	보람로	가온유치원 앞
36.514900	127.244400	30	F	3	달빛2로	아름유치원 앞
36.514900	127.244800	30	F	3	달빛2로	아름유치원 건너편
36.515361	127.757891	60	F	1	37번 국도	동학농민혁명공원 앞 (속리산 → 보은읍)
36.515384	128.155260	30	F	1	공검이안길	공검초등학교(공검면행정복지센터 방면)
36.516010	126.652488	60	F	2	홍남동로	홍성군 광천읍 홍남동로
36.516303	126.786981	30	F	2	충절로	가남초등학교 건너편
36.516429	126.786996	30	F	1	충절로	가남초등학교 앞
36.516430	126.786993	30	F	1	충절로	가남초등학교 앞
36.517063	127.796951	60	F	1	505번 지방도	중판리 마을 앞 (상판삼거리 → 중판삼거리)
36.517367	127.238074	30	F	1	마음안로	두루중학교 남측 횡단보도
36.517982	126.795009	70	F	2	소방로	관산교차로
36.519000	127.239400	30	F	2	만남로	두루초 앞
36.519098	127.245711	30	F	1	달빛1로	국제고→샘솟는교회
36.519250	127.133528	50	F	1	의당길	수촌리 292-3
36.519416	127.173865	60	F	2	의당전의로	충남인력개발원 건너편
36.519623	128.359070	50	F	1	비안다인로	용곡리마을버스정류장(의성 방면)
36.520270	127.625617	30	F	2	신궁갈티길	(세촌리 → 갈티리)
36.520543	128.176385	110	E	1	중부내륙고속도로	중부내륙고속도로 157.9k 종점(상주시 공검면 화동리)(북상주IC 방면)
36.521394	128.690287	30	F	1	농암로	남후초등학교(남후치안센터 방면)
36.521403	128.690302	30	F	2	경상대로	남후초등학교(영주 방면)
36.521878	127.245706	70	E	1	세종로	사오리지하차도 출구 후 3차로 종점
36.521900	127.245800	70	F	3	세종로	주추지하차도 진출 종점 3,4차로
36.521965	127.245543	70	S	2	세종로	사오리지하차도 진입전 3차로 시점
36.522000	127.245600	70	F	3	세종로	주추지하차도 진입 시점 3,4차로
36.522018	127.721113	60	F	1	남부로	보은조경 인근 (미원 → 보은)
36.523051	127.329846	50	S	3	금호안골길	부용교차로
36.524022	129.107147	60	F	1	경동로	높은베리영농조합(동청송IC방면)
36.524125	129.042173	60	F	1	청송로	청송전통옹기(진보면행정복지센터 방면)
36.524131	127.328814	50	S	3	금호안골길	금호교차로
36.524160	126.845290	30	F	1	청신로	운곡초등학교 앞
36.524380	126.845280	30	F	2	청신로	운곡초등학교 건너편
36.524888	126.846286	30	F	1	청신로	운곡초등학교 앞
36.524927	127.268127	30	F	2	해밀4로	해밀유치원 앞
36.525118	126.547023	30	F	1	홍남서로	결성초등학교 앞
36.525204	128.839168	30	F	2	서동문로	임하초등학교(임하파출소 방면)
36.525462	128.691343	80	F	2	경북대로	구간 종점(남례문 방면)
36.526149	128.462212	40	F	1	안사풍천길	신성초등학교(경북도청 방면)
36.526826	126.625038	60	F	2	충서로	벽계경찰초소 앞
36.527061	127.379481	30	F	2	부강외천로	부강어린이집 앞
36.527127	127.379373	30	F	1	부강외천로	부강어린이집 건너편
36.527260	126.346083	30	F	1	장터로	안면초등학교 앞
36.527272	126.346001	30	F	2	장터로	안면초등학교 건너편
36.527363	126.346067	30	F	2	장터로	안면초등학교 건너편
36.528133	127.122794	50	F	2	모란길	오인어린이집 앞
36.528384	127.248835	30	F	1	세종로	은하수교차로 정안IC방면 진출로
36.528499	127.122901	50	F	1	모란길	오인어린이집 건너편
36.528670	129.047814	30	F	1	진보로	진보초등학교(안동방면)
36.528704	129.402678	80	F	1	동해대로	영덕휴게소
36.529310	127.148670	40	F	1	의당로	의당초등학교 앞
36.529380	127.148600	40	F	2	의당로	의당초등학교 건너편
36.529440	127.295513	50	F	1	임난수로	세종시청 별관 남단
36.529533	127.295181	60	F	3	월산공단로	세종시청 별관 앞 네거리
36.529556	127.403000	80	S	1	연청로	세종방면 시점 3차로
36.529719	127.295305	60	F	3	월산공단로	세종시청 별관 앞 네거리
36.530095	128.341261	60	F	1	풍지로	청곡리(용곡삼거리 방면)
36.530898	127.920791	50	F	1	문장로	상오1교 50m 후(화북중학교 방면)
36.532575	127.424697	80	F	2	96번 지방도	외천삼거리 150m 전(세종 → 외천삼거리)
36.532743	127.330073	50	F	1	행복대로	가든교차로
36.533697	128.071861	30	F	2	성주로	은척농협주유소(은척파출소 방면)
36.533704	127.328786	50	F	2	세종오송로	가든교차로 3차로
36.533901	128.071454	30	F	2	석전로	은척농협주유소(은척중학교 방면)
36.533977	126.482255	50	F	2	남당관광로	소도마을 입구
36.534539	127.281347	50	F	2	한누리대로	해밀동→보름교
36.534818	127.332433	60	F	2	연청로	세종방향
36.535208	127.574913	30	F	2	25번 국도	피반령 (보은 → 청주)
36.535373	127.569772	30	F	1	25번 국도	피반령 (청주 → 보은)
36.535435	127.822191	30	F	2	사내북암길	수정초등학교 (북암리 → 수정초)
36.536038	127.531311	30	F	1	상장인차로	행정초등학교 (가덕→문의)
36.537838	127.274251	50	F	1	월산공단로	6-2생활권조성공사장 입구
36.538568	127.116244	30	F	2	화봉평정길	한국영상대부설유치원 건너편
36.538612	127.190761	30	F	3	의당전의로	의당농협하나로마트 건너
36.538642	127.190639	30	F	3	의당전의로	농협 하나로마트 앞
36.538778	127.364722	80	E	1	연청로	세종방면 종점 3차로
36.539494	127.303957	80	F	1	세종오송로	꽃구름교 진입 전
36.539547	127.116797	30	F	1	화봉평정길	한국영상대부설유치원 앞
36.540167	126.758805	70	F	1	충절로	교차로
36.540963	127.232143	80	F	3	43번 국도	수산교차로
36.542774	127.307937	70	E	1	행복대로	미르터널 진입 전 3차로 종점
36.542784	127.306619	70	S	2	행복대로	미르터널 진입 전 3차로 시점
36.542872	127.305167	50	F	1	행복대로	3차로
36.542969	127.306628	50	F	1	용호로	미르터널 진출 후 3차로
36.543800	127.276200	30	F	3	당산로	연남초등학교
36.544313	126.472004	50	F	1	남당항로	신당초등학교 앞
36.544900	127.255000	30	F	3	수왕로	수왕초등학교
36.546738	128.792420	30	F	2	송천길	송천초등학교(안동대학교 방면)
36.546788	128.389785	30	F	2	낙상1길	지보초등학교(지보면행정복지센터 방면)
36.546792	128.389779	30	F	1	지보로	지보초등학교(지보중 방면)
36.547110	126.851034	60	F	1	청신로	미량리 마을입구
36.547171	128.737889	50	F	1	충효로	안동남부교회(영가대교 방면)
36.548163	127.301211	80	F	2	세종오송로	문주1교 진입 전
36.550100	126.775520	30	F	1	예당로	웅산초등학교 앞
36.551900	126.775790	30	F	2	예당로	웅산초등학교 건너편
36.552401	127.432101	100	E	2	1번 경부고속도로	경부고속도로 295.1K 서울방향 종점_3,4차로 (부산 → 서울)
36.552833	127.732573	30	F	2	문진로	산외초등학교 앞 (미원-보은)
36.554466	126.951111	30	F	2	중앙1길	유구초등학교 앞
36.555366	128.760988	30	F	2	길주길	길주초등학교(안동대학교 방면)
36.556830	128.164439	60	F	1	함창로	현대삼거리주유소(북상주IC 방면)
36.558057	127.324811	30	F	2	청연로	연동초교 앞
36.558349	126.685712	30	F	2	광금남로	갓골어린이집
36.558520	128.685354	60	F	2	퇴계로	(남부지방산림청 방면)
36.558588	126.685997	30	F	1	광금남로	갓골어린이집 앞
36.558930	126.345540	60	F	1	안면대로	정당2리 정류장 앞
36.559028	126.345233	60	F	2	안면대로	정당2리 정류장 앞
36.559190	128.460540	60	F	2	봉호로	금능2리 마을입구 교차로(구담시장 방면)
36.560008	128.299856	60	F	1	삼강로	풍양문화마을입구(문경 방면)
36.560715	128.703390	50	F	1	새재로	롯데캐슬 건너편
36.560747	129.115637	60	F	2	석보로	지경리경로당(영양 방면)
36.561440	128.120830	60	F	1	무운로	양범3리 회관
36.561859	128.716712	40	F	2	구산동로	영가초등학교(영주 방면)
36.562098	127.532389	80	F	2	25번 국도	(고은사거리→미원)
36.562125	128.120455	60	F	1	무운로	양범3리회관(양방향)
36.562431	128.716748	40	F	1	경동로	영가초등학교(태화소공원 방면)
36.563162	128.728529	40	F	1	옥서로	안동초등학교(법흥육거리방면)
36.563245	128.728309	40	F	2	안기천로	안동초등학교(중앙사거리 방면)
36.563486	127.283106	30	F	3	당산로	연봉초교 앞
36.563708	128.715028	40	F	2	경동로	영가초등학교(태화오거리 방면)
36.563840	128.698363	30	F	2	복주4길	복주초등학교(안동시청 방면)
36.564484	128.768577	50	F	1	육사로	(용상터널 방면)
36.564850	127.288196	60	F	2	당산로	보림사입구
36.565138	126.491610	50	F	2	서부로	송촌마을회관 앞
36.565615	128.735382	30	F	2	서동문로	동부초등학교(안동시청 방면)
36.565855	126.654250	30	F	1	충서로	샛별어린이집 앞
36.566478	126.649482	60	F	2	충서로	마온리 입구 삼거리
36.566698	128.718704	30	F	1	시장1길	서부초등학교(태화오거리 방면)
36.567328	126.775894	110	F	2	서부내륙고속도로	서부내륙고속도로 평택방향 1,2차로 시점
36.567500	126.775485	110	F	2	서부내륙고속도로	서부내륙고속도로 부여방향 1,2차로 종점
36.567706	128.718555	30	F	2	안기천로	서부초등학교(경안고등학교 방면)
36.567725	127.912612	30	F	2	문장로	화북초등학교(화북면행정복지센터 방면)
36.567895	128.718554	30	F	1	풍산단호로	서부초등학교(영가초등학교 방면)
36.568061	127.396535	30	F	1	저산척북로	갈원초등학교 (척산→비룡)
36.568125	128.719417	40	F	2	무릉길	서부초등학교(중앙사거리 방면)
36.568260	127.321687	60	F	1	청연로	연동면 청연로 동면농협예양지소 버스정류장 앞
36.568386	129.393203	30	F	1	원황길	원황초등학교(원황보건소 방면)
36.568710	128.077490	60	F	1	무운로	두곡2교차로
36.568794	128.077437	60	F	1	중화로	두곡2교차로(지동교차로 방면)
36.568814	128.077742	60	F	2	무운로	두곡2교차로(농암면→문경시청)
36.569437	128.733763	30	F	1	서동문로	상지유치원(안동시청 방면)
36.569458	128.919700	30	F	1	편항길	임동초등학교(임동중학교 방면)
36.569975	128.730136	30	F	1	무릉길	대구교대 안동부설초등학교(가톨릭상지대학교 방면)
36.570036	128.727815	30	F	1	제비원로	(서부파출소방면)
36.570710	128.283427	60	F	1	삼강로	달지2리 마을입구(산양면방면)
36.571140	128.181980	30	F	1	함창로	함창초 후문
36.571360	128.181918	30	F	1	야은로	함창초등학교(상주시청 방면)
36.571472	128.182041	30	F	2	함령길	함창초등학교(문경시청 방면)
36.571600	127.174000	50	F	2	의당전의로	중흥저수지 부근(중흥리 378-3, 도신리 ↔ 중흥1리)
36.572733	128.678952	50	F	1	경북대로	(안동터미널방면)
36.573049	128.175821	30	F	1	구향로	상주함창중앙초등학교(함창보건소 방면)
36.573084	127.988685	30	F	2	청화로	농암초등학교 청화분교 앞 (화북→농암)
36.573333	126.951556	110	S	2	대전당진고속도로	대전당진고속도로44.9km 대전방향 1,2차로시점
36.573618	127.655078	40	F	2	문진로	내북초등학교앞 (보은-청주)
36.573786	128.750360	70	F	2	동서순환로	달빛대교전(용산교 방면)
36.574378	128.684930	50	F	1	경동로	경안여고 앞(예천 방면)
36.574933	126.334196	60	F	2	안면대로	(창기리, 태안↔안면)
36.574969	128.414212	60	F	2	산업로	신일공업사 건너편(의성->예천)
36.574993	126.334466	60	F	3	안면대로	창기리 버스정류장 앞
36.575081	128.498356	30	F	1	풍요4길	풍천풍서초등학교(경북도청 버스정류장 방면)
36.575270	128.148040	60	F	1	무운로	양범교차로
36.575590	128.156870	60	F	1	무운로	교촌교차로
36.575858	128.156997	60	F	2	천문로	교촌교차로(양방향)
36.575860	128.189270	50	F	1	함창로	윤직1리 마을 앞
36.576417	128.573430	30	F	1	제비원로	풍산초등학교(하리삼거리 방면)
36.576422	128.573444	30	F	2	단원로	풍산초등학교(하리교 방면)
36.576594	128.088267	30	F	1	성주로	은척초등학교 무릉분교장(무릉교차로 방면)
36.576622	128.088281	30	F	1	성주로	은척초등학교무릉분교장(충주 방면)
36.576849	128.414846	40	F	2	예지로	어신리(어신교차로 방면)
36.576861	128.472639	60	F	2	봉호로	(금능리)제2행정타운 광장 앞(호명면->구담리)
36.577110	128.574620	30	F	2	풍산태사로	풍산초등학교(서안동IC 방면)
36.577477	128.480538	30	F	1	남매로	호명초등학교(호명초 후문 방면)
36.577813	126.656239	30	F	1	대학길	혜전대부속유치원(대동삼거리→홍북교차로)
36.577827	126.656217	30	F	2	대학길	혜전대학교부속유치원
36.578165	128.242911	30	F	2	영순로	영순초등학교(점촌 방면)
36.579037	128.145242	30	F	1	양범안룡길	이안초등학교(이안우체국 방면)
36.579628	126.337782	30	F	1	황도로	창기초등학교 건너편
36.579810	128.192120	50	F	1	함창로	영림프라임샤시 앞
36.579973	126.338054	30	F	1	황도로	창기초등학교 건너편
36.580004	126.337986	30	F	2	황도로	창기초등학교 앞
36.580493	128.192949	60	F	2	어풍로	윤직교차로 전(문경 방면)
36.580667	128.176712	60	F	2	당교로	대조리(문경 방면)
36.581155	128.182906	80	F	1	문경대로	대조과선교(점촌함창IC 방면)
36.581302	127.256112	30	F	3	연서로	연서초교 앞
36.581867	128.180937	80	F	1	문경대로	(상주 방면)
36.581959	127.253828	30	F	3	연서로	연서초교 앞
36.582079	128.752837	60	F	2	희망대로	산수갑산 맞은편 (영주->안동)
36.582117	128.735002	50	F	1	퇴계로	(안동시청방면)
36.582260	126.326297	70	F	2	안면대로	백사장사거리
36.583400	127.282800	30	F	3	월성로	아이마루유치원앞
36.583486	127.292838	50	F	2	세종로	번암사거리 전
36.584116	128.223091	60	F	2	부천로	현대종합자동차정비 150m전(의곡2리마을회관 방면)
36.584399	128.657806	80	E	1	경서로	국도 34호 종점(안동터미널 방면)
36.584510	126.856125	60	F	2	청신로	만사리 입구
36.584548	128.657859	80	S	2	경서로	국도 34호 시점(경북도청 방면)
36.585568	126.856737	60	F	2	청신로	죽천리 마을입구
36.585861	127.286607	30	F	2	도원로	도원초교 앞
36.586644	128.552654	80	S	1	경서로	국도 34호 시점(안동터미널 방면)
36.586668	128.552787	80	E	2	경서로	국도 34호 종점(경북도청 방면)
36.587981	128.192994	30	F	2	벽소로	모전우체국(모전오거리 방면)
36.588315	127.507809	60	F	2	단재로	효촌사거리(방서동 → 남일면)
36.588557	128.210639	40	F	1	남산로	영순교 300m후(점촌중앙시장 방면)
36.589234	127.298535	30	F	2	도화로	세종영재어린이집 앞
36.589862	127.426051	100	S	1	1번 경부고속도로	경부선 299.3K 부산방향 5차로 시점 (서울→부산)
36.590262	127.292638	30	F	2	은행나무1길	죽림어린이집 건너편
36.590310	128.638609	30	F	1	서선길	서선초등학교(예천 방면)
36.590310	127.300070	50	F	1	허만석로	죽림회전교차로 전
36.590386	127.292773	30	F	2	은행나무1길	죽림어린이집 앞
36.590526	128.473876	80	F	2	봉호로	홍구동교차로(예천→도청신도시)
36.590849	126.793379	60	F	2	예당로	앞
36.590966	128.182035	30	F	2	선비로	모전초등학교(문경시민운동장 방면)
36.591565	128.742295	60	F	2	퇴계로	안막동(봉화 방면)
36.591710	128.194744	30	F	1	돈달로	점촌초등학교(문경여고 방면)
36.591749	126.667686	30	F	2	홍장북로	홍성어린이집 건너편
36.591967	126.905191	70	F	1	차동로	차동1교차로
36.592177	126.667672	30	F	1	문화로	홍성어린이집 입구
36.592577	128.471932	30	F	1	봉호로	라온유치원(홍구동교차로 방면)
36.594237	129.011272	60	F	2	마령산해로	산해리(임동면 방면)
36.595169	127.814611	30	F	2	속리산로	화평버스정류장(화북초등학교 용화분교장 방면)
36.595400	127.213800	40	F	1	비암로	쌍류초등학교
36.595540	127.296294	30	F	2	충현로	조치원농협하나로마트본점
36.595566	127.296332	30	F	1	충현로	조치원농협하나로마트본점
36.596392	127.441693	30	F	2	대림로	죽림유치원 (남이면→죽림동)
36.596408	127.298991	30	F	1	새내로	새내로 4 앞
36.597069	126.671003	30	F	2	충절로	초롱어린이집
36.597133	127.399710	30	F	1	서부로	청주성신학교 (현암교차로→서청주노인요양원)
36.597400	127.301000	30	F	2	새내2길	근로복지공단 세종어린이집 앞
36.597518	128.536295	40	F	1	괴정2길	풍북초등학교(안동 방면)
36.597527	128.536294	40	F	2	안사풍천길	풍북초등학교(예천 방면)
36.598116	128.194302	30	F	2	돈달로	점촌중앙초등학교(문경여중 방면)
36.598608	128.197309	30	F	2	호서로	문경유치원(점촌네거리 방면)
36.598713	127.275952	40	F	1	오봉로	연기조치원농협 부근
36.598759	129.086824	30	F	1	군청길	입암초등학교(입암면사무소 방면)
36.598781	127.552812	40	E	1	목련로	구간종점 (월오동→가덕)
36.598798	127.499181	30	F	1	단재로	단재초등학교 (중흥S클래스→두진하트리움)
36.598801	127.552854	40	S	2	목련로	구간시점 (가덕→월오동)
36.598822	127.275855	40	F	2	오봉로	연기조치원농협 부근
36.598900	126.658400	30	F	2	조양로	홍성초등학교 앞
36.599213	128.196521	30	F	1	농암길	점촌중앙초등학교(문창고 방면)
36.599384	128.187158	50	F	2	금천로	점촌교(문경시내->문경읍)
36.599588	126.663095	30	F	1	문화로	(홍성읍→광천읍)
36.601274	126.568983	50	F	2	수덕사로	다산마을 버스정류장 옆
36.601300	127.303700	30	F	2	터미널안길	조치원명동초 앞
36.601314	128.004386	30	F	2	농암길	농암초등학교(농암행정복지센터방면 방면)
36.601383	127.514255	60	F	1	목련로	(상당경찰서→지북사거리)
36.601607	127.827118	30	F	2	무릉2길	화북초등학교 용화분교장(문경 방면)
36.601891	127.826238	30	F	2	용화로	화북초등학교 용화분교장(청천면사무소 방면)
36.602050	126.868100	30	F	2	청신로	신양초등학교 건너편
36.602118	128.712205	60	F	2	제비원로	이천동(제비원전시관 방면)
36.602170	126.868100	30	F	1	청신로	신양초등학교 앞
36.603686	128.203345	30	F	2	중신기2길	호서남초등학교(황제맨션 방면)
36.603694	127.410851	80	F	2	587번 지방도	구암교차로 인근 (세종 → 청주)
36.603996	127.289576	30	F	3	향나무길	신봉초등학교 건너편
36.604027	127.303927	60	E	2	허만석로	상리사거리 앞 세종방향 1,2차로 종점
36.604027	127.303972	60	S	1	허만석로	상리사거리 앞 천안방향 1,2차로 시점
36.604663	127.530643	80	F	1	25번 국도	백운터널 후 (백운터널 → 백운교차로)
36.604900	127.288100	30	F	2	내창천로	신봉초교 앞
36.605550	126.653666	50	F	1	충서로	SK LPG 충전소 앞
36.605909	128.166564	30	F	1	유곡불정로	진곡마을회관 앞(점촌4동행정복지센터방면)
36.607399	126.792311	30	F	2	예당로	대흥초등학교입구 앞
36.608416	127.494945	30	F	1	분평로	원평초등학교 (분평주공5단지 → 분평동주민센터)
36.609467	128.522225	80	F	2	경서로	직산리(예천방면)
36.609474	128.253307	30	F	2	막곡길	산양초등학교 앞 (문경→예천)
36.609501	128.252735	30	F	1	신기4길	산양초등학교(문경시방면)
36.610638	127.512058	30	F	1	무농정로	교동초등학교 (원봉공원→농협하나로마트)
36.610729	128.306317	80	F	2	경서로	일성오일뱅크 맞은편(예천군청 방면)
36.610783	127.411673	80	F	1	25번 국도	(석곡분기점 → 강상촌분기점)
36.611387	127.322125	60	F	2	오송가락로	(오송역→오송읍사무소)
36.611421	127.494988	30	F	2	원마루로	원평초등학교 (원마루시장→월평로)
36.611499	127.537641	40	S	1	목련로	구간시점 (월오동→가덕)
36.611514	127.537672	40	E	2	목련로	구간종점 (가덕→월오동)
36.611935	126.311356	70	F	2	안면대로	곰섬삼거리
36.611960	129.083660	60	F	2	영양로	자연 생태마을 앞 (영양 방면)
36.612317	127.444028	30	F	2	대림로	죽림초등학교 앞
36.612390	127.325456	30	F	2	오송2길	오송초등학교 정문 (오송삼거리→오송초등학교)
36.612541	127.502305	30	F	1	월평로	원봉초등학교 (원봉초→월평로)
36.613917	127.472417	50	F	1	1순환로	기독교방송국 앞
36.615400	126.788900	60	F	2	예당로	예당저수지 인근
36.615426	126.554036	110	S	2	서해안고속도로	서해안선 226.8km목포방향 1,2차로시점
36.616839	127.478375	30	F	2	매봉로	산남어린이집 (잠두봉공원 → 모충초)
36.617230	128.768292	40	F	2	퇴계로	와룡초등학교(와룡삼거리 방면)
36.617378	126.631755	50	F	1	홍덕서로	홍천문화마을 앞
36.617704	127.442132	30	F	2	가경로	서경초등학교 정문 앞 (주공6단지→주공2단지)
36.617722	128.767234	40	F	2	퇴계로	와룡초등학교 200m 앞(안동시청방면)
36.617996	128.767520	40	F	1	충효로	와룡초등학교(도산서원 방면)
36.618233	127.484227	30	F	2	구룡산로	교대부설초등학교 (산남동→수곡동)
36.618337	127.521411	30	F	1	중고개로	용아초등학교 (씨티프라디움→동남유치원)
36.618490	127.478498	30	F	1	매봉로	한솔초등학교 (모충초 → 잠두봉공원)
36.618855	127.343961	70	F	2	508번 지방도	(세종→청주공항)
36.618875	127.471808	30	F	2	수곡로	수곡초등학교 (수곡중학교→수곡우편집중국)
36.619373	128.321053	80	F	2	경서로	풍년휴게소(안동 방면)
36.620153	127.638459	80	F	2	32번 지방도	(가덕 → 미원)
36.620175	128.707328	40	F	1	산약길	영명학교(영주 방면)
36.620210	127.722659	30	F	1	운암계원로	미원초금관분교 (청천→미원)
36.620239	127.097966	30	F	1	정안마곡사로	대산2리마을회관 앞
36.620425	126.622857	60	F	1	흥덕서로	장고개골
36.621083	127.396485	80	F	1	3번 지방도	3차 우회도로 강산촌분기점
36.621533	126.310765	30	F	2	마검포길	삼성초등학교 건너편
36.621538	126.310853	30	F	1	마검포길	삼성초등학교 앞
36.621907	127.438809	30	F	2	장구봉로	경덕초등학교 앞
36.621938	126.311524	30	F	2	마검포길	삼성초등학교 건너편
36.622599	127.602148	30	F	1	낭성시내길	낭성초등학교 (낭성면사무소→산성로)
36.622840	127.892590	30	F	1	문장로	입석리 마을 앞
36.623036	127.892580	30	F	2	문장로	회룡동입구(괴산방면)
36.623630	126.355995	70	F	2	천수만로	연육교삼거리 진입부
36.623646	127.763595	30	F	2	37번 국도	(평단저수지 → 신월교)
36.623658	127.290374	60	S	2	허만석로	홍익대학교 앞 세종방향 1,2차로 시점
36.623658	127.290374	60	E	1	허만석로	홍익대학교 앞 천안방향 1,2차로 종점
36.623770	127.516231	30	F	2	용암북로	용성초등학교 (용성초→영운천)
36.624398	127.658888	70	F	2	19번 국도	미동산 수목원 앞(보은 → 미원)
36.625157	127.232449	40	F	1	금이로	송정리버스정류장 옆
36.625566	128.156600	30	F	2	산양로	점촌북초등학교(불정교차로방면)
36.625567	128.157076	30	F	1	여우목로	(불정→점촌역)
36.625944	127.510139	50	F	2	중고개로	장자마을 부영 10단지 입구
36.626323	127.345861	70	F	1	508번 지방도	(청주공항→세종)
36.626435	127.495508	30	F	1	영운로	석교초등학교 (탑동힐데스하임→효성병원)
36.627352	127.495047	30	F	2	영운로	석교초등학교 (효성병원→육거리)
36.627443	126.590655	30	F	1	수덕사로	복당2리 노인회관 앞
36.627580	127.422323	30	F	2	가로수로1131번길	강서초등학교 (비하대광로제비항2차 → 강서초병설유치원)
36.627714	127.329086	30	F	1	오송생명5로	만수초등학교 (오송중학교 → 오송호반베르디움)
36.627975	126.322806	70	F	1	천수만로	당암회관 앞 교차로
36.628409	127.336035	60	F	2	오송생명로	충북청주전시관 (오송 → 청주)
36.629800	128.245247	60	F	2	금천로	봉정삼거리(양방향)
36.630031	127.434724	30	F	1	가경로173번길	풍광초등학교 (풍광초 → 풍년골공원)
36.630034	127.435169	30	F	2	가경로	풍광초등학교 정문 (풍년골공원→풍광초)
36.630409	127.502654	50	F	1	산성로	굿모닝피부과앞 (명암저수지→효성병원)
36.631631	127.474829	30	F	2	호국로	사직초등학교 (모충동→사직동)
36.632431	127.381148	100	S	2	1번 경부고속도로	경부고속도로 305.9K 서울방향 시점_3차로
36.633140	127.287640	60	F	1	세종로	조치원→천안
36.633903	128.205672	30	F	2	부항로	호계초등학교(호계보건지소 방면)
36.633945	128.205602	30	F	1	신기4길	호계초등학교(점촌→문경새재)
36.634322	127.447233	50	F	1	사직대로	산업단지6거리 (충대사거리 → 복대사거리)_3,4차로
36.635305	126.786066	30	F	1	예당로	평촌초등학교 앞
36.635602	127.164375	40	F	1	미래산단4로	미래산단4로 78 진입로 앞
36.635738	127.433152	30	F	1	증안로	진흥초 (진흥초→흥덕고)
36.636637	127.658788	30	F	1	19번 국도	미원초등학교 (청천 → 미원)
36.636995	126.880944	70	F	1	차동로	귀마교차로
36.637472	127.887286	30	F	2	문장로	화북초등학교 입석분교장(송면중학교 방면)
36.637782	127.418213	110	F	2	35번 중부고속도로	중부고속도로 251.8K (남이JC → 서청주IC)
36.637791	126.799648	40	F	1	예당관광로	예당관광지 관리사무소 건너편
36.637871	126.799526	40	F	2	예당관광로	예당관광지 관리사무소 앞
36.638306	127.388341	80	F	2	17번 국도	(강상촌분기점→청주공항)
36.638752	128.069025	60	F	2	진곡길	갈전1리 갈밭마을입구(농암면방면)
36.638889	127.114576	110	E	2	천안논산고속도로	천안논산고속도로252.6km
36.639037	128.249132	40	F	1	금천로	서중리(단양 방면)
36.639087	128.168629	30	F	2	신재로	신기초등학교(문경시청방면)
36.639240	126.604262	30	F	2	수덕사로	수덕초등학교 앞
36.639635	127.433315	30	F	1	대신로73번길	직지초등학교 (직지초 → 복대두진하트리움2차아파트)
36.639646	128.168683	30	F	2	유곡불정로	(점촌→문경읍)
36.639731	128.149596	80	F	1	문경대로	문경읍 방면
36.639807	128.249195	40	F	2	금천로	서중리(상주 방면)
36.640443	127.427111	30	F	2	대농로	솔밭초등학교 (두진백로아파트 → 솔밭초교사거리)
36.640908	127.486078	30	F	1	교서로	주성초등학교 (청주중학교→청주공업고등학교)
36.641030	127.515024	40	E	1	512번 지방도	(상당산성 → 도청)
36.641944	126.682985	30	F	2	홍학로	가람유치원 앞(한울초교→가람유치원)
36.641966	128.177285	50	F	2	경서로	신기산업단지 앞(별암삼거리 방면)
36.642079	128.177254	50	F	1	신기로	신기산업단지 건너(신기초등학교 방면)
36.642252	126.682866	30	F	1	홍학로	가람유치원 건너(물팽이골사거리→한울초교사거리)
36.642619	128.063150	30	F	2	가은로	가은초등학교 정문(가은중방면)
36.642696	127.111461	110	S	1	천안논산고속도로	천안논산고속도로259.7km
36.642909	128.075390	60	F	2	은성로	가은삼거리(갈전교 방면)
36.643403	128.070865	60	F	2	가은로	가은중·고등학교(가은초 방면)
36.643679	128.063399	30	F	2	대야로	가은초등학교 후문(가은파출소방면)
36.644553	127.363871	70	F	1	508번 지방도	(옥산→세종)
36.644820	126.678910	30	F	2	홍학로	한울초등학교 건너편
36.645444	127.474458	30	F	1	흥덕로	흥덕초등학교 (운천동→고인쇄박물관)
36.646644	126.307254	70	F	2	안면대로	달산포교차로
36.647100	126.691405	30	F	2	홍북로	주민자치센터 앞
36.647112	126.307686	70	F	1	안면대로	달산포교차로
36.647177	129.425259	80	F	1	동해대로	울진군 후포읍 동해대로(금음4리) 후포검문소앞(영덕->울진)
36.647671	128.148586	60	S	1	경북대로	구간 시점(문경새재 방면)
36.647698	127.747429	60	F	1	37번 국도	(괴산 → 보은)
36.647744	128.148217	60	E	2	문경대로	구간 종점(문경시청 방면)
36.649100	126.772500	60	F	1	예당로	노화2리 버스정류장 앞
36.649223	127.528097	40	S	1	512번 지방도	(상당산성 → 도청)
36.650070	126.677120	30	F	2	홍학로	내포초등학교 앞
36.650532	129.155825	60	F	2	영양창수로	대천1리마을회관(영양군청방면)
36.650599	126.693499	30	F	2	매죽헌길	홍북어린이집 앞
36.650680	126.693540	30	F	2	홍장남로	홍동행정복지 센터 앞
36.651104	128.453066	50	F	1	경북대로	예천축협하나로마트(예천군청 방면)
36.651201	126.758561	60	F	2	충서로	(대교1교차로→홍북)
36.651240	126.664802	30	F	1	홍원로	충남아이키움뜰 입구 (용방치기사거리→자미원삼거리)
36.651269	127.469971	50	F	2	제1순환로	한성아파트 후문
36.651532	126.684504	30	F	2	자경로	홍북초 건너(의향로→홍예로)
36.651631	126.684699	30	F	1	자경로	홍북초 앞(홍예로→의향로)
36.651900	126.664600	30	F	2	홍원로	충남아이키움뜰 앞
36.652149	128.223132	60	F	1	안파로	가도3교 전(문경시청 방면)
36.652563	127.472575	30	F	2	서운로208번길	운천초등학교 (무지개아파트→무심천)
36.653005	126.806537	30	F	1	국사봉로	응봉상회 입구
36.653452	128.257352	30	F	1	금천로	산북초등학교 앞 (문경시청→용문면)
36.653600	127.266700	30	F	1	운주산로	전동초교 부근
36.653855	127.266333	30	F	2	운주산로	전동초교 앞
36.654030	129.108711	60	F	2	영양로	양평교차로 앞(진보방면)
36.654590	128.258339	30	F	2	금천로	산북초등학교(서중리마을회관 방면)
36.654724	128.090086	60	F	1	은성로	하내2교(문경새재 방면)
36.654962	128.449241	30	F	1	시장로	예천초등학교(예천경찰서 방면)
36.655282	126.770228	30	F	2	예당로	응봉초등학교 건너편
36.655452	127.187484	40	S	2	의당전의로	영당리→신흥리(전면), 신흥리→영당리(후면)
36.655612	126.770161	30	F	1	예당로	응봉초등학교 앞
36.655660	128.450473	30	F	2	해병로	예천초등학교(예천역 방면)
36.655700	127.268700	30	F	2	전동로	전동삼거리 전 130m
36.656146	127.394038	80	S	2	17번 국도	구간시점 (청주역분기점→원평교차로)
36.656271	126.892799	30	F	1	대술로	대술초등학교 건너편
36.657454	128.055621	60	F	2	대야로	도탄교 100m전(가은읍 방면)
36.657925	127.494071	30	F	1	안덕벌로	내덕초등학교 (청주대학교 예술대학→연초제조창)
36.659584	127.512084	30	F	2	율중로7번길	갈릴리어린이집 (대원칸타빌4차 → 풍경채)
36.660120	127.736703	30	F	2	괴산로	청천초등학교 (미원→청천)
36.660208	127.736876	30	F	1	32번 지방도	청천초등학교 (청천 → 미원)
36.660627	129.112408	40	F	2	중앙로	영양고등학교(우체국사거리 방면)
36.660639	129.112261	40	F	1	중앙로	영양고등학교(양평교차로 방면)
36.661294	126.400697	30	F	1	인정로	강당초등학교앞2(지산리→칠전리)
36.661367	128.460588	30	F	2	양궁로	예천동부초등학교(예천군청 방면)
36.661372	128.460581	30	F	1	낙상1길	동부초등학교(예천여고 방면)
36.661724	126.400564	30	F	2	인정로	강당초등학교앞1(칠전리→지산리)
36.661824	126.400529	30	F	2	인정로	강당초등학교 건너편
36.661923	126.400588	30	F	1	인정로	강당초등학교 앞
36.663141	129.119894	30	F	1	영양창수로	영양중앙초등학교(영양군청방면)
36.663154	127.513592	70	F	1	충청내륙로	상리교차로 200m전(증평-청주)
36.663321	127.373716	30	F	2	옥산시내1길	옥산초등학교 (오송 → 옥산보건지소)
36.663351	128.474166	80	E	2	예영로	국도 28 종점(예천 방면)
36.663384	128.474305	80	S	1	경서로	국도 28 시점(영주 방면)
36.663386	127.466363	50	F	2	무심서로	(문암생태공원-운천동)
36.664806	129.432843	60	F	1	동해대로	백암회센터휴게소 앞(평해방면)
36.665668	129.112032	30	F	2	군청길	영양초등학교(영양고등학교 방면)
36.666170	127.372631	30	F	1	청주역로	옥산파출소앞 (오산사거리→한울1차아파트)
36.666446	127.500320	30	F	2	율봉로	중앙초등학교 (라마다청주호텔→중앙초등학교)
36.666574	127.500045	30	F	1	율봉로	중앙초등학교 (중앙초 → 라마다청주호텔)
36.667010	126.532940	30	F	1	고북1로	고북초등학교 앞
36.667060	126.532850	30	F	2	고북1로	고북초등학교 건너편
36.667194	127.136778	80	F	1	차령로	대평리 원덕리 진출부
36.667648	126.530819	30	F	2	고북2로	고북초등학교앞1(고북교차로→고북시내)
36.667679	126.530538	30	F	2	고북2로	고북초등학교앞2(고북시내→고북교차로)
36.668026	126.532812	30	F	1	고북1로	고북초등학교(세븐일레븐)(서산→고북면)
36.669046	129.435514	80	F	2	동해대로	울진군 후포읍 동해대로(금음리) 금음1리 마을 앞(울진->영덕)
36.669068	126.525698	80	F	1	내포로	고북교차로(해미→홍성)
36.669271	127.217736	40	F	2	운주산로	미곡리1구할머니경로당부근
36.669285	126.520658	80	F	2	내포로	고북교차로(홍성→해미)
36.669336	128.126259	70	S	1	문경대로	구간 시점(문경시청 방면)
36.669352	128.126406	70	E	2	문경대로	구간 종점(문경새재 방면)
36.669406	127.455697	50	F	2	송화로	(테크노폴리스 → 무심서로)
36.670210	127.194786	40	S	2	의당전의로	영당리→신흥리(전면), 신흥리→영당리(후면)
36.670952	127.430629	80	E	2	17번 국도	구간종점 (청주역분기점→원평교차로)
36.671691	127.370947	60	F	1	596번 지방도	옥산중교차로 (국사리→오산리)
36.671700	126.852000	40	F	1	형제고개로	유림가든 앞
36.672217	127.270946	40	F	1	전동로	노장3리 입구 삼거리
36.672804	126.298672	30	F	2	남면로	남면초등학교 건너편
36.672897	126.298681	30	F	1	남면로	남면초등학교 앞
36.673010	127.389760	30	F	1	오송가락로	청주소로초등학교 (옥산농협동부지점 → 소로초)
36.673287	127.861367	30	F	1	송문로	송면초등학교 (송정삼거리→송면삼거리)
36.673321	127.861378	30	F	1	49번 지방도	송면초등학교 (송면삼거리 → 송정삼거리)
36.673409	126.299876	30	F	2	남면로	남면초등학교 건너편
36.673992	127.145361	30	F	1	차령고개로	피덕마을 앞
36.674328	127.146096	30	F	2	차령고개로	피덕마을 건너편
36.675052	126.786110	60	F	1	충서로	예산운전면허시험장 4거리
36.676000	127.206300	30	F	3	신송로	전의유치원 건너편
36.676864	126.869049	40	F	1	충령사로	예산축협경제사업장 앞
36.677422	126.295295	70	F	2	안면대로	몽산포교차로
36.677435	127.644647	60	F	1	511번 지방도	(초정→미원)
36.678000	127.163200	80	F	2	차령로	유천교차로1km전방
36.678972	126.907944	60	F	1	대술로	궐곡리마을회관 입구
36.679062	126.645564	50	F	1	수덕사로	둔1리
36.679222	127.184556	80	F	2	1호 국도	sk세종전의 주유소 건너편
36.679409	127.203861	30	F	3	운주산로	전의초교 앞
36.679474	127.203851	30	F	3	운주산로	전의초교 앞
36.680088	129.441981	30	F	2	후포삼율로	후포초등학교(울진해양경찰서 방면)
36.680343	127.480450	50	F	2	밀레니엄1로	(충청북도소방본부 → 성모병원)
36.681465	128.126317	30	F	1	동성길	동성초등학교 앞(문경새재 방면)
36.681510	126.579991	70	F	2	한터로	송덕암교차로(예산→해미)
36.681959	126.990634	60	F	1	외암로	임산물산지종합유통센터 앞
36.682290	126.849760	30	F	1	아리랑로	예산초등학교 앞
36.682357	127.753755	40	F	1	37번 국도	(부흥사거리 → 금평삼거리)
36.682916	127.504331	70	F	2	36번 국도	대영운전학원 앞(수름재 → 증평)
36.683013	126.990684	60	F	2	외암로	송학2리 마을회관 앞
36.683290	126.832550	30	F	1	주교로	예산중앙초등학교 앞
36.683360	126.832460	30	F	2	주교로	예산중앙초등학교 건너편
36.683517	126.619469	70	F	1	윤봉길로	대치교차로
36.683832	127.171267	70	F	1	차령로	유천교차로
36.684175	126.536131	70	F	2	내포로	날새교차로300m 전
36.684929	126.579469	70	F	2	한터로	윈터교차로(한서대학교→덕산)
36.685200	127.266500	40	F	2	전동로	봉대리마을입구
36.685252	126.741793	40	F	1	신가꽃산길	제일어린이집 건너편
36.685260	126.643460	30	F	1	덕산온천로	시량초등학교 앞
36.685901	126.741891	30	F	1	삽교로	제일어린이집 앞
36.686530	126.795070	30	F	1	오가중앙로	오가초등학교 진입로
36.686940	126.843863	50	F	1	금오대로	아리랑삼거리 전
36.687032	127.527057	80	S	2	36번 국도	구간시점 (청주→증평)
36.687366	129.123099	60	F	2	영양로	곡강리버스정류장(영양군청 방면)
36.687423	126.939628	30	F	2	대술동로	송석리경로당 앞
36.687685	126.165951	60	F	1	근흥로	국방과학연구소 부근
36.687829	128.276717	40	F	1	금천로	충의공비각(경천 방면)
36.687900	127.157600	30	F	1	광덕로	행정초등학교 앞
36.688086	127.511237	70	F	1	592번	마을입구 앞(증평→청주)
36.688183	126.676348	60	F	2	신리안치길	송산삼거리 부근
36.688220	126.795920	30	F	1	역말로	오가초등학교 앞
36.689968	126.705704	80	F	1	윤봉길로	안치IC교
36.690105	127.514052	30	F	2	구성새동네길	수성초등학교구성분교장 (청주 → 증평)
36.690840	126.833010	30	F	2	역전로	금오초등학교 앞
36.690842	126.834125	30	F	1	역전로	금오초등학교 건너편
36.693170	126.174339	30	F	1	근흥로	안흥초등학교 건너편
36.695028	127.475611	80	F	2	17번 국도	오동교차로 앞
36.697700	126.947600	50	F	2	대술동로	방주농장 인근
36.698001	126.664555	50	F	1	덕산온천로	덕산낙원떡방앗간 앞
36.698287	126.833717	40	F	2	발연로	대산농기계상사 건너편
36.698400	126.392000	30	F	1	무학로	대봉정교차로
36.698560	126.392018	30	F	2	무학로	대봉정교차로(서산→부석창리)
36.698619	129.059311	40	F	2	장갈로	일월초등학교 청기분교장(안동 방면)
36.701200	126.203000	60	F	2	근흥로	연포삼거리
36.701202	126.202931	60	F	2	근흥로	연포삼거리
36.701222	127.102944	50	F	1	광풍로	광풍로
36.701480	126.716440	30	F	1	삽교평야로	용동초등학교 앞
36.701645	129.124679	40	F	2	제일로	일월파출소앞(영양군청 방면)
36.702124	129.127854	30	F	2	영양로	일월초등학교(울진 방면)
36.702488	127.114237	50	F	2	광덕로	신흥교차로
36.702688	127.732306	50	F	1	36번 국도	(청천-청안)
36.702959	128.445451	60	F	2	도효자로	대제사거리(대제리버스정류장 방면)
36.703096	127.726212	50	F	1	19번 국도	(미원-괴산)
36.703330	126.715690	30	F	2	삽교평야로	용동초등학교 건너편
36.703495	127.106445	30	F	2	광풍로	대흥경로당 앞
36.704011	127.456654	80	F	1	540번 지방도	(공항→과학단지)
36.704637	128.444508	60	F	1	도효자로	대제리버스정류장(대제사거리 방면)
36.705182	126.785797	30	F	2	오신로	양신초등학교 앞
36.705400	127.001100	60	F	2	외암로	방미교 150m 후
36.705432	126.664275	30	F	2	가야산로	덕산어린이집 앞
36.705701	126.667714	30	F	1	봉운로	덕산초등학교 앞
36.705748	126.510444	30	F	2	신성로	언암초등학교1(휴암리→신정리)
36.705778	126.669432	30	F	1	봉운로	덕산초등학교 앞
36.705784	126.786183	30	F	1	오신로	양신초등학교 건너편
36.705842	126.510666	30	F	2	신성로	언암초등학교 앞
36.705958	126.510735	30	F	1	신성로	언암초등학교 건너편
36.706115	127.429683	70	F	2	508번 지방도	오창중앙병원사거리 (옥산 → 증평)
36.706691	126.813132	60	F	2	황금뜰로	오촌교 인근
36.706756	127.424756	30	F	2	오창중앙로	각리초등학교 (각리중 → 각리초)
36.707023	127.526566	80	F	1	36번 국도	덕일한마음아파트 교차로 (증평→구성교차로)
36.707398	127.729156	30	F	2	질마로	백봉초등학교 (청천→증평)
36.707631	126.392047	70	F	1	무학로	대두교차로(서산→부석)
36.707647	127.730970	50	F	1	19번 국도	(괴산-미원)
36.708471	126.391453	70	F	2	무학로	대두교차로(부석→서산)
36.708900	127.274100	60	F	1	수신로	백자슈퍼 앞
36.709461	129.443959	60	F	1	동해대로	울진군 평해읍 동해대로 학곡3교차로(영덕->울진)
36.709928	129.443890	60	F	2	동해대로	울진군 평해읍 동해대로 학곡3교차로(울진->영덕)
36.710899	127.582326	30	F	1	세교초정로	비상초등학교 (초정→내수)
36.712025	129.109521	60	F	1	재일로	주곡2리 마을회관입구(영양읍방면)
36.712283	127.414446	30	F	2	구룡택지1로	비봉초등학교 (오창한라비발디 → 청원고등학교)
36.712542	127.211493	50	F	1	왕의물로	하이트진로공장 입구
36.712637	127.148760	80	E	2	세종로	운당교차로 전 구간단속 종점
36.713304	128.108024	110	E	2	중부내륙고속도로	(문경시 문경읍 마원리)(상주 방면)
36.713342	127.734367	60	S	2	19번 국도	(미원 → 괴산)
36.713422	126.228691	30	F	2	근흥로	근흥초등학교 건너편
36.713700	126.229100	30	F	1	근흥로	근흥초등학교 건너편
36.713701	126.808554	30	F	1	황금뜰로	신원2리 마을회관 인근
36.713721	126.395388	30	F	2	강경벌로	부석초등학교(취평삼거리→부석교차로)
36.713800	126.229300	30	F	2	근흥로	근흥초등학교 앞
36.714165	126.229495	30	F	1	근흥로	근흥초등학교 앞
36.714886	126.545656	30	F	2	남문2로	해미초등학교앞교차로1(서산→해미시내)
36.715800	127.006300	60	F	1	외암로	청산가든 100m 전
36.716255	126.437077	50	F	2	양인로	모월저수지 부근
36.716841	126.394025	30	F	2	강경벌로	부석초등학교 앞
36.716900	126.543600	30	F	2	성지1로	해미초등학교 앞
36.717033	126.443694	50	F	2	양인로	모월저수지 부근
36.717046	126.393868	30	F	1	강경벌로	부석초등학교앞단일로1(태안→부석)
36.717203	126.543994	30	F	2	성지1로	해미초등학교정문(오학리→해미도서관)
36.717300	126.393700	30	F	1	강경벌로	부석초등학교 건너편
36.717616	126.538661	30	F	1	남문2로	해미초등학교앞교차로2(해미시내→서산)
36.717904	126.832386	60	F	1	충서로	정보화마을 입구
36.718739	128.924958	30	F	1	농암로	월곡초등학교 삼계분교장(봉화 방면)
36.719317	127.425018	30	F	2	양청택지3길	양청초등학교 (오창하나부동산 → 꿈누리어린이공원)
36.719699	126.534594	80	F	1	중앙로	옥거리교차로(서산→해미)
36.719852	127.132486	110	E	1	천안논산고속도로	천안논산고속도로268.8km 천안방향 1,2차로
36.720070	127.132568	110	S	2	천안논산고속도로	천안논산고속도로268.8km
36.720113	126.534575	80	F	1	중앙로	옥거리교차로(해미→서산)
36.720403	127.424719	30	F	2	양청택지4길	양청초등학교 (양청중학교→양청1길)
36.720447	129.142513	60	F	1	영양로	섬촌리(영양군청 방면)
36.720914	127.157453	30	F	3	소정구길	소정초교 앞
36.721064	127.735041	60	E	1	19번 국도	(괴산 → 미원)
36.721215	128.526936	30	F	2	충효로	감천초등학교(영주 방면)
36.721305	126.841346	30	F	2	신례원로	예산어린이집 부근
36.722051	127.157756	30	F	3	소정구길	소정초교 건너편
36.722242	127.063264	30	F	2	고불로	아산시 배방읍 고불로
36.722714	129.439252	30	F	1	월송길	평해초등학교(평해중 방면)
36.723064	129.439423	30	F	2	평해로	평해초등학교(남대천 방면)
36.723091	126.402122	70	F	2	무학로	취평교차로(부석→서산)
36.723578	129.429096	60	F	1	백암온천로	울진군 평해면 백암온천로(삼달1리) 마을앞(평해->백암온천)
36.723584	127.323801	100	E	1	1번 경부고속도로	경부고속도로 318.7K 서울방향 종점_3차로
36.723700	127.173800	70	F	1	취금헌로	대곡터널 출구
36.724179	126.563168	110	E	2	서해안고속도로	서해안고속도로239.1k 목포방향 종점
36.724251	126.401142	70	F	2	무학로	취평교차로(서산→부석)
36.724693	126.843002	30	F	1	신례원로	신례원초등학교 전 50m 지점
36.725650	126.966140	50	F	1	송악로	수곡1리 마을입구 앞
36.725936	127.119184	30	F	1	풍세로	풍세초등학교 앞
36.725988	128.093319	110	S	1	중부내륙고속도로	마원리 시점(양평 방면)
36.726200	126.519300	30	F	2	덕지천로	억대리마을회관 건너편
36.726222	126.519373	30	F	1	덕지천로	마을회관앞(귀밀리→귀밀리)
36.726388	127.536825	30	F	1	마산1길	내수초등학교 (하나로마트→내수초등학교)
36.727043	127.117120	50	F	2	용무길	풍세산업단지 앞
36.728670	126.439593	50	F	1	양열로	모월저수지인근(양대동→모월리)
36.729131	127.214076	50	F	1	약수로	천안시 동남구 약수로
36.729134	127.165647	80	S	2	세종로	대곡삼거리 후방 구간단속 시점
36.729238	127.213986	50	F	2	약수로	천안시 동남구 약수로
36.729307	127.405418	60	F	1	두릉유리로	(양지리→성산사거리)
36.730735	126.800651	60	F	2	오신로	버팀목요양원 입구
36.731129	126.289312	70	F	2	안면대로	송남교차로
36.731730	126.821610	30	F	1	신암남로	신암초등학교 건너편
36.732141	128.095882	80	F	1	문경대로	연풍 방면
36.732570	128.534761	80	S	2	예영로	국도 28 시점(예천 방면)
36.732625	128.534984	80	E	1	예영로	국도 28 종점(영주 방면)
36.732800	127.129900	90	F	2	세종평택로	풍세교차로앞
36.733126	126.498416	30	F	2	덕지천로	해미→서산
36.733290	126.821190	30	F	2	신암남로	신암초등학교 앞
36.733300	126.829900	60	F	2	추사로	신례원교 인근
36.733500	126.496600	40	F	2	덕지천로	덕지천 2동 버스정류장 부근
36.734130	127.123040	30	F	1	풍세로	풍세아름지역아동센터 건너편
36.734220	127.122990	30	F	1	풍세로	풍세아름지역아동센터 앞
36.734401	127.733510	60	S	1	19번 국도	(괴산 → 미원)
36.734569	127.733623	60	E	2	19번 국도	(미원 → 괴산)
36.734756	126.735649	30	F	1	삽교평야로	구만초등학교입구 건너편
36.735179	126.735694	30	F	2	삽교평야로	구만초등학교입구 앞
36.735226	127.446443	30	F	1	2산단4로	키즈앤솔어린이집 (창리초등학교 → 주성근린공원)
36.735501	127.522549	60	F	2	540번 지방도	(청주공항 → 대율삼거리)
36.736231	128.104009	30	F	1	청운로	문경초등학교(문경읍행정복지센터방면)
36.736893	128.311651	40	F	2	금천로	간송리(상주 방면)
36.737109	126.326453	60	F	2	기업도시로	태안종합운동장 앞 교차로
36.737146	126.517529	80	F	2	중앙로	웅소성리사거리(서산→해미)
36.737763	126.420563	70	F	2	무학로	SK주유소앞교차로(서산→부석)
36.738018	126.421025	70	F	2	무학로	SK주유소앞교차로(부석→서산)
36.738706	127.151397	30	F	1	미죽로	미죽초등학교 앞
36.739079	126.515971	80	F	2	중앙로	웅소성리사거리(해미→서산)
36.740315	127.458666	30	F	1	오창시내1길	오창초등학교 (모정교 → 창리사거리)
36.741033	128.774602	30	F	1	녹전로	녹전초등학교(녹전면행정복지센터 방면)
36.741200	126.970700	30	F	1	신정로	룸비니전원유치원 앞
36.741439	127.614861	60	F	1	540번 지방도	원평리마을 앞 (증평→초정)
36.741779	128.081342	70	E	2	문경대로	국도 3 종점(문경역 방면)
36.742372	127.236445	30	F	1	신사대화로	신사초등학교 앞
36.742400	127.236200	30	F	2	신사대화로	신사초등학교 인근
36.742610	127.221380	50	F	2	약수로	대운자원 70m 후
36.742640	127.221460	50	F	1	약수로	대운자원 70m 전
36.742777	128.834207	60	F	2	온혜로	도산교차로(안동시청 방면)
36.743382	128.083089	60	F	2	새천년대로	오미자테마공원 (문경읍방면)
36.743577	128.542770	80	F	1	청송로	28번국도(영주 방면)
36.743833	126.824111	40	F	1	추사로	신암치안센터 3가
36.743847	126.448526	30	F	2	남부순환로	서령초등학교앞1(죽성동→양대동)
36.743847	126.448579	30	F	2	남부순환로	서령초등학교앞2(양대동→죽성동)
36.743866	127.693657	60	F	2	592번 지방도	운곡진료소 앞 (증평 → 괴산)
36.744180	127.013975	80	S	2	온양순환로	장존교차로 1,2차로시점
36.744700	127.103400	30	F	1	용정길	용정초등학교 앞
36.744900	127.102800	30	F	1	태학산로	용정초등학교 앞
36.745283	127.126119	50	F	1	풍세로	버스정류장부근 삼거리
36.745547	128.442927	30	F	1	유용로	은풍초등학교(예천읍 방면)
36.745771	128.443279	30	F	2	은풍로	은풍초등학교(풍기읍 방면)
36.745806	126.246971	60	F	2	근흥로	두야정미소 앞
36.745871	126.483666	30	F	1	덕지천로	오산초등학교 건너편
36.746080	126.247506	60	F	2	근흥로	국방과학연구소 부근
36.746086	126.483388	30	F	2	덕지천로	오산초등학교 앞
36.746150	126.702715	30	F	2	황금뜰로	고덕초등학교 건너편
36.746196	126.483354	30	F	2	덕지천로	오산초등학교앞2(세무서→장동)
36.746294	126.703060	30	F	1	황금뜰로	고덕초등학교 앞
36.746445	126.247915	60	F	1	근흥로	두야정미소 앞
36.746500	126.698700	30	F	1	예덕로	고덕중학교 앞
36.747153	126.429073	70	F	2	무학로	야촌교차로(서산→부석)
36.747414	128.054178	110	E	2	중부내륙고속도로	각서리 종점(양평 방면)
36.747518	126.429398	70	F	1	무학로	야촌교차로(부석→서산)
36.747747	126.681436	30	F	1	봉산로	봉산초등학교 앞
36.748330	127.471694	70	F	2	510번 지방도	(창리사거리→증평IC)
36.748331	126.303254	50	F	2	동백로	윤안과사거리
36.748400	126.303000	50	F	2	동백로	윤안과사거리
36.748468	127.562550	30	F	3	장재금대로	다온빌 앞 (광암리 ↔ 장재리)
36.748770	126.309072	40	F	2	동평로	천월교차로
36.749196	127.103113	90	F	1	세종평택로	천안시 동남구 풍세면 용정리 산1-5
36.749331	126.506579	60	F	2	중앙로	신장삼거리(해미→서산)
36.749380	126.681307	30	F	2	봉산로	봉산초등학교 건너편
36.749608	128.832559	30	F	1	퇴계로	온혜초등학교(도산면행정복지센터 방면)
36.749800	126.669500	60	F	1	봉명산로	고도리 마을회관 입구
36.749898	127.477681	70	F	1	510번 지방도	(증평IC→창리사거리)
36.750220	127.209244	30	F	2	도장로	용원리경로당 전(용원리 392-2, 석곡리→도장리)
36.750430	128.045550	70	F	1	문경대로	국도 3 시점(문경역 방면)
36.750874	127.195492	50	F	1	도장로	남양크레인 앞
36.750955	127.040201	30	F	2	고불로	금곡초등학교 앞
36.751441	126.307926	30	F	1	다락미1길	백화초등학교 앞
36.751650	126.307767	30	F	2	다락미1길	백화초등학교 건너편
36.751850	127.726913	60	F	1	19번 국도	문광터널 (괴산→부흥)
36.751991	126.372084	30	F	2	강경벌로	가사초등학교2(부석→태안)
36.752142	126.371756	30	F	2	강경벌로	가사초등학교 건너편
36.752200	126.701900	70	F	2	예덕로	대천교차로
36.752263	127.559264	80	E	2	36번 국도	구간종점 (청주→증평)
36.752713	126.305769	30	F	2	다락미1길	백화초등학교 건너편
36.752817	128.151917	30	F	2	대야로	당포초등학교 앞 (당포→문경읍)
36.752821	127.613222	30	F	2	초정약수로	죽리초등학교 (초정→증평)
36.752853	126.308778	30	F	2	동평로	백화초등학교 앞
36.752942	127.646503	50	F	2	592번 지방도	문방사거리 (문방리 → 금신리)
36.753182	126.304713	30	F	1	다락미1길	백화초등학교 앞
36.753286	126.319759	30	F	2	중앙로	화동초등학교 건너편
36.753697	126.320379	30	F	1	냉천골길	화동초등학교 건너편
36.753834	127.309932	50	F	2	충절로	매봉산터널 입구 천안방향
36.754046	126.422808	30	F	2	둔당로	인지초등학교(의용소방대→당율저수지)
36.754251	126.319697	30	F	2	냉천골길	화동초등학교 건너편
36.754344	127.303831	50	F	2	충절로	매봉산터널 입구 진천방향
36.754721	127.295645	60	F	1	수신로	(주)오스템 전방 50m지점
36.754773	126.426750	30	F	2	무학로	인지초등학교앞1(서산→인지중)
36.755081	126.326569	70	F	3	서해로	화동교차로 앞
36.755834	126.427028	30	F	2	무학로	인지초등학교앞2(인지중→서산)
36.755929	127.549753	80	F	2	592번 지방도	(북이면사무소→내추2리삼거리)
36.756413	126.277196	70	F	1	서해로	장산교차로 200m 전
36.756500	127.019500	30	F	1	온주길 16번길	리라어린이집 건너
36.756608	126.562738	30	F	2	해운로	운신초등학교 앞
36.756784	127.449358	80	S	2	17번 국도	(오창→진천)
36.756904	127.449348	80	E	1	17번 국도	(진천→오창)
36.757060	126.424659	30	F	2	둔당로	인지초등학교(당율저수지→의용소방대)
36.757250	126.275477	70	F	2	서해로	장산교차로
36.757381	126.191916	70	F	2	서해로	신덕교차로
36.757506	126.191378	70	F	1	서해로	신덕교차로
36.757806	126.201350	70	F	1	서해로	법산교차로
36.757898	126.958494	80	F	2	온양순환로	경찰대학교 부근
36.757909	126.295225	30	F	1	백화로	태안초등학교 앞
36.758029	126.296390	30	F	2	백화로	태안초등학교 건너편
36.759260	126.430023	70	F	2	무학로	둔당1교차로(서산→부석)
36.759270	126.430094	70	F	2	무학로	둔당1교차로(부석→서산)
36.759457	126.194656	40	F	1	서해로	소원초등학교 건너편
36.759485	126.195067	40	F	1	서해로	소원초등학교 앞
36.759645	126.265827	70	F	2	서해로	두야교차로
36.759663	128.243927	30	F	2	운달로	산북초등학교 창구분교장(전두리새마을회관 방면)
36.759700	127.025600	30	F	2	고불로	해람어린이집 건너편
36.759822	126.291758	30	F	1	성안1길	파랑새유치원 건너편
36.759878	126.291820	30	F	2	성안1길	파랑새유치원 건너편
36.759913	128.729403	60	F	1	소백로	갈분네(영주->봉화)
36.759931	126.511883	30	F	2	홍안벌로	동암초등학교단일로1(수석동→유계리)
36.760195	129.459920	80	F	1	동해대로	기성면 황보리 공항휴게소 앞(7번국도 삼척방면)
36.760340	126.485522	60	F	1	중앙로	동남아파트입구(해미→서산)
36.760423	126.485920	60	F	2	중앙로	동남아파트입구(서산→해미)
36.760500	127.175000	30	F	1	삼성5길	천안부영초등학교 앞
36.760557	127.555681	80	F	1	36번 국도	(증평 → 내수)
36.760741	129.460302	80	F	1	동부로	울진공항휴게주유소 앞(울진방면)
36.760869	126.964203	30	F	2	순천향로	창암3리경로당 입구
36.760944	127.608976	60	F	2	510번 지방도	덕상교차로 (초정 → 증평)
36.760980	126.510090	30	F	2	홍안벌로	동암초등학교 건너편
36.761171	126.453113	50	F	2	남부순환로	석지사거리(호수공원→죽성동)
36.761184	126.812715	80	F	1	예당평야로	신택교차로
36.761330	126.453277	60	F	1	양열로	석지사거리(태안→해미)
36.761381	126.453227	60	F	2	양열로	석지사거리(해미→태안)
36.761409	126.343045	70	F	2	서해로	인평1리 버스정류장 인근
36.761409	126.343045	80	F	2	서해로	서산방향 1+2차로 시점
36.761420	126.509568	30	F	1	홍안벌로	동암초등학교 앞
36.761548	127.017741	30	F	2	온주길	온양초등학교 후문
36.761600	127.018800	30	F	1	온주길 26번길	온양초교 앞
36.761710	126.509156	30	F	2	홍안벌로	동암초등학교단일로2(유계리→수석동)
36.762294	127.159408	100	E	2	당진청주고속도로	당진청주고속도로42k 청주방향 1,2차로종점
36.762522	127.555568	30	F	1	내추옥수길	북이초등학교 (증평→내수)
36.762560	127.742180	60	F	2	19번 국도	문광터널 (부흥→괴산)
36.762600	126.440400	60	F	2	양열로	동서간선대로예천교 인근
36.762620	127.996341	30	F	2	중앙로	연풍초등학교 (주진교→연풍우체국)
36.762687	126.440469	60	F	1	양열로	예천교(태안→서산)
36.762977	126.438830	60	F	2	양열로	예천교(서산→태안)
36.763100	126.438400	60	F	1	양열로	동서간선대로예천교 인근
36.763317	127.996218	30	F	1	중앙로	연풍초등학교 (연풍전통시장 → 연풍성지)
36.763695	126.346056	80	S	1	서해로	태안군 인평리 1039 1,2차로시점
36.764069	126.467079	60	F	1	양열로	세무서사거리(서산→태안)
36.764492	126.949669	80	E	1	온양순환로	행목교차로 1,2차로종점
36.764627	126.762899	30	F	1	상덕로	신촌초등학교 앞
36.764775	126.446753	30	F	2	동서1로	삼성영어학원앞사거리(센스빌→효성)
36.764844	126.762899	30	F	1	상덕로	신촌초등학교 앞
36.764900	127.301100	30	F	2	병천2로	병천초등학교 앞
36.765100	127.084200	30	F	1	갈매길	예일어린이집 건너편
36.765261	128.680598	80	F	1	경북대로	내성천교 100m 후(영주시청 방면)
36.765505	128.679770	80	F	1	경북대로	내성천교 200m 전(안동 방면)
36.765617	126.346966	80	F	1	서해로	버스정류장부근(태안방향) 1+2차로 종점
36.765623	126.763413	30	F	2	상덕로	신촌초등학교 전방
36.765863	126.346868	80	E	2	서해로	태안군 인평리 1038 버스정류장부근 1,2차로종점
36.765987	127.302616	30	F	1	병천2로	병천초등학교 앞
36.766324	126.469125	60	F	2	양열로	정주골삼거리(태안→서산)
36.766395	126.763793	30	F	2	상덕로	신촌초등학교 전방
36.766402	128.318029	60	F	1	금천로	노은삼거리 전방500m(단양→문경)
36.766716	126.459967	30	F	2	동서1로	서림유치원(하나로마트→서림초)
36.766914	126.451087	30	F	1	동서1로	예천초등학교2(예천주공→중흥아파트)
36.767200	127.284400	30	F	1	충절로	한기대 정문 건너편
36.767408	126.421010	80	F	1	서해로	화수지하통로사거리
36.767546	127.167987	100	S	1	당진청주고속도로	당진청주고속도로42.94k 당진방향 1,2차로시점
36.767646	126.461485	30	F	2	동서1로	서림초등학교사거리(통계청→센스빌)
36.767668	126.443394	30	F	2	동서1로	효성-이편한삼거리(효성해링턴→이편한세상)
36.767675	126.421453	80	F	2	서해로	풍전교차로사거리(서산→태안)
36.767727	126.459300	30	F	2	동서1로	서림유치원(서림초→하나로마트)
36.767743	126.461940	30	F	2	동서1로	서림초등학교사거리(센스빌→통계청)
36.767873	126.460270	30	F	2	덕지천로	서림초등학교정문(서산중→세무서)
36.767920	126.461692	30	F	2	덕지천로	서림초등학교정문(세무서→서산중)
36.768100	127.189900	50	F	1	충절로	구성삼거리(동부사거리→삼룡사거리)
36.768509	126.446596	30	F	2	예천3로	서남초등학교사거리(효성→e편한)
36.768538	126.448934	30	F	1	동서1로	삼성영어학원앞사거리(효성→센스빌)
36.768538	126.448940	30	F	2	예천1로	예천초등학교후문(삼성영어학원→국도29호선)
36.768600	127.059100	30	F	2	공수길	하버드어린이집 입구
36.768900	126.995400	30	F	1	시민로	대명아이웰유치원
36.768947	126.443827	30	F	2	예천3로	서남초등학교사거리(e편한→효성)
36.768994	126.277208	70	F	1	태흥로	삭선2교차로
36.769100	127.252500	50	F	1	충절로	연춘교인근
36.769259	126.463681	30	F	2	동서1로	통계청사거리(석림초→서림초)
36.769318	126.463483	30	F	2	동서1로	서림초등학교(통계청사거리)2(석림근린공원→중앙하이츠)
36.769400	126.450000	30	F	2	예천1로	예천초등학교 건너편
36.769476	126.445879	30	F	1	예천2로	서남초등학교사거리1(소방서→효성아파트)
36.769603	126.463205	30	F	1	동서1로	서림초등학교(통계청사거리)1(중앙하이츠→석림근린공원)
36.769630	126.449093	30	F	2	예천1로	예천초등학교 건너편
36.769736	126.472008	60	F	2	양열북로	석림남부사거리(서산ic→태안)
36.769800	126.450200	30	F	1	예천1로	서산예천초등학교 앞
36.769909	126.449205	30	F	1	예천1로	예천초등학교 앞
36.769983	126.463819	30	F	2	동서1로	석림초등학교앞1(석림동→통계청)
36.770002	126.451770	50	F	1	서해로	석남사거리(태안→서산)
36.770059	126.451770	50	F	1	호수공원1로	석남사거리(석남동농협→호수공원)
36.770120	126.434261	50	F	2	서해로	법원삼거리(역말교차로→예천사거리)
36.770267	126.472177	60	F	1	양열북로	석림남부사거리(태안→서산ic)
36.770268	126.464266	30	F	2	동서1로	석림초등학교앞2(통계청→석림중)
36.770434	128.316224	30	F	1	막곡길	동로초등학교(노은삼거리 방면)
36.770442	126.471627	60	F	2	중앙로	석림남부사거리(태안→서산ic)
36.770698	126.471013	60	F	2	중앙로	석림남부사거리(태안→서산ic)
36.771104	128.315814	30	F	2	동성길	동로초등학교 건너편(동로치안센터 방면)
36.771112	126.459803	50	F	2	서해로	TJB사거리(서산→태안)
36.771500	127.023800	30	F	1	남부로	숲속성광유치원 앞
36.771861	127.017306	50	F	1	남부로	아산아이파크아파트 앞
36.772266	126.140120	30	F	2	모항파도로	모항초등학교 앞
36.772321	126.140491	30	F	1	모항파도로	모항초등학교 건너편
36.772465	127.076953	30	F	1	월천3길	월천유치원 후문 앞
36.772555	126.448577	40	F	1	호수공원5로	서부지구대앞사거리(보건소→호수공원)
36.772620	127.638556	30	F	2	청안읍내로	청안초등학교 (청천→증평)
36.772926	126.281664	60	F	1	원이로	무내교차로
36.772990	126.281729	60	F	3	원이로	무내교차로
36.773169	127.624987	70	F	1	592번 지방도	(청안→증평)
36.773257	126.467438	50	F	2	중앙로	석림중학교사거리(서산→해미)
36.773361	127.516395	30	F	1	은진로	사곡경로당 (사곡지 → 사곡경로당)
36.773480	126.442476	50	F	2	서해로	예천사거리(서산→대산)
36.773558	127.215500	30	F	2	신계5길	신흥초등학교 건너편
36.773743	127.215698	30	F	1	신계5길	신흥초등학교 앞
36.773769	126.466292	50	F	2	중앙로	석림중학교사거리(해미→서산)
36.773884	126.697578	110	E	2	대전당진고속도로	대전당진고속도로11.2km
36.774500	127.019800	30	F	2	남부로	풍기초등학교 건너편
36.774500	127.074200	30	F	1	북수로	프라임유치원 입구
36.774576	126.463318	40	F	1	중앙로	오성주유소앞(시청→의료원)
36.774576	126.463318	50	F	2	서해로	석림사거리(태안→당진)
36.774738	126.932309	50	F	1	온천대로	순천향대삼거리 앞(읍내리 463-7, 읍내삼거리→순천향대학교 정문)
36.774826	129.145855	60	F	2	영양로	(영양 방면)
36.774946	126.438579	50	F	2	충의로	예천현대아파트앞삼거리(대산→서산)
36.775086	128.576968	30	F	2	장수로	장수초등학교(장수행정복지센터방면)
36.775300	126.451900	40	F	1	호수공원1로	서산애견미용학원 앞
36.775320	127.136310	30	F	2	통정12로	엔젤어린이집 건너편
36.775326	126.158712	70	F	1	서해로	송의교차로
36.775340	127.136410	30	F	1	통정12로	엔젤어린이집 앞
36.775347	126.997252	30	F	2	온중로	온양중학교 앞
36.775390	127.138210	30	F	1	통정6로	세실유치원 앞
36.775400	127.010300	30	F	2	어의정로	이순신어린이집
36.775450	127.138150	30	F	2	통정6로	세실유치원 건너편
36.775479	126.400632	80	E	2	서해로	차동초등학교 버스정류장 1,2차로종점
36.775692	126.569862	60	F	2	해운로	태봉리 버스정류장
36.775711	126.451832	30	F	2	호수공원1로	지명부동산중계법인앞(석남사거리→호수공원사거리)
36.775800	126.400600	30	F	2	차동길	차동초등학교 건너편
36.775828	126.400659	30	F	1	차동길	차동초등학교(수량재교차로→화수1리)
36.776083	126.399062	80	S	1	서해로	차동초등학교 버스정류장부근 1,2차로시점
36.776471	126.446252	30	F	2	안견로	부춘초등학교(롯데캐슬→서산경찰서)
36.776538	126.716345	30	F	2	몽곡상몽길	예산군 고덕면 예덕초등학교 건너편
36.776949	128.420478	30	F	2	도효자로	상리초등학교(단양 방면)
36.777218	126.451883	40	F	2	안견로	호수공원사거리(경찰서사거리→삼일상가사거리)
36.777300	127.001900	30	F	2	온화로	중앙초등학교 앞
36.777535	126.461017	40	F	2	중앙로	서령신협앞사거리(의료원→시청)
36.777744	126.446433	30	F	1	안견로	부춘초등학교(서산경찰서→롯데캐슬)
36.777782	127.348771	30	F	1	동산1길	천동초등학교 건너편
36.777807	128.648832	80	F	2	경북대로	만방리(안동 방면)
36.777813	127.348907	30	F	2	동산1길	천동초등학교 앞
36.778106	126.479874	60	F	3	양열북로	동서간선대로1교차로(태안→서산ic)
36.778339	126.442661	40	F	2	안견로	롯데캐슬정문(경찰서→대산)
36.778349	126.479888	60	F	3	양열북로	동서간선대로2교차로(태안→서산ic)
36.778489	126.444906	30	F	2	명륜1로	부춘초등학교정문앞단일로2(참드림아파트→울음산)
36.778528	126.444896	30	F	2	명륜1로	부춘초등학교 건너편
36.778627	126.447376	30	F	2	고운로	부춘초등학교정문(경찰서→시청)
36.778968	126.444149	40	F	2	안견로	롯데캐슬후문(대산→경찰서)
36.779153	126.571119	60	F	3	해운로	차동초등학교앞사거리(태안→서산)→이전설치:문수사입구(운산→음암)
36.779183	127.568076	60	S	2	36번 국도	구간시점(증평 → 음성)
36.779200	126.446800	30	F	1	양유정3로	부춘초등학교 건너편
36.779248	127.152287	30	F	2	청당5로	천안청당초등학교 앞
36.779289	126.468330	50	F	1	서해로	중앙고등학교정문사거리(서산→태안)
36.779429	126.445622	30	F	2	양유정3로	부춘초등학교후문(부성빌라→동일아파트)
36.779465	127.579606	30	F	2	중앙로	삼보초등학교 (한라비발디→삼보사거리)
36.779500	127.018500	30	F	2	번영로	온양동신초등학교 앞
36.779534	127.506929	110	E	1	35번 중부고속도로	중부고속도로 통영방향 270.2K 구간종점(진천IC→증평IC)
36.779700	127.018410	30	F	1	번영로	온양동신초등학교 앞
36.780005	126.935403	30	F	2	서부남로	신창초등학교 앞
36.780032	127.087968	80	F	1	온천대로	봉강교 앞
36.780075	127.154624	30	F	1	청당2길	청당예술어린이집 앞
36.780183	127.860380	30	F	2	칠성로	성산경로당 앞 (율원리 → 도정리)
36.780400	127.011400	30	F	2	삼동로	룸비니어린이집 앞
36.780431	128.568605	60	F	2	용주로	갈산리(영주IC 방면)
36.780807	127.140418	30	F	1	풍세로	천안청룡초등학교 건너편
36.780951	127.140401	30	F	2	풍세로	천안청룡초등학교 앞
36.781100	126.455400	30	F	1	중앙로	서산초등학교 건너편
36.781172	127.158388	50	F	1	남부대로	벽산아파트 입구 3가
36.781220	128.532466	30	F	1	용주로	성곡어린이집(영주IC 방면)
36.781281	126.455122	30	F	1	중앙로	서산초등학교후문(의료원→시청)
36.781358	128.532455	30	F	2	용주로	성곡어린이집(풍기IC 방면)
36.781393	127.003608	50	F	2	온천대로	온양온천역 앞(온천동 69-13, 관광호텔사거리→송악사거리)
36.781455	127.235178	50	F	2	삼방로	GS글로벌 앞
36.781475	127.235078	50	F	1	삼방로	GS글로벌 건너편
36.781996	127.007236	30	F	2	청운로	온양온천초등학교 앞
36.782051	127.234875	50	F	1	서리1길	굿모닝카센터 앞
36.782600	127.013000	30	F	1	번영로	하나아트어린이집
36.782910	126.466912	30	F	2	쌍연남1로	서동초등학교앞단일로2(동문근린공원→동문코아루)
36.782954	127.586387	30	F	2	삼일로	증평초등학교 후문 (증평성당→삼일공원)
36.783040	127.586602	30	F	1	삼일로	증평초등학교 후문 (삼일공원→증평성당)
36.783214	127.161011	30	F	2	청수7로	좋은나무숲유치원 앞
36.783448	126.466844	30	F	2	쌍연남1로	서동초등학교 건너편
36.783461	126.466945	30	F	1	쌍연남1로	서동초등학교 앞
36.783507	127.588311	30	F	1	광장로	증평초등학교 (증평중학교→증평군청)
36.783645	126.441906	30	F	1	신당1로	양우내안애아파트105동건너편(경찰서→대산목)→이전설치:우주회관인근(우주회관→동희오토)
36.783701	126.437116	50	F	2	충의로	갈산교차로(서산→대산)
36.784240	126.468280	40	F	2	고운로	서동초등학교 앞
36.784243	126.468313	30	F	2	고운로	서동초등학교앞사거리(시청→당진)
36.784272	126.468130	30	F	2	고운로	서동초등학교(서동초사거리)(애향삼거리→시청)
36.784455	126.440407	40	F	2	안견로	대산목사거리(대산→경찰서)
36.784657	126.445173	30	F	2	부춘1로	학돌초등학교사거리4(시청→교육청)
36.784670	127.114102	70	F	2	남부대로	KCar 앞 3,4차로
36.784997	126.474971	50	F	2	서해로	LG헬로비전앞(당진→태안)
36.785000	126.475100	50	F	2	서해로	LG헬로비전 앞
36.785076	127.114983	70	F	1	남부대로	동일하이빌아파트 105동 앞
36.785268	126.445280	30	F	2	부춘2로	학돌초등학교
36.785352	126.445139	30	F	1	부춘1로	학돌초등학교
36.785425	127.159718	30	F	2	청수7로	백석대부속유치원 앞
36.785512	127.863134	30	F	1	칠성로	칠성초등학교앞 (칠성삼거리→외사)
36.785600	126.436200	60	F	1	충의로	갈산교차로
36.785652	127.134252	50	F	1	남부대로	용곡교앞
36.785829	126.485949	60	F	3	서해로	동서간선대로시점(잠홍동→서산ic)
36.785998	126.463546	30	F	2	쌍연북2로	동문초등학교앞2(중앙자동차학원→코아루후문)
36.786034	126.515225	80	F	2	충의로	부장교차로(서산→당진)
36.786040	126.515225	80	F	2	서해로	부장교차로(당진→서산)
36.786300	127.094600	30	F	1	연화로	연화초등학교 앞
36.786311	126.442767	40	F	1	문화로	서광사입구(갈산동→시청)→이전설치:서광사입구(시청→갈산동)
36.786600	126.990900	30	F	2	문화로	하늘유치원 건너
36.786946	127.056135	100	S	2	당진청주고속도로	당진청주고속도로32.02k 청주방향 1,2차로시점
36.786951	127.124013	30	F	2	신촌로	천안신촌초등학교 앞
36.787024	126.463338	40	F	1	쌍연북2로	동문초등학교앞2(우체국→서령고)
36.787039	126.455717	30	F	2	서령로	천사유치원2(1호광장→향교)
36.787098	126.463335	40	F	2	쌍연북2로	동문초등학교앞1(서령고→우체국)
36.787168	127.056130	100	E	1	당진청주고속도로	당진청주고속도로32.02k 당진방향 1,2차로종점
36.787238	127.146915	30	F	2	다가로	청수회전교차로전
36.787320	126.465930	30	F	1	쌍연북2로	서산동문초등학교 앞
36.787340	126.454827	30	F	1	서령로	천사유치원 건너편
36.787507	127.146969	30	F	1	풍세로	청수회전교차로전
36.787520	126.465730	30	F	2	쌍연북2로	서산동문초등학교 건너편
36.787577	126.455160	30	F	2	서령로	천사유치원 앞
36.787754	126.957432	30	F	2	남성길	남성초등학교
36.787774	126.446083	40	F	1	문화로	서광사 입구 교차로
36.787800	126.985800	30	F	1	곡교천로	해솔어린이집 입구
36.787800	127.017000	30	F	1	모종북로	온양제일유치원 건너
36.787969	127.586418	60	E	2	36번 국도	구간종점(증평 → 음성)
36.788000	127.115400	30	F	1	월봉1길	천안쌍정초등학교 인근
36.788307	127.194044	50	F	2	교천지산길	지산1리 버스정류장 인근
36.788316	127.568405	70	F	1	508번 지방도	(증평→증평IC)
36.788500	127.071100	30	F	1	매곡천길	알프스.하이디어린이집 입구 앞
36.788822	127.136224	30	F	2	용곡2길	천안용소초등학교 건너편
36.789000	126.965700	30	F	2	서부북로	해와달유치원 앞
36.789151	127.722012	30	F	2	533번 지방도	(미원면 → 소수면)
36.789997	127.123615	30	F	1	수곡로	천안수곡초등학교 건너편
36.790238	127.784592	30	F	2	광덕길	광덕1리마을회관 (문광교회 → 대사삼거리)
36.790700	127.014500	30	F	1	문화로	권곡초등학교 앞
36.790721	127.782939	30	F	1	19번 국도	문광초등학교 (대사리→문광저수지)
36.791340	127.168880	30	F	2	정골1길	천안공업사 앞
36.791390	127.168920	30	F	1	정골1길	천안공업사 건너편
36.791928	126.790593	60	F	1	덕평로	서야고등학교 삼거리
36.792143	127.368656	50	F	1	충절로	동산3리 마을입구 삼거리
36.792334	126.790335	60	F	1	덕평로	서야고등학교 삼거리
36.792700	126.954700	30	F	1	서부북로	풀잎사랑어린이집 건너편
36.793217	127.634618	80	F	2	34번 국도	두꺼비주유소 앞 (증평 → 괴산)
36.793250	127.145860	30	F	1	용곡2길	자연어린이집 건너편
36.793330	127.145840	30	F	2	용곡2길	자연어린이집 앞
36.793400	127.093400	30	F	1	용연동길	아주나유치원 앞
36.793500	127.117800	30	F	1	월봉7길	엔젤유치원 앞
36.794077	127.507621	110	S	2	35번 중부고속도로	중부고속도로 271.8K 하남방향 시점 (증평IC→진천IC)
36.794217	127.981429	110	S	2	45번 중부내륙고속도로	중부내륙고속도로 199.1K (부산 → 양평)_구간 1지점
36.794543	126.306190	60	F	2	진벌로	산후1리 버스정류장 부근
36.795016	126.537722	80	F	2	서해로	성암대교입구(음암→서산)
36.795021	126.537452	80	F	2	서해로	성암대교 400m전
36.795425	126.884447	50	F	2	서부남로	신동1리 마을입구
36.795443	126.884480	50	F	1	서부남로	신동1리 마을입구 건너편
36.795669	126.764703	70	F	1	예당평야로	성동교차로
36.795847	127.097688	30	F	1	공원로	천안호수초등학교 정문
36.795986	126.765436	70	F	1	예당평야로	성동교차로
36.796480	127.122510	30	F	1	쌍용17길	푸른별유치원 앞
36.796610	127.122430	30	F	2	쌍용17길	푸른별유치원 건너편
36.797113	126.568444	110	F	1	서해안고속도로	서해안고속도로 247.5km 서울방향
36.797320	127.059628	30	F	1	탕정면로	샛별유치원 건너편
36.797418	127.059601	30	F	2	탕정면로	샛별유치원 앞
36.797757	127.150321	30	F	1	천안천공원5길	이솝유치원 앞
36.798000	127.120400	30	F	2	쌍용14길	나사렛새꿈학교 앞
36.798000	127.134800	30	F	1	다가말2길	아이숲유치원 앞
36.798096	126.520430	30	F	2	운암로	음암초등학교앞2(탑곡리→우체국)
36.798339	128.622229	80	F	2	청송로	문정교 200m 전(영주시민운동장 방면)
36.799267	126.465418	40	F	1	온석1길	효사랑재가복지센터인근(성연→영주네짬뽕)
36.799280	127.120290	30	F	1	쌍용18길	좋은유치원 앞
36.799300	126.465300	40	F	2	온석1길	호산나어린이집 부근
36.799342	127.042346	90	F	2	세종평택로	현충교차로전방
36.799399	127.864039	30	F	1	525번 지방도	읍경로당 앞 (매전삼거리 → 칠성교차로)
36.799700	127.130600	30	F	2	미라3길	젤라유치원 앞
36.799789	127.164565	50	F	1	천안대로	동남소방서 앞
36.799900	126.519500	30	F	1	도당로	음암초등학교 건너편
36.800454	126.519715	30	F	2	도당로	음암초등학교(도당6리→도당4리)
36.800554	127.129194	30	F	2	미라2길	천안미라초등학교 건너편
36.800600	127.115300	40	F	1	월봉4로	쌍용도서관 앞
36.800688	127.129235	30	F	2	미라2길	천안미라초등학교 앞
36.800812	126.770167	60	F	2	남부로	하운마을회관 앞
36.800914	127.735659	80	F	1	34번 국도	유평1터널 후 (괴산 → 증평)
36.801111	127.118555	50	F	1	불당대로	용암사거리
36.801250	127.123719	30	F	1	쌍용6길	천안쌍용초등학교 앞
36.801279	127.140058	30	F	1	신용로	천안일봉초등학교 앞
36.801328	127.123762	30	F	1	쌍용6길	천안쌍용초등학교 앞
36.801369	127.140306	30	F	1	신용로	일봉초등학교
36.802079	127.123829	30	F	1	쌍용11길	제일어린이집 앞
36.802200	127.122600	30	F	2	쌍용11길	제일어린이집 건너편
36.802306	127.167535	50	F	2	유량로	충남화물자동차 매매단지 앞
36.802515	127.139961	30	F	2	차돌길	회전교차로전
36.802544	126.756051	60	F	1	예덕로	예승농산물 앞
36.802800	127.130500	30	F	2	미라2길	예빛어린이집 앞
36.802994	127.006917	80	F	2	이순신대로	석정교차로전
36.803453	126.661842	110	F	1	대전당진고속도로	대전당진고속도로 6.6km 당진방향
36.803922	126.759405	40	F	3	예덕로	(공주→아산)
36.804027	126.758702	40	F	1	예덕로	(공주→아산)
36.804361	126.778156	30	F	2	덕평로	합덕초등학교 건너편
36.804361	126.778213	30	F	2	덕평로	합덕초등학교 건너편
36.804387	126.661981	110	F	1	대전당진고속도로	대전당진고속도로 6.6km 당진방향
36.804667	126.549028	70	F	2	백제사신로	탑곡교차로부근
36.804789	127.789473	30	F	2	서부길	동인초등학교 후문 (명덕초등학교→동인초등학교)
36.804880	126.777876	30	F	1	덕평로	합덕초등학교 앞
36.804880	126.778050	30	F	1	덕평로	합덕초등학교 앞
36.804900	127.150000	30	F	1	영성로	천안중앙초등학교 앞
36.804920	127.105450	30	F	2	불당18로	이튼유치원 건너편
36.805010	127.105520	30	F	1	불당18로	이튼유치원 앞
36.805194	127.692861	80	F	2	34번 국도	수암리 511-1
36.805756	127.135675	30	F	1	봉명2길	천안봉명초등학교 건너편
36.806121	127.791796	30	F	1	읍내로2길	동인초등학교 (농협→금산삼거리)
36.806205	127.870219	40	F	2	525번 지방도	윗맹이마을 (칠성면 → 감물면)
36.806207	127.791919	30	F	2	읍내로2길	동인초등학교 (금산삼거리→농협)
36.806441	127.522781	80	F	2	34번 국도	화산교차로 전 100M
36.806500	127.145200	30	F	1	봉명로	천안와촌초등학교 앞
36.806512	126.547290	70	F	1	백제사신로	탑곡3리진입사거리(성연→서산IC)
36.806592	127.145683	30	F	1	봉명로	천안와촌초등학교 건너편
36.806876	127.015853	30	F	2	송곡길	송곡초등학교 앞
36.807077	127.136241	30	F	2	봉명로	천안봉명초등학교 앞
36.807779	126.928066	30	F	1	서부북로	오목초등학교 앞
36.807884	128.616746	30	F	1	내서로	(영주역 방면)
36.807900	126.927800	30	F	2	서부북로	오목초등학교 앞
36.807982	126.692240	60	F	1	면천로	문봉리 입구
36.808102	127.793785	50	F	1	읍내로	(시계탑사거리 → 금산삼거리)
36.808183	126.981919	80	F	1	이순신대로	곡교교차로전
36.808724	127.787939	30	F	1	읍내로4길	명덕초등학교 (괴산기념공원 → 명덕초)
36.808843	126.691293	60	F	2	면천로	문봉리 입구
36.808917	127.164500	50	F	1	천안대로	유량육교 앞
36.809133	126.440098	70	F	2	충의로	일람교차로(대산→서산)
36.809310	127.173446	50	F	2	유량로	유량자동차매매단지 건너편
36.809613	127.787955	30	F	2	읍내로6길	명덕초등학교 (명덕초→괴산경찰서)
36.809770	126.440190	70	F	1	충의로	일람교차로(서산→대산)
36.809943	126.977998	80	F	2	온양순환로	곡교교차로 앞(곡교리 276-7, 수장교차로→음봉천교)
36.810300	127.164500	50	F	2	천안대로	(단국대병원→천안IC)
36.810666	128.607783	40	F	1	신비로	영주시민운동장 전(시민체육공원 방면)
36.810790	126.755980	30	F	2	면천로	합도초등학교 앞
36.810850	126.756020	30	F	1	면천로	합도초등학교 건너편
36.810983	126.581959	30	F	2	장벌4로	운산초등학교(여미교차로→운산성당)
36.811084	126.755922	30	F	1	면천로	합도초등학교 건너편
36.811084	126.755980	30	F	2	면천로	합도초등학교 앞
36.811102	126.582668	30	F	2	운암로	운신초등학교앞2(운산→해미)
36.811124	126.582668	30	F	2	운암로	운산초등학교앞1(당진→서산ic)
36.811163	126.582668	30	F	2	운암로	운신초등학교앞1(해미→운산)
36.811200	126.582100	30	F	1	운정로	운산초등학교 앞
36.811557	128.748387	60	F	2	봉화로	구천삼거리(안동 방면)
36.811820	126.869871	30	F	1	아산만로	대흥리 266-27
36.811991	127.131947	30	F	1	봉서4길	천안봉서초등학교 건너편
36.812143	127.131565	30	F	2	봉서4길	천안봉서초등학교 후문 인근
36.812165	128.613403	50	F	1	가흥로	영주교육지원청(제2가흥교 방면)
36.812201	126.762137	30	F	1	면천로	꿈나래학교 건너편
36.812427	126.582151	30	F	2	장벌4로	운산초등학교(운산성당→여미교차로)
36.812476	128.613633	50	F	2	가흥로	영주교육지원청 건너편(영주교 방면)
36.812600	126.761600	30	F	1	면천로	꿈나래학교 건너편
36.813200	127.132200	30	F	2	봉서10길	천안봉서초등학교 정문 앞
36.813223	127.796481	40	F	1	문무로	(행정복지센터 → 괴산군청)
36.813406	127.584897	60	F	1	510번 지방도	미암리 995-27
36.813458	127.377043	50	F	2	충절로	진천→천안
36.814344	128.602482	80	F	1	경북대로	세영리첼아파트 앞(영주IC->비상활주로)
36.815080	126.343279	60	F	1	한월당로	성연→태안
36.815900	126.340100	60	F	1	한월당로	태안하늘바다펜션 앞
36.816143	126.977095	30	F	1	염치로	염티초등학교 입구
36.816441	128.627633	30	F	2	소백로	남산초등학교(영주역 방면)
36.816476	127.612372	30	F	1	화성로	도안초등학교 (음성→증평)
36.816672	126.664014	30	F	2	면천서문1길	면천초등학교 앞
36.816690	127.612490	30	F	2	화성로	도안초등학교 (증평→음성)
36.816802	128.962772	30	F	2	재산로	재산초등학교(과인삼거리 방면)
36.816951	126.663654	30	F	2	면천서문1길	면천초등학교 앞
36.817176	127.648485	30	F	2	사리로	보광초등학교 (면사무소→경로당)
36.817210	127.735185	30	F	1	533번 지방도	상리마을회관 입구 (소수면 → 미원면)
36.818365	127.648856	30	F	1	사리로사담1길	보광초등학교 (경로당→면사무소)
36.819568	126.440080	70	F	1	충의로	일람사거리(서산→대산)
36.820909	126.448277	30	F	1	성연5로	성연농협앞(예다음아파트→금호어울림아파트)
36.820980	127.646876	30	F	1	사리로	사리어린이집 (사리 → 대기마을)
36.821109	127.646774	30	F	1	사리로	사리어린이집 (대기마을→사리)
36.821451	128.613317	50	F	1	가흥로	영주시립도서관 건너(영주서부초 방면)
36.821480	126.451468	50	F	2	성연4로	성연면맘스터치앞사거리(한화야구장→골드클래스)
36.822394	128.605267	50	F	1	영주로	가흥사거리(봉화 방면)
36.822500	126.450400	30	F	2	성연4로	성연초등학교 앞
36.822700	126.450400	30	F	1	성연4로	성연초등학교 유타워 앞
36.822735	127.139702	30	F	2	서부16길	천안서초등학교 앞
36.822861	127.112572	50	F	1	백석로	운동장사거리
36.822900	127.159600	30	F	2	터미널5길	천안신부초등학교 앞
36.823270	127.151960	30	F	2	중앙로	아이캔유치원 앞
36.823300	127.273000	30	F	2	위례성로	위례초등학교 앞
36.823330	127.152020	30	F	1	중앙로	아이캔유치원 건너편
36.823606	126.449447	30	F	2	성연5로	성연초등학교(이안아파트→고운라피네)
36.823646	126.449447	30	F	2	성연3로	성연초등학교앞단일로2(힐스테이트→고운라피네)
36.823675	126.449447	30	F	2	성연5로	성연초등학교(고운라피네→이안아파트)
36.823681	126.788778	30	F	1	솔뫼로	우강초등학교 앞
36.823683	126.449447	30	F	2	성연3로	성연초등학교앞단일로1(고운라피네→힐스테이트)
36.823714	126.788565	30	F	1	솔뫼로	우강초등학교 앞
36.824012	127.140481	30	F	1	서부3길	천안서초등학교 건너편 정문 인근
36.824075	126.450024	50	F	2	성연4로	금형벨리앞(한화야구장→골드클래스)
36.824087	126.450024	30	F	2	성연3로	성연초등학교사거리(테크노벨리→E편한세상)
36.824089	127.953844	30	F	1	517번 지방도	장연초등학교 (충주 → 괴산)
36.824100	127.160400	30	F	1	터미널9길	천안신부초등학교 앞
36.824305	126.450016	30	F	2	성연3로	성연초등학교사거리(E편한세상→테크노벨리)
36.824404	127.954016	30	F	2	미선로	장연초등학교 (당아재2교→오가교)
36.824417	127.159944	50	F	1	천안대로	도솔공원 입구
36.824440	127.134930	30	F	2	서부대로	대한유치원 앞
36.824480	127.135080	30	F	1	서부대로	미래클유치원 앞
36.824600	127.157400	50	F	2	천안대로	세광아파트 입구(목천IC→삼룡사거리)
36.824600	127.273100	30	F	1	위례성로	위례초등학교 인근
36.824842	127.812094	60	F	1	문무로	대제교차로 (능촌삼거리 → 중원대)
36.824858	126.258769	30	F	1	원이로	원북초등학교 건너편
36.824947	126.258729	30	F	2	원이로	원북초등학교 앞
36.825648	126.258686	30	F	1	원이로	원북초등학교 건너편
36.825773	127.154524	30	F	1	단대로	천안희망초등학교 건너편
36.825847	127.154654	30	F	2	단대로	천안희망초등학교 앞
36.826044	128.616384	30	F	1	기주로	영일초등학교(서천교사거리 방면)
36.826047	128.616241	30	F	2	선비로	영일초등학교(영주시민회관 방면)
36.826423	127.132669	50	F	2	동서대로	서부대로사거리
36.827160	127.121989	30	F	1	한들2로	환서초등학교 건너편
36.827181	127.121968	30	F	2	한들2로	환서초등학교 앞
36.827668	128.628466	40	F	1	장수로	상망동행정복지센터(봉화 방면)
36.827752	127.529347	80	F	1	34번 국도	사산교차로 (진천→증평)
36.827900	126.246600	60	F	2	옥파로	닷개삼거리 부근
36.827995	127.122902	30	F	1	한들2로	환서초등학교 건너편
36.828069	126.514498	70	F	1	백제사신로	문양사거리(서산IC→성연)
36.828093	126.514498	70	F	1	백제사신로	문양사거리(성연→서산IC)
36.828186	126.246314	60	F	2	옥파로	닷개삼거리 부근
36.828256	126.796145	60	F	1	신평로	공포리 인근
36.828530	126.903190	30	F	1	현대로	도흥2리 마을입구 부근
36.828839	126.795470	60	F	1	신평로	공포리 인근
36.829254	126.161153	40	F	1	송의로	소원초등학교 의항분교 앞
36.829300	126.161300	40	F	1	송의로	한옥비치리조트 입구 건너편
36.829306	126.161222	40	F	2	송의로	한옥비치리조트 입구
36.829400	127.133200	30	F	2	서부대로	늘푸른유치원 앞
36.829492	128.682233	30	F	2	이산로	이산초등학교(이산우체국 방면)
36.829536	128.754188	30	F	1	예봉로	상운초등학교(봉화읍 방면)
36.829700	126.751700	70	F	2	예당평야로	알뜰주유소
36.829992	128.635841	60	F	2	원당로	상망교차로(예천 방면)
36.830552	127.179417	30	F	2	각원사길	호서대부속유치원 앞
36.830711	128.612466	50	F	2	소백로	(서천교 방면)
36.830845	126.751445	70	F	2	예당평야로	알뜰주유소
36.831225	127.129539	30	F	1	오성2길	천안오성초등학교 앞
36.831565	127.052331	90	E	2	세종평택로	용두교차로전
36.831565	127.052331	90	S	1	세종평택로	용두터널 전
36.831624	126.500140	70	F	1	백제사신로	명천교차로(성연→지곡)
36.831624	126.500157	50	F	3	백제사신로	명천교차로(성연→서산ic)
36.832312	126.498529	50	F	2	백제사신로	성봉학교(지곡→음암)
36.832571	126.498586	50	F	1	백제사신로	성봉학교(음암→지곡)
36.832783	127.766434	70	E	1	37번 국도	구간종점 (음성→괴산)
36.834021	127.174463	110	S	1	경부고속도로	경부고속도로341.2km서울방향 3,4차로시점
36.835065	126.441541	70	F	2	충의로	오사교사거리(서산→대산)
36.835119	128.001440	70	F	1	3번 국도	월악산교차로 (수안보 → 연풍)
36.835160	127.150570	30	F	2	두정역길	도솔유치원 건너편
36.835220	127.150750	30	F	1	두정역길	도솔유치원 앞
36.835300	127.135900	30	F	2	부성1길	천안부성초등학교 앞
36.835340	127.874321	60	F	2	19번 국도	광전사거리 (괴산읍 → 괴산IC)
36.835480	127.142550	30	F	1	두정중5길	한사랑유치원 앞
36.835480	127.146880	30	F	2	두정역서1길	천안두정초등학교 건너편
36.835530	127.146980	30	F	1	두정역서1길	천안두정초등학교 앞
36.835610	127.142470	30	F	2	두정중5길	한사랑유치원 건너편
36.835655	126.603291	30	F	2	역천로	성당초등학교 앞
36.835751	127.135921	30	F	2	부성1길	천안부성초등학교 앞
36.835820	126.603156	30	F	1	역천로	성당초등학교 앞
36.835876	126.603428	30	F	2	역천로	성당초등학교 앞
36.835916	127.146886	30	F	2	두정역서1길	천안두정초등학교 앞
36.836207	126.603471	30	F	1	역천로	성당초등학교 앞
36.836500	127.141300	30	F	1	두정중3길	세인어린이집 앞
36.836650	127.174661	110	E	2	경부고속도로	경부고속도로341.2km 부산방향 3,4차로종점
36.836800	127.143700	30	F	2	두정중9길	천안신대초등학교 앞
36.836928	127.472640	30	F	2	농다리로	문상초등학교 (진천→구곡)
36.837104	127.472575	30	F	1	농다리로	문상초등학교(구곡-진천)
36.837177	126.629616	110	S	2	대전당진고속도로	대전당진고속도로2km
36.837388	126.630307	110	S	2	대전당진고속도로	대전당진고속도로2km
36.837900	126.461700	30	F	1	성연로	성연중학교 입구 성연교차로방향
36.837967	126.461885	30	F	1	성연로	성연중학교입구(성연교차로→테크노밸리교차로)
36.838047	126.470322	30	F	1	신당1로	미성테크앞
36.838215	127.871042	30	F	2	남양동길	감물초등학교 (오성교→남양교)
36.838223	126.470193	30	F	2	신당1로	미성테크앞(서산성연농공단지→평리2구마을회관)
36.839096	127.131162	60	F	1	삼성대로	푸르지오아파트 앞
36.839203	126.469397	30	F	2	신당1로	서산시 성연면 신당1로
36.839302	126.968701	40	F	1	충절로	서원리 36-19
36.839332	127.131146	60	F	2	삼성대로	장애인복지관 앞
36.839446	127.156434	60	F	1	삼성대로	나사렛천안목양교회 옆(부대동 141-17, 천안터널→북부고가교)
36.839684	127.442583	50	F	1	원덕로	원동교차로 (신정교차로 → 원동교차로)
36.842143	126.712034	30	F	2	순성로	순성초등학교 앞
36.842143	126.711906	30	F	2	순성로	순성초등학교 앞
36.842153	128.641755	30	F	2	의상로	봉산어린이집(영주시청 방면)
36.843706	126.439876	70	F	2	충의로	늘푸른오스카빌앞도로(대산→서산)
36.844399	126.475263	70	F	2	백제사신로	성연교차로(지곡→음암)
36.844578	126.860661	50	F	2	순천향로	법곡2통 마을입구
36.844712	126.474956	70	F	2	백제사신로	성연교차로(명천2교차로→무장교)
36.845329	127.998819	30	F	1	동진이1길	수안보초등학교 (수안보연수원→수안보중학교)
36.845435	126.238265	60	F	2	옥파로	이곡2리 버스정류장 앞
36.845466	126.238209	60	F	1	옥파로	이곡2리 버스정류장 앞
36.846184	128.615951	80	F	1	조와로	(봉화→영주)
36.846449	128.556518	30	F	1	선비로	안정초등학교(안정교차로 방면)
36.846775	128.526245	30	F	1	소백로	봉현초등학교(영주민영농산물도매시장 방면)
36.846776	128.639186	80	F	2	서부로	(영주→봉화)
36.846841	127.537217	30	F	2	초동로	초평초등학교(초평-신통)
36.846862	127.442454	30	F	2	문화3길	문화어린이집 (원동교차로→진천상고)
36.847077	127.538799	30	F	1	초동로	초평초등학교 (음성→진천)
36.848274	127.011257	30	F	2	아산온천로	음봉초등학교 정문
36.848700	127.011100	30	F	1	아산온천로	음봉초등학교 앞
36.848802	127.012577	30	F	2	아산온천로	음봉초등학교 후문
36.848981	126.763653	30	F	2	덕평로	북창초등학교
36.849105	126.763847	30	F	2	덕평로	북창초등학교
36.849289	128.637732	60	F	1	경북대로	영주제일골프클럽(영주시청 방면)
36.849578	126.763482	30	F	1	덕평로	북창초등학교 앞
36.849891	126.763720	30	F	1	덕평로	북창초등학교 앞
36.850200	127.007900	30	F	1	아산온천로	음봉어린이집
36.850673	128.680131	80	F	2	경북대로	신암교차로(영주->봉화)
36.851083	127.427640	50	F	2	21번 국도	(진천향토민속자료전시관 → 진천군청)
36.853467	126.235260	60	F	1	이곡2길	농협창고 앞
36.853807	127.438217	30	F	1	상산로	진천어린이집 (진천교육지원청 → 진천군청)
36.854031	127.746311	30	F	1	소수로	소수초등학교 (하로리 → 아성리)
36.854155	127.746209	30	F	2	소수로	소수초등학교 (아성리→하로리)
36.854675	127.119531	30	F	2	2공단5로	늘푸른어린이집 건너편
36.854687	126.955851	30	F	2	아산온천로	영인초등학교
36.855533	126.925076	50	F	2	영인산로	SG아름다운골프앤리조트 입구 삼거리
36.855580	127.441945	30	F	1	중앙서로	삼수초등학교앞
36.855632	127.428244	80	E	2	17번 국도	(오창→진천)
36.855683	127.428249	80	S	1	17번 국도	(진천→오창)
36.856429	128.898447	30	F	1	재산로	명호초등학교(명호면사무소 방면)
36.856793	127.921725	60	F	2	19번 국도	(괴산 → 충주)
36.856800	126.952700	30	F	2	영인로	영인초등학교 인근
36.857100	126.580000	60	F	1	정미로	신시리버스정류장인근
36.858108	126.579862	60	F	1	정미로	신시리버스정류장인근
36.858281	126.456839	70	F	2	백제사신로	무장교차로(성연→대산)
36.858347	128.898433	60	F	2	청량로	(안동 방면)
36.858373	126.631791	110	S	2	서해안고속도로	서해안고속도로256.5k 목포방향 시점
36.858434	128.898355	60	F	1	청량로	(도천리 방면)
36.858688	126.636009	110	S	1	서해안고속도로	서해안고속도로256.8k 서울방향 시점
36.858810	126.634364	110	S	1	서해안고속도로	서해안고속도로256.8k 서울방향 시점
36.860044	127.142213	30	F	1	업성3길	천안업성초등학교 건너편
36.860456	126.631833	110	S	2	서해안고속도로	서해안고속도로256.5k 목포방향 시점
36.861149	126.891287	30	F	2	관암길	관암1리 마을회관 앞
36.861561	127.479055	110	E	2	35번 중부고속도로	중부고속도로 280.3K 하남방향 종점 (증평IC→진천IC)
36.862650	127.150276	60	F	2	천안대로	서북고가교 전
36.863138	126.433214	70	F	2	충의로	중왕교차로서산방면(대산→서산)
36.863212	127.929350	70	F	1	19번 국도	방곡교차로 (충주 → 괴산)
36.863377	126.433319	70	F	2	충의로	중왕교차로대산방면(서산→대산)
36.863751	127.736139	70	F	1	37번 국도	궁굴교 150M 전
36.864096	127.476652	110	S	1	35번 중부고속도로	중부고속도로 통영방향 280.4K 구간시점(진천IC→증평IC)
36.864500	126.733700	60	F	2	순성로	청금리입구 순성농협방향
36.864501	126.732628	60	F	2	순성로	청금리입구 순성농협방향
36.864736	128.858172	60	F	3	봉명로	고감리(영주↔울진)
36.865211	126.215113	40	F	1	옥파로	황촌1리 회관입구
36.865700	127.194300	60	F	1	망향로	아이세상유치원 앞
36.866699	126.215324	40	F	1	옥파로	황촌1리 회관입구
36.866867	126.436529	30	F	2	화천1로	부성초등학교앞단일로2(지곡농협→지곡교차로)
36.866901	128.535302	50	F	1	김천순환로	성심요양병원 앞(동부교 방면)
36.867900	126.613200	30	F	1	역천로	용연유치원 건너편
36.867901	126.613120	30	F	1	역천로	용연유치원 건너편
36.867902	128.535653	50	F	2	소백로	성심요양병원(풍기IC 방면)
36.868855	128.638440	60	F	2	의상로	진우교차로 전(부석방면)
36.869683	126.279247	30	F	1	원이로	이원초등학교 앞
36.869752	126.279185	30	F	2	원이로	이원초등학교 건너편
36.869785	126.279382	30	F	2	원이로	이원초등학교 건너편
36.870462	128.524431	30	F	2	영남대로	풍기초등학교(영주시청 방면)
36.870642	128.524091	30	F	2	다덕로	풍기초등학교(풍기119안전센터 방면)
36.870842	127.912363	110	E	2	45번 중부내륙고속도로	중부내륙고속도로 210.2Km (부산 → 양평)_구간 2지점
36.870842	127.912363	110	S	2	45번 중부내륙고속도로	중부내륙고속도로 210.2Km (부산 → 양평)_구간 2지점
36.871294	128.836965	60	F	1	봉명로	율곡버스정류장(양방향)
36.871322	127.200278	30	F	2	성거길	성거초등학교 앞
36.871700	127.200600	30	F	1	성거길	성거초등학교 앞
36.872051	128.594668	60	F	1	회헌로	동촌1리정류장(영월 방면)
36.873263	127.853202	30	F	1	목도로	목도초등학교 (목도삼거리→불정면사무소)
36.873306	127.853122	30	F	1	목도로	목도초등학교 (불정파출소 → 목도성당)
36.874310	127.850220	30	F	2	516번 지방도	불정보건지소 앞 (불정사거리 → 목도삼거리)
36.874462	127.137010	60	F	2	부송로	직산 농공단지
36.876202	127.654113	30	F	1	515번 지방도	원남초등학교 (주민자치센터→행정복지센터)
36.876305	127.654456	30	F	2	515번 지방도	원남초등학교 (행정복지센터 → 주민자치센터)
36.876793	127.115431	30	F	1	양당로	양당초등학교 건너편
36.877269	126.439661	70	F	1	충의로	이마트24앞사거리(대산→서산)
36.878086	126.571062	30	F	2	정미로	천의초등학교 건너편
36.878087	128.741466	60	F	2	예봉로	내성리(안동 방면)
36.878150	126.570380	30	F	1	정미로	천의초등학교 앞
36.878180	126.570310	30	F	2	정미로	천의초등학교 건너편
36.878476	128.741497	60	F	1	예봉로	내성리(봉화군청 방면)
36.878484	128.525148	30	F	1	이산로	풍기북부초등학교(풍기역 방면)
36.878906	127.973242	30	F	1	수회리로	수회초등학교(중앙경찰학교→국립산림품종센터)
36.878921	127.180565	60	F	1	봉주로	문덕리 입구3가
36.878945	127.973441	30	F	2	수회리로	수회초등학교 (원동교→경찰학교)
36.879347	128.686957	30	F	1	봉화로	도촌초등학교(영주 방면)
36.879539	126.801288	70	E	1	서해로	신당교차로 1,2차로종점
36.879778	126.928287	80	F	1	아산로	월선교차로
36.880457	128.496567	80	F	2	죽령로	풍기농협입구 앞(단양->풍기)
36.880731	126.858054	70	S	1	서해로	인주산업단지 1,2차로시점
36.880734	126.756341	30	F	2	솔안말길	서정초등학교 앞
36.881958	126.758149	30	F	2	솔안말길	서정초등학교 앞
36.881996	126.801185	70	E	1	서해로	신당교차로 1,2차로종점
36.882805	127.376627	30	F	1	34번 국도	백곡 우체국 앞 (진천→성환)
36.883364	128.079881	30	F	1	미륵송계로6길	한송초등학교 (한수우체국→한송초등학교)
36.883503	126.770610	30	F	2	신평길	성모유치원 건너편
36.883503	126.770617	30	F	1	신평길	성모유치원 앞
36.883538	126.618077	30	F	3	남부로	(유곡리1361, 유곡1교차로→동곡리)
36.883660	126.770610	30	F	2	신평길	성모유치원 건너편
36.883710	126.770710	30	F	1	신평길	성모유치원 앞
36.883823	126.617219	30	F	1	남부로	(유곡리1361, 유곡1교차로→동곡리)
36.883943	127.359440	50	F	1	백곡로	(진천-백곡) 백곡초등학교
36.884098	126.759700	30	F	2	거산3리길	신평중학교인근
36.884694	129.414541	60	F	2	동해대로	울진군 매화면 동해대로 덕신교차로 2차로(울진 -> 영덕)
36.884704	128.733423	50	F	2	상모로	씨티파크아파트(봉화군청 방면)
36.884936	128.815569	30	F	1	봉명로	봉성초등학교(명면 방면)
36.885200	126.967600	30	F	1	토정로	신화초등학교 앞 사거리
36.885200	126.968300	30	F	1	고룡산로	신화초등학교
36.885598	126.773158	30	F	2	원머리로	신평초등학교 앞
36.885682	126.772691	30	F	1	원머리로	신평초등학교 건너편
36.885860	126.772750	30	F	1	원머리로	신평초등학교 건너편
36.885910	126.772810	30	F	2	원머리로	신평초등학교 앞
36.885943	126.771401	30	F	1	신평로	신평초등학교 앞
36.885958	126.652641	50	F	2	남부대로	당진시 남부대로
36.886000	126.771500	30	F	1	신평로	신평초등학교 앞
36.886000	126.967400	30	F	2	토정로	신화초등학교
36.886419	126.739683	70	F	1	서해로	거산타이어 앞
36.886505	126.652774	50	F	2	남부대로	당진시 남부대로
36.886600	126.647400	50	F	2	동부로	중앙메디컬타워 앞
36.886706	126.647035	50	F	2	동부로	중앙메디컬타워 앞
36.886771	126.739739	70	F	1	서해로	거산타이어 앞
36.886927	126.894449	60	F	2	걸매길	걸매리 899
36.887303	126.918754	70	E	2	장영실로	세원교차로1,2차로종점
36.887491	126.652939	30	F	2	수청2로	수청초등학교  건너편
36.887651	127.566624	30	F	2	533번 지방도	꽃동네학교 (원남→혁신도시)
36.887654	126.653053	30	F	2	수청2로	수청초등학교 건너편
36.887760	126.810620	70	F	1	북부산업로	도성교차로부근
36.887760	126.811120	70	F	1	북부산업로	도성교차로부근
36.887770	126.810620	70	F	2	북부산업로	도성교차로부근
36.887770	126.811050	70	F	2	북부산업로	도성교차로부근
36.887799	126.919794	70	S	1	장영실로	세원교차로1,2차로시점
36.887828	126.700869	110	E	1	서해안고속도로	서해안고속도로263.8k 서울방향 종점
36.888510	126.700691	110	E	1	서해안고속도로	서해안고속도로263.8k 서울방향 종점
36.889500	126.612700	70	F	2	서해로	탑동고가교근처
36.889715	126.612344	70	F	2	서해로	탑동고가교근처
36.889848	128.465591	100	E	2	중앙고속도로	두산리(영주 방면)
36.889963	126.525421	60	F	2	만세로	고래샘 버스정류장 앞
36.890049	127.566227	30	F	1	515번 지방도	꽃동네학교 (혁신도시→초평)
36.890200	126.524400	60	F	2	4.4만세로	고래샘 버스정류장 앞
36.890779	126.636878	50	F	2	무수동로	당진문예의전당 교차로전
36.890838	126.637080	50	F	2	무수동로	당진문예의전당 교차로전
36.891447	126.439878	70	F	2	충의로	대요교차로(대산→서산)
36.891569	128.740411	30	F	1	제일로	봉화초등학교앞(양방향)
36.892298	128.724609	50	F	1	유학로	봉화역 200m전(봉화군청 방면)
36.894963	126.619823	60	F	1	운학길	당진코아루아파트 앞
36.896021	127.318252	60	F	2	34번 국도	(성환→백곡)
36.898033	126.696220	60	F	3	부동길	(기지초→크라테르정문)
36.898428	127.298014	30	F	3	34번 국도	엽돈재 (백곡저수지 ↔ 청룡저수지)
36.898534	126.696033	60	E	2	서해로	(기지초→크라테르@정문)
36.900299	126.990963	70	S	1	장영실로	신봉교차로1,2차로시점
36.900395	126.500089	30	F	1	만세로	조금초등학교 앞
36.900695	126.499613	30	F	1	4.4만세로	조금초등학교 앞
36.900852	126.299681	30	F	1	원이로	이원초 관동분교 건너편
36.901041	126.298947	30	F	1	원이로	이원초 관동분교 앞
36.901079	126.696796	30	F	2	틀모시로	(당진시청→롯데마트)
36.901167	126.634875	60	E	1	서해로	종점
36.901190	126.637202	30	F	1	밤절로	원당초등학교 앞
36.901190	126.637500	30	F	1	밤절로	원당초등학교 앞
36.901407	126.634557	60	E	1	서해로	종점
36.901469	126.639238	30	F	2	밤절로	원당초등학교 앞
36.901611	126.694086	30	F	3	틀모시로	(당진시청→롯데마트)
36.901650	126.638970	30	F	2	밤절로	글로벌꿈나래유치원 앞
36.901696	126.639584	30	F	2	밤절로	원당초등학교 앞
36.901734	126.442501	70	F	2	충의로	법룡사사거리(화천리→대산리)
36.902053	126.692989	30	F	2	틀모시로	기지초등학교
36.902110	127.223910	30	F	1	위례산길	자연사랑어린이집 앞
36.902154	126.684196	60	F	2	서해로	당진산업단지 사거리(시곡동 71-5, 당진3동→신평면)
36.902168	126.692832	30	F	2	틀모시로	기지초등학교
36.902220	127.224010	30	F	2	위례산길	자연사랑어린이집 건너편
36.902791	126.442414	70	F	2	충의로	우창실업앞삼거리(서산→대산)
36.903223	127.967550	30	F	2	531번 지방도	세성초등학교(살미우체국→설운1리마을회관)
36.903253	127.522953	80	F	1	21번 국도	과적검문소 전방200M(맹동→진천)
36.903546	126.659690	60	S	1	서해로	시점
36.903635	127.967625	30	F	1	매남이길	세성초등학교 (설운리→세성리)
36.903835	126.659413	60	S	1	서해로	시점
36.903892	127.529047	30	F	1	예지로	옥동초등학교
36.904336	128.309611	50	F	2	59번 국도	(문경→단양)
36.904416	127.001588	70	E	1	장영실로	신봉교차로1,2차로종점
36.905988	126.643698	60	F	1	서해로	원당주공아파트 앞
36.906852	126.908987	70	F	1	서해로	아산만방조제삼거리(아산→안중읍)
36.907032	127.680849	30	F	1	중앙로	하당초등학교(하당초등학교 입구교차로→마을회관)
36.907045	127.680329	30	F	2	하초로	하당초등학교 (마을회관→하당초등학교 입구교차로)
36.907209	128.772555	60	F	1	봉명로	유곡삼거리(동양초교 방면)
36.907345	128.168721	30	F	2	약초로	덕산초등학교 (도기→덕산)
36.907599	127.512841	30	F	1	용석로	덕산하나어린이집(덕산→혁신도시)
36.907612	127.512841	30	F	2	용석로	덕산하나어린이집(혁신도시→덕산)
36.907873	127.227175	70	F	1	망향로	홍천교차로
36.908052	127.171074	60	F	1	성진로	한국타이어 앞
36.908675	127.869982	30	F	2	525번 지방도	달천매현분교 (괴산→충주)
36.908798	127.172085	30	F	2	성진로	판정2리버스정류장 앞
36.909358	126.749578	30	F	2	신평로	전대초등학교 앞
36.909358	126.750227	30	F	2	신평로	전대초등학교 앞
36.910518	126.441840	70	F	1	충의로	지곡지하통로위사거리(대산→서산)
36.910813	128.832601	80	F	2	파인토피아로	다덕나들목(영주 방면)
36.911215	127.541619	30	F	1	사예로	동성초등학교 (두성리 → 신돈리)
36.911216	127.541601	30	F	2	사에로	(신돈리 → 두성리)
36.911886	127.544037	30	F	1	사예2길	동성초등학교 (동성고 → 혁신도시체육센터)
36.911957	126.689475	30	F	1	틀모시로	기지유치원 앞
36.911960	127.196980	30	F	2	성진로	잼잼어린이집 앞
36.912050	127.197170	30	F	1	성진로	잼잼어린이집 건너편
36.912058	127.544169	30	F	2	사예2길	동성초등학교 (혁신도시체육센터 → 동성고)
36.912115	128.566380	70	F	2	소백로	순흥읍내리 벽화고분앞 (봉화→영주)
36.912200	126.689300	30	F	1	틀모시로	기지유치원 앞
36.912243	128.790459	30	F	1	법전로	동양초등학교(영주 방면)
36.912263	128.790585	30	F	1	다덕로	동양초등학교(울진 방면)
36.912290	127.241050	30	F	1	성진로	지혜어린이집 앞
36.912385	126.688845	30	F	2	틀모시로	기지유치원 앞
36.912430	127.241130	30	F	2	성진로	지혜어린이집 건너편
36.912500	127.206500	60	F	2	성진로	한국타이어 티스테이션앞 사거리(저리교차로→송남교차로)
36.912785	127.542734	30	F	1	학예로	동성초등학교 (동성유치원→동성중학교)
36.912955	128.401290	100	S	1	55번 고속도로	중앙고속도로 243.6K 춘천방향 시점 (단양IC → 북단양IC)
36.913393	128.877907	30	F	2	서동길	법전중앙초등학교(영주 방면)
36.913428	129.382822	30	F	2	매화1길	매화초등학교(매화중 방면)
36.913541	127.692712	70	S	1	37번 국도	구간시점 (음성→괴산)
36.913734	127.219181	30	F	2	하장4길	입장초등학교 앞
36.914472	127.137850	30	F	2	대학로	한별어린이집 앞
36.914771	127.138040	30	F	1	대학로	한별어린이집 건너편
36.914869	127.256781	60	F	2	성진로	(성주→시청)
36.915415	127.225578	30	F	2	성진로	양대초등학교 앞
36.915434	127.225614	30	F	1	성진로	양대초등학교 건너편
36.915945	126.442395	70	F	2	충의로	대산 왕국회관 앞 교차로
36.916025	126.442484	70	F	1	충의로	왕국회관앞(대산→서산)
36.916649	126.442751	70	F	1	충의로	대산 왕국회관 앞 교차로
36.916766	128.955783	80	F	1	경청로	녹동교차로 50m후(영주방면)
36.916900	127.132800	30	F	2	성환2로	성환초등학교 앞
36.917260	126.442823	70	F	2	충의로	왕국회관앞(서산→대산)
36.917500	127.128900	30	F	2	성환12길	성신초등학교 앞
36.917880	127.537785	80	S	2	21번 국도	신돈교차로 구간시점 (진천→음성)
36.920081	127.260454	30	F	1	서운로	산평초(안성 → 천안)
36.920135	127.260421	30	F	1	서운로	산평초등학교 앞 (입장 → 안성시청)
36.921448	128.358895	30	F	1	대강로	대강초등학교 (단양IC→대강면사무소)
36.922161	129.383712	80	F	2	동해대로	만세교 전(울진방면)
36.922801	127.611895	30	F	2	동음로	(동음2리마을회관→삼생삼거리)
36.923221	128.093475	60	F	2	36번 국도	상탄마을 앞 (충주→단양)
36.923349	126.594990	70	F	1	대호만로	당진공설운동장 입구
36.923594	127.063205	60	F	1	아산밸리로	둔포산단2교차로
36.923818	126.595339	70	F	1	대호만로	당진공설운동장 입구
36.923824	129.383330	80	F	1	동해대로	매화면 매화리 만세교 부근(7번국도 삼척방면)
36.924328	127.117446	30	F	2	신방로	사랑유치원 앞
36.924461	126.714321	60	F	1	송악로	송악농공단지
36.924746	127.115339	30	F	1	신방로	사랑유치원 건너편
36.925700	127.114000	80	F	2	삼사로	우신1교차로앞
36.925719	128.294591	60	F	2	36번 국도	(수산→단성)
36.926800	127.035000	30	F	2	아산호로	키즈아이조아어린이집 앞
36.927411	127.134172	60	F	1	천안대로	갯방죽사거리
36.929576	127.673744	60	F	2	516번 지방도	(신천교차로 → 음성종합운동장)
36.929763	128.252921	60	F	2	36번 국도	장회리 118-1
36.930226	128.239811	60	F	1	36번 국도	(제천 → 단양)
36.930732	127.428963	30	F	1	진광로	(이월-진천) 이월초등학교
36.930865	127.429097	30	F	2	진광로	이월초등학교 (이월중학교→이월우체국)
36.930951	127.928787	70	F	1	19번 국도	노루목교 앞 (풍동삼거리 → 노루목교 노루목교)
36.930994	128.332524	50	F	2	36번 국도	북하리 322
36.931158	127.189379	110	E	1	경부고속도로	경부고속도로352.5km서울방향 3,4차로종점
36.932053	129.174635	60	F	1	금강송로	소천면사무소 방면
36.932181	126.730147	60	F	1	송악로	수웅누리아파트 건너편
36.932837	126.679520	30	F	2	상거중앙길	송산초등학교 앞
36.932837	126.679716	30	F	2	상거중앙길	송산초등학교 앞
36.933158	128.328397	100	E	1	55번 고속도로	중앙고속도로 250.8K 춘천방향 종점 (단양IC → 북단양IC)
36.933200	126.729700	60	F	1	송악로	수웅누리아파트 건너편
36.934007	126.994039	90	S	2	세종평택로	신법교차로전
36.934007	126.994039	90	E	1	세종평택로	신둔포천교 전
36.934208	127.189060	110	S	2	경부고속도로	경부고속도로352.5km 부산방향 3,4차로시점
36.934287	128.185662	30	F	1	월악로	수산초등학교 앞 사거리 (수산사거리 → 원대삼거리)
36.934390	128.185512	30	F	1	월악로	수산초등학교 (원대삼거리→수산사거리)
36.934457	126.437172	50	F	2	충의로	대산고등학교앞사거리(서산→대산)
36.934523	127.439155	60	F	2	587번 지방도	(미잠삼거리→대막삼거리)
36.934554	129.248163	30	F	2	불영계곡로	삼근초등학교(금강송면보건지소 방면)
36.934926	127.693200	50	F	2	시장로	(평촌사거리→교동사거리)
36.935800	127.986874	40	F	2	도선동길	발티터널 후 (직동 → 재오개)
36.935898	127.230770	30	F	1	매향길	현매초(입장 → 안성)
36.935949	127.240281	80	F	2	안성대로	송산교 300m전(천안→남안성IC)
36.936114	128.310144	60	F	1	36번 국도	(우화삼거리→수중보)
36.936310	126.593180	30	F	1	고대로	고대초등학교 앞
36.936310	126.593922	30	F	1	고대로	고대초등학교 앞
36.936380	126.593030	30	F	2	고대로	고대초등학교 건너편
36.936380	126.593922	30	F	2	고대로	고대초등학교 건너편
36.936628	127.664879	50	F	2	음성로	(금왕→음성)
36.936874	127.976148	40	F	1	발치고개길	발티터널 후 (재오개 → 직동)
36.937889	126.918075	30	F	3	기산2길	가사초교앞사거리 어린이보호구역(서해로→권관4리마을회관)
36.938320	129.002805	30	F	1	소천로	소천초등학교(소천면행정복지센터 방면)
36.938619	126.432860	50	F	1	충의로	큐마트사거리(서산→대산)
36.938850	126.744050	30	F	1	송악로	송악초등학교 앞
36.938930	128.996150	60	F	1	소천로	(소천면 방면)
36.939052	126.435592	30	F	2	구진천로	대산초등학교앞2(대산소방서→대산시장)
36.939104	126.435676	30	F	2	구진천로	대산초등학교 앞
36.939121	127.690261	50	F	1	시장로	(용산저수지→평곡사거리)
36.939121	127.690366	50	F	2	시장로	(평곡사거리→용산저수지)
36.939323	126.436236	30	F	2	구진천로	대산초등학교앞1(대산시장→대산소방서)
36.939420	128.914381	30	F	1	서동길	춘양초등학교(춘양공용버스정류장 방면)
36.939563	129.228635	60	F	2	불영계곡로	삼근1터널 앞(울진방면)
36.939600	126.743200	30	F	2	송악로	송악초등학교 앞
36.939798	129.229006	60	F	2	국도36호선	금강송면 삼근리 삼근교차로(36번국도 울진방면)
36.939806	126.742864	30	F	2	송악로	송악초등학교 앞
36.939861	126.430793	50	F	2	충의로	큐마트사거리(대산→서산)
36.940633	126.748699	30	F	2	송악로	송악초등학교 앞
36.940639	126.743287	30	F	1	송악로	송악초등학교 앞
36.940681	126.786927	110	S	1	서해안고속도로	서해안고속도로273.5km 시점 3차로
36.940809	126.787983	110	S	1	서해안고속도로	서해안고속도로273.5km 시점 1, 2차로
36.942025	126.429944	50	F	1	충의로	농협하나로마트옆삼거리(대산→서산)
36.942965	126.794020	110	E	2	서해안고속도로	서해안고속도로273.5km
36.942974	126.793998	110	E	3	서해안고속도로	서해안고속도로273.5km
36.944086	126.588798	70	F	1	대호만로	대호만로
36.944354	126.589834	70	F	1	대호만로	대호만로
36.945794	127.258339	30	F	1	서운로	신촌교 앞 (산평초교→안성)
36.946353	126.991621	90	S	1	세종평택로	신대교차로 지나 300m지점 시점 3차로(아산→수원)
36.946731	127.529789	100	F	1	40번 평택제천고속도로	평택제천고속도로 63.1K 평택방향 (꽃동네IC→북진천IC)
36.946789	126.991429	90	E	3	세종평택로	신대교차로 지나 300m지점 종점 3차로(수원→아산)
36.946789	126.991466	90	E	3	세종평택로	신대교차로 지나 300m지점 종점 1,2차로(수원→아산)
36.947038	127.901557	50	F	2	충원대로	단월초등학교(단월삼거리→건국터미널)
36.947116	126.427461	50	F	2	충의로	삼호아파트앞삼거리(대산→서산)
36.947234	126.427632	50	F	2	충의로	삼호아파트앞삼거리(서산→대산)
36.947374	126.684667	70	F	2	현대제철로	무수교차로300m전
36.947600	126.759600	60	F	2	송악로	송악냉동창고 건너편
36.947611	126.685250	70	F	2	현대제철로	무수교차로300m전
36.947685	127.315474	30	F	3	배티로	상촌마을경로당 앞 노인보호구역(진천→마둔저수지)
36.947695	127.164360	30	F	1	연암로	도하초등학교 앞
36.947797	126.759270	60	F	2	송악로	송악냉동창고 건너편
36.947886	127.315605	60	F	1	배티로	상촌마을경로당 앞 (서운산→안성)
36.948058	127.440174	100	S	3	평택제천고속도로	평택-제천고속도로 54.8km 시점1,2차로(북진천IC→남안성IC)(진천군 내촌리 667-1)
36.948600	127.166200	30	F	2	연암로	도하초등학교 앞
36.948740	127.524176	30	F	2	신내로	부윤초등학교 (혁신도시→성본리)
36.948787	127.524010	30	F	1	신내로	부윤초등학교 (성본리 → 혁신도시)
36.949126	128.929682	60	F	2	천문로	조흔기계(영천시청 방면)
36.949438	126.688663	70	F	1	현대제철로	무수교차로300m후
36.949767	126.763232	60	F	1	송악로	송악냉동창고 앞
36.950139	129.391571	80	F	1	동해대로	노음교차로(영덕 방면)
36.950900	126.760700	60	F	1	송악로	송악냉동창고 앞
36.951364	127.114539	30	F	1	복모3길	신가초등학교 건너편
36.951423	127.114502	30	F	2	와룡길	신가초등학교 앞
36.951691	127.258670	30	F	1	서운로	서운어린이집 입구 (안성→서운초교)
36.951796	127.258571	30	F	3	서운로	서운어린이집 입구 어린이보호구역(서운중학교→안성시청)
36.951854	126.572433	30	F	3	온동1길	(행동교차로→채운사거리)
36.951961	127.258640	30	F	3	서운로	서운어린이집 입구 어린이보호구역(안성 → 서운초교)
36.952563	126.572533	30	F	2	고대로	(행동교차로→채운사거리)
36.952772	127.242607	60	F	1	안성맞춤대로	미양양변리앞교차로(남안성TG→입장면)
36.954483	127.243266	50	F	1	안성만춤대로	서동대로 → 보동리
36.956058	129.002207	60	E	2	청옥로	봉화구간(넛재터널)종점(태백→봉화)
36.957565	129.393596	30	F	2	울진북로	노음초등학교(노음교차로 방면)
36.958622	127.870589	30	F	1	산정독정길	독정2구 마을회관 앞 (교통대사거리→산정회관)
36.958760	127.640042	30	F	1	음성로	감우리회관 앞 (금왕 → 음성)
36.958860	126.695534	30	F	2	송산로	유곡초등학교 앞
36.959236	126.696075	30	F	1	송산로	유곡초등학교 건너편
36.959485	127.213316	60	F	3	안성맞춤대로	경동메르빌아파트 입구(입장면→안성경찰서)
36.959607	126.769515	30	F	2	송악로	상록초등학교 앞
36.959759	126.768899	30	F	1	송악로	상록초등학교 앞
36.959962	126.768786	30	F	1	송악로	상록초등학교 앞
36.960062	126.769449	30	F	2	송악로	상록초등학교 앞
36.960453	127.213761	50	F	2	서미로	보촌마을 입구 앞 (미양면사무소 → 입장면)
36.960570	127.187446	30	F	1	미양로	개정초(안성시청 → 입장)
36.960602	127.187519	30	F	1	미양로	개정초등학교 어린이보호구역(연암대학교→진촌리)
36.960961	126.692734	30	F	2	서정로	유곡초등학교 앞
36.960970	127.769704	70	F	2	36번 국도	동산미마을앞 (음성→충주)
36.961120	126.692950	30	F	2	서정로	유곡초등학교 앞
36.961202	126.692696	30	F	1	서정로	유곡초등학교 건너편
36.961202	126.692525	30	F	1	서정로	유곡초등학교 건너편
36.961523	126.907498	30	F	3	도대1로	도대2리마을회관 앞 노인보호구역(희곡리→인광리)
36.961614	127.848455	110	E	2	45번 중부내륙고속도로	중부내륙고속도로 222.8Km (부산 → 양평)_구간 3지점
36.961723	127.125414	60	F	2	천안대로	안궁3리버스정류장
36.963562	127.247529	60	F	3	서미로	보촌마을 입구 앞(미양면사무소→입장면)
36.964695	127.494972	30	F	2	대화2길	꿈나무어린이집 (웰메이드타운→대소초등학교)
36.965177	126.690888	30	F	2	유곡로	(남산동사거리→시름세삼거리)
36.965216	126.690542	30	F	3	시장3길	(남산동사거리→시름세삼거리)
36.965673	127.554239	60	F	2	성본산단로	(유촌리→유포리)
36.965887	127.499784	30	F	2	대금로	두진하트리움 아파트 앞 (삼정리→태생리)
36.966393	127.553466	60	F	1	513번 지방도	(유포리→유촌리)
36.966534	127.942579	30	F	2	염밭로	성남초등학교 (용산초→중흥S클래스)
36.966679	126.849910	50	F	3	평택항로	유성TNS사거리(서해대교→신당그린공원)
36.966680	127.940514	30	F	2	염밭로	성남초등학교(충주남부감리교회→중흥S클래스아파트)
36.966919	127.487958	30	F	2	오태로	대소초등학교 (오산삼거리→대소터미널)
36.967300	126.412384	70	F	2	충의로	명지사거리(대산→서산)
36.967815	127.485616	30	F	2	오태로	대소초등학교(대소터미널→오산교)
36.968218	127.506242	70	F	2	82번 지방도	태생리 산26-7
36.968412	126.958575	50	F	3	삼정길	삼성1리마을회관 앞(대반5리마을회관→삼정2리마을회관)
36.968459	128.637265	60	F	2	소백로	노곡리(부석면 행정복지센터 방면)
36.968618	126.412009	70	F	2	충의로	명지사거리(서산→대산)
36.968737	127.474340	30	F	1	삼양로	대소어린이집 (오류근린공원→삼호리)
36.969162	128.637556	60	F	1	소백로	노곡리(단산면행정복지센터 방면)
36.969208	127.474485	30	F	2	오산로	대소어린이집(삼호리→오류근린공원)
36.969554	127.237940	30	F	3	신두만곡로	보체초교 입구 어린이보호구역(미양면→남안성IC)
36.970244	129.300599	60	F	2	국도36호선	울진읍 대흥리 불영교차로(36번국도 울진방면)
36.970383	126.411961	70	F	2	충의로	대동항업건너편(화곡교차로→명지사거리)
36.970627	126.410875	30	F	1	명지3로	명지초등학교 건너편
36.970674	126.410758	30	F	2	명지3로	명지초등학교앞단일로1(명지초→명지중)
36.970906	127.263303	100	E	3	평택제천고속도로	(북진천IC→남안성IC)
36.971137	126.410673	30	F	2	명지3로	명지초등학교 앞
36.971373	127.908901	30	F	1	봉현로	(문화동 → 봉방동)
36.971686	126.410065	30	F	2	명지3로	명지초등학교앞단일로2(명지중→명지초)
36.971981	128.342951	70	F	1	5번 국도	단양역 앞 (단양IC→단양역)
36.972838	127.939334	30	F	1	갱고개로	엄지어린이집앞 (갱고개삼거리→교동사거리)
36.973260	127.238528	30	F	1	보체길	보체초(미양면 → 남안성 ic)
36.973635	126.836408	50	F	2	평택항만길	오뚜기 포승공장 입구 20m 전 지점(평택지방해양수산청->국제자동차부두)
36.974600	127.943298	30	F	1	만리산로	큰나무어린이집 앞 (만리산로삼거리→갱고개삼거리)
36.974616	127.213480	30	F	1	양지길	미양초교앞(미양면사무소 → 성환)
36.974859	127.213643	30	F	3	양지길	미양초교 앞 어린이보호구역(미양면사무소 → 입장)
36.974993	127.215853	30	F	1	미양로	미양성모 유치원 앞 (안성경찰서→성환)
36.975446	126.617849	70	S	2	북부산업로	시점
36.975496	127.472865	70	F	2	82번 지방도	(대소IC→금왕)
36.975500	126.524000	60	F	2	대호로	해장터널인근 터널방향
36.975500	126.524100	60	F	1	대호로	해창터널인근 해창교차로방향
36.975768	126.525169	60	F	1	대호로	해창터널인근 해창교차로방향
36.975795	127.491405	30	F	1	515번 지방도	(천평리 → 오산사거리)
36.975876	126.522973	60	F	2	대호로	해장터널인근 터널방향
36.976036	126.384896	30	F	2	기은아섬길	대진초등학교(가야엔지니어링→기은장로교회)
36.976211	126.388094	50	F	2	명지1로	대진초등학교2(독곶→명지)
36.976635	126.617638	70	S	2	북부산업로	시점
36.976644	127.489811	30	F	2	대성로77번길	새미실어린이집 (대소면→광혜원)
36.976931	127.788529	30	F	2	신덕로	주덕초등학교 (신중교차로→주덕오거리)
36.977026	127.563513	30	F	2	513번 지방도	오선초등학교 (유포리 → 오선리)
36.977055	127.923911	30	F	1	삼원로	삼원초등학교(삼원초등학교→대전지방노동청)
36.977180	127.788175	30	F	1	신덕로	주덕초등학교(주덕오거리→신니면주민센터)
36.977200	126.385300	30	F	1	기은아섬길 16	대진초등학교건너편
36.977274	127.924109	30	F	2	첨단산업2로	삼원초등학교 (봉방동행정복지센터→대가미체육공원)
36.977725	127.529976	70	F	1	82번 지방도	(금왕→대소)
36.977824	127.218329	60	F	1	미양로	미양농협하나로마트 앞(미양면사무소->안성경찰서)
36.977864	127.468469	70	F	2	82번 지방도	융보목련아파트 앞 (광혜원→ 대소)
36.978011	128.357415	30	F	1	상진2로	상진초등학교 (두진아파트→단양농협)
36.978297	126.681844	70	E	2	북부산업로	종점
36.978308	126.681749	70	E	2	북부산업로	종점
36.978518	127.588789	60	F	1	덕금로	마을입구 (금왕→맹동)
36.978873	126.874903	30	F	3	내기새싹길	내기어린이집 앞(내기초교) 어린이보호구역(명지미래힐아파트→내기초교)
36.978932	127.257198	60	F	2	제2공단1길	케이씨텍 앞 교차로(신능리->남안성IC)
36.979254	127.565090	80	E	2	21번 국도	오선교차로 구간종점 (진천→음성)
36.979355	126.608294	70	S	1	북부산업로	(새터교차로→초락교차로)
36.979442	127.564178	30	F	1	초금로	오선초등학교 (오선리→삼봉리)
36.979460	128.355838	30	F	1	상진로	상진초등학교 후문 (단양군보건소→상진초)
36.979871	126.607202	70	S	3	북부산업로	(새터교차로→초락교차로)
36.979888	128.368691	30	F	2	도전3로	단양초등학교 (중앙지구대→단양초)
36.980128	128.367972	30	F	1	59번 국도	단양초등학교 (도담산봉→단양고)
36.980565	127.944070	30	F	1	국원초1길	국원초등학교 (금봉대로→유원하나2차)
36.980761	126.945082	30	F	3	강변로	경기엘림어린이집 앞 어린이보호구역(한국농어촌공사→길음리)
36.981864	127.441636	60	F	1	진광로	농협지소 앞
36.982794	129.405288	80	F	2	동해대로	울진군 울진읍 동해대로 우리주유소앞(죽변→울진)
36.983044	128.344601	60	F	1	5번 국도	단양교차로 (매포리 → 상진대교)
36.983566	127.302824	30	F	1	금광오산로	개산초교 입구 (미양면사무소→개산보건진료소)
36.983915	127.303187	30	F	3	바우덕이로	개산초교 입구 어린이보호구역(미양면 → 개산보건진료소)
36.983995	127.304212	40	F	3	배티로	원오교 앞(진천→안성)
36.984138	127.250642	80	F	2	안성대로	늑동마을입구 교차로(천안→대덕면)
36.984393	127.303725	40	F	3	배티로	원오교 앞(안성→진천)
36.984555	127.924013	30	F	2	칠금18길	칠금초등학교(성원아파트→칠금초등학교)
36.985128	128.658774	60	F	2	부석사로	소천정류장(영주시청 방면)
36.985579	128.871806	60	F	1	춘양로	애당교회입구(법전면방면)
36.985951	127.921805	30	F	1	신림로	우암유치원 (쇠저울사거리→칠금동우체국)
36.986944	129.398151	30	F	2	울진중앙로	울진남부초등학교(울진군청 방면)
36.987562	126.365116	70	F	1	평신1로	독곶2교차로(독곶1교차로→황금산)
36.987589	126.365116	70	F	2	평신1로	독곶2교차로(황금산→독곶1교차로)
36.988487	126.869702	110	S	2	서해안고속도로	서해안고속도로284.1km
36.988630	126.869969	110	E	1	서해안고속도로	(목포→서울)
36.988693	126.869969	110	E	1	서해안고속도로	서해안고속도로 284.1km 종점 3, 4차로
36.989078	126.425392	70	F	2	충의로	화곡교차로(반곡교차로→명지사거리)
36.989162	127.174402	30	F	3	고무다리길	별빛누리유치원 입구 어린이보호구역(공도터미널 → 웅교리)
36.989447	127.174020	30	F	1	고무다리길	별빛누리유치원 입구 (공도터미널→웅교리)
36.989653	127.099477	30	F	3	평택4로	합정초교 정문 건너편 어린이보호구역(합정초교삼거리→평택여자중학교)
36.989898	127.595624	30	F	1	용천서길	금왕어린이집 (소방서→하나로마트)
36.989942	126.431888	80	F	1	충의로	반곡교차로(대산→당진)
36.989956	126.431888	80	F	2	충의로	반곡교차로(당진→대산)
36.990366	127.140649	30	F	1	진건중길	우림아파트 (삼성아파트→양진초교)
36.990415	126.398655	60	F	1	평신1로	대죽리진입로교차로(화곡리→독곶리)
36.990470	126.398655	60	F	2	평신1로	대죽리진입로교차로(독곶리→화곡리)
36.990507	127.593184	30	F	2	응천서길27번길	금왕유치원 (금왕도서관 → 동진매화아파트)
36.990512	127.140582	30	F	3	진건중길	우림아파트 109동 앞 어린이보호구역(삼성아파트 → 양진초
36.990534	127.440194	30	F	1	화랑길	만승초등학교 (광혜원중학교 → 만승초)
36.990558	127.592910	30	F	1	용천서길27번길	금왕유치원 (동진매화→용천초등학교)
36.991355	127.944918	30	F	1	금곡2길	금곡어린이집 (연수주공7단지아파트 → 하늘숲어린이집)
36.991368	127.929506	30	F	2	연수로	초록유치원 (충주시청→연수주공4단지)
36.991518	127.783358	30	F	2	525번 지방도	덕신초등학교 (노은→주덕)
36.991543	127.929152	30	F	1	연수로	초록유치원 (연수주공5단지→금제사거리)
36.991574	127.475084	110	F	2	35번 중부고속도로	중부고속도로 295K 상행(대소IC → 일죽IC)
36.992061	127.599501	30	F	2	금석로70번길	무극초등학교 후문 (외국인지원센터→금왕주공3단지)
36.992856	127.441096	30	F	1	화랑5길	만승초등학교 (광혜원터미널→산호2차)
36.992983	127.440577	30	F	2	화랑7길	만승초등학교 후문앞
36.993941	127.181644	30	F	1	정봉길	삼성유치원입구 (안성팜랜드→공도)
36.994018	127.181802	30	F	3	정봉길	삼성유치원 입구 어린이보호구역(안성팜랜드 → 공도)
36.994028	129.401136	30	F	3	중로2-1	울진군 울진읍 읍내리 울진초등학교 앞 횡단보도(북쪽 방면)
36.994342	129.401126	30	F	1	울진중앙로	울진초등학교(울진농공단지방면)
36.994712	128.664533	60	F	2	영부로	마구령 종점(영주 방면)
36.994924	129.401306	30	F	2	원화로	울진초등학교(울진군청방면)
36.994994	127.244247	60	F	1	미양로	두원공고앞(경찰서앞 사거리-> 신기교차로
36.995078	129.401297	30	F	2	중로2-1	울진군 울진읍 읍내리 울진초등학교 앞(울진군청 방면)
36.995143	128.165395	30	F	2	청풍호로	청풍초등학교 (덕산면→청풍면)
36.995999	127.090823	30	F	3	평택2로	천주교평택성당 앞 어린이보호구역(소화유치원)(평택마이스터고교→평택경찰서)
36.996341	127.468283	40	F	2	대청로	(광혜원→삼성면)
36.997215	127.145158	70	F	3	서동대로	기남교차로(평택대학교→대덕면)
36.997729	129.362756	60	F	1	국도36호선	울진읍 신림리 신림2교(36번국도 울진방면)
36.997812	126.557165	70	F	2	북부산업로	현대오일뱅크주유소
36.998100	126.557200	70	F	2	북부산업로	현대오일뱅크주유소
36.998113	127.161624	70	F	3	서동대로	공도삼거리(평택시청->안성)
36.998227	128.356685	60	F	1	59번 국도	도담리 53-12
36.998420	127.895914	30	F	1	김생로	오석초등학교 (유송삼거리→화동마을)
36.998645	128.327342	70	F	1	5번 국도	백광소재 앞 (단양 → 매포)
36.998931	127.167976	30	F	2	공도로	공도초등학교 앞 사거리(공도지구대 -> 공도터미널사거리)
36.999462	127.278683	60	F	2	영봉로	옥천교차로(버스터미널 ->남안성 IC입구)
36.999672	127.168319	30	F	1	공도1로	공도초등학교 어린이보호구역(공도초 정문 앞, 공도로→만정사거리)
36.999699	127.168286	30	F	1	공도1로	만정사거리 -> 공도터미널
36.999753	127.168289	30	F	1	공도1로	공도초(우미린아파트 → 공도초 정문)
37.000000	129.364585	60	F	1	설매길	(울진방면)
37.000316	127.172781	50	F	1	공도로	공도지구대사거리 (공도초교 → 퍼시스사거리)
37.000397	127.156077	50	F	1	서동대로	용두지구 공동주택 진입도로
37.000484	127.166925	30	F	3	공도로	공도초교 앞 어린이보호구역(만정리→한국산업인력공단경기남부지사)
37.000583	127.167548	30	F	3	공도1로	공도초교 앞 어린이보호구역(우미린러퍼스트아파트→만정리)
37.000627	127.250380	50	F	1	알미산로	화봉사거리 이전(경찰서앞사거리 → 옥산대교사거리)
37.000711	127.324326	30	F	2	금광초교길	금광초교 앞 어린이보호구역(안성시청->금광저수지)
37.000755	127.324443	30	F	1	금광초교길	금광초등학교 앞(시청 ->금광정수지)
37.000799	127.324157	30	F	3	금광초교길	금광초교 건너편 어린이보호구역(금광저수지→안성시청)
37.001338	127.220759	30	F	1	내리1길	광덕초교 앞 (내리→죽리)
37.001581	127.220921	30	F	3	내리1길	광덕초교 앞 어린이보호구역(죽리→중앙대안성캠퍼스)
37.002184	127.171047	30	F	1	공도4로	만정초  ->폴리텍대학
37.002278	127.555905	60	F	2	583번 지방도	(금왕→삼성)
37.002279	127.239666	50	F	1	중앙대학로	옥산교 앞(안성경찰서 → 내리)
37.002382	127.239716	50	F	3	중앙대학로	옥산교 앞(안성시청→중앙대학교안성캠퍼스)
37.002433	127.159922	30	F	1	기업단지로	용머리초교 앞 어린이보호구역(공도기업단지삼거리→공도기업단지
37.002501	127.159953	30	F	1	기업단지로	용머리초교 앞 (기업단지삼거리 → 공도기업단지)
37.003603	127.299034	50	F	1	진안로	낙원주류 앞 (금광면 → 가현교차로)
37.003942	127.165628	30	F	2	용머리큰길	서동대로 → 서안성체육센터
37.004097	127.165621	30	F	2	용머리큰길	새동그라미어린이집 어린이보호구역(서동대로→서안성체육센터)
37.004175	127.288671	80	F	2	영봉로	가현교차로(평택->천안)
37.004217	127.270707	50	F	3	장기로	삼천리 자전거 앞(봉산로타리→내혜홀초교)
37.004255	127.169798	50	F	1	공도4로	만정사거리 (만정초삼거리 → 경기창조고등학교)
37.004944	127.007169	30	F	3	창신들길	창신초등학교 앞 어린이보호구역(서동대로→당거리)
37.005377	127.265135	30	F	1	내혜홀3길	내혜홀초등학교 앞(안성1동 ->아양택지)
37.005658	127.252898	30	F	2	아양3로	백성초등학교 앞(안성경찰서 ->광신프로그래스)
37.006590	127.919550	30	F	1	목행산단5로	목행초등학교(도매시장삼거리→목행초등학교)
37.006764	127.256679	50	F	1	아양2로	안성아양시티프라디움 정문 (의료원삼거리 → 안성소방서)
37.006920	127.541385	30	F	2	583번 지방도	쌍봉초등학교 (삼성→금왕)
37.007211	127.541331	30	F	1	329번 지방도	쌍봉초등학교 (금왕 → 삼성)
37.007232	128.366674	60	F	2	59번 국도	덕천리 산 30-15
37.007326	127.171505	30	F	1	송원길	만정초(폴리텍대 → 금호어울림)
37.007756	126.490454	70	S	3	초락2로	(당진산업단지사거리→가마못교차로)
37.007839	127.193817	50	F	2	서동대로	문기초교 앞 (공도→안성)
37.007893	127.327176	30	F	1	종합운동장로	흙내음 어린이집 앞 (종합운동장→금광면)
37.007924	127.917458	30	F	2	목행초길	목행초등학교 후문 (충주소방서→목행대교)
37.007969	127.194298	50	F	3	서동대로	문기초교 앞 어린이보호구역(평택시청→안성시청)
37.008132	126.492299	70	S	1	북부산업로	(당진산업단지사거리→가마못교차로)
37.008140	128.832273	30	F	2	소천로	서벽초등학교(국립백두대간수목원 방면)
37.008140	128.832723	30	F	1	춘양로	서벽초등학교(춘양역 방면)
37.008293	127.013596	50	F	3	강변로	강변로(팽성대교→어연IC)
37.008405	126.988774	90	S	2	세종평택로	오성2교 앞 시점 3차로(수원→아산)
37.008405	126.988834	90	S	3	세종평택로	오성2교 앞 시점 1,2차로(수원→아산)
37.008764	127.256850	50	F	1	아양1로	시티프라디움 106동 앞 교차로 (중앙대안성캠퍼스 → 안성천)
37.009189	127.250244	60	F	2	알미산로	변전소삼거리(양성  ->안성경찰서)
37.009222	127.263876	50	F	1	아양로	한경대사거리 (대천동성당사거리 → 안성우체국)
37.009475	127.284211	50	F	1	보개원삼로	아시아빌딩 건너편 (가사교차로 → 봉산로타리)
37.010327	127.219404	70	F	1	서동대로	내리사거리 (서동대로)(공도→안성)
37.010375	127.288532	60	F	2	비봉로	푸르지오아파트 앞(버스터미널->안성시청)
37.010738	127.272168	30	F	1	혜산로	안성초( 금산교차로 → 안성초교 앞)
37.010760	127.272239	30	F	3	혜산로	안성초교 앞 어린이보호구역(한경대학교→안성시청)
37.010817	127.271960	30	F	1	혜산로	안성초등학교 앞 어린이보호구역(안성시청->한경대학교)
37.011188	127.257330	50	F	2	아양2로	안성점cgv 앞 삼거리(안성소방서 -> 경기도의료원)
37.011383	126.881215	60	F	1	포승장안로	신원IC교 하단(장안대교->안중읍)
37.011439	126.988192	90	E	1	세종평택로	오성2교 앞 종점 1,2차로(아산→수원)
37.011480	126.994300	70	F	1	서동대로	오성IC 앞(평택시청->안중읍)
37.012426	127.241481	30	F	1	중앙로	혜윰유치원 입구 어린이보호구역(대덕면행정복지센터→안성시청)
37.012454	126.539291	30	F	1	대호만로	삼봉초등학교 앞
37.012503	127.271716	30	F	1	금산2길	안성초등학교 앞(동신@ ->금산R)
37.012578	126.539339	30	F	1	대호만로	삼봉초등학교 앞
37.012672	127.226311	60	F	2	서동대로	중앙대학교앞교차로(평택대학교->보개면사무소)
37.012746	127.272135	30	F	3	향교길	안성초교 후문 어린이보호구역(금산교차로→법계사)
37.012973	127.237484	60	F	2	중앙로	대덕면사무소 앞(대덕삼거리->제1산업단지)
37.013023	127.272191	30	F	3	금산2길	안성초교 후문 어린이보호구역(법계사→금산교차로)
37.013151	129.402180	60	F	2	울진북로	울진읍 온양리 온양교차로(36번국도 봉화방면)
37.013983	127.600490	30	F	2	음성로	(금왕 → 생극)
37.014093	127.262778	30	F	1	비룡로	비룡초등학교 (금석1교 → 쌍용아파트정문)  (어린이보호구역)
37.014103	126.538984	30	F	2	대호로	삼봉초등학교 앞
37.014140	127.262648	30	F	3	비룡로	비룡초교 어린이보호구역(쌍용아파트정문→금석1교)
37.014184	127.262132	30	F	3	비룡로	비룡초등학교 앞 어린이보호구역(대우경남아파트 → 한경대)
37.014189	127.262213	30	F	1	비룡로	비룡초등학교 앞 어린이보호구역(대우경남아파트→ 한경대)
37.014218	126.539089	30	F	2	대호로	삼봉초등학교 앞
37.014857	127.499070	30	F	1	583번 지방도	삼성어린이집 (덕정리→삼성면)
37.015512	127.500926	30	F	2	329번 지방도	삼성어린이집 (덕정교 → 삼성어린이집)
37.015564	127.270893	50	F	2	남파로	성요셉병원 200m전(안성시청→안성산업단지)
37.015636	127.036269	30	F	3	효덕새싹길	효덕초교 진입로 어린이보호구역(효덕초교→서동대로)
37.015784	127.223456	30	F	3	신령로	어울초교 앞 어린이보호구역(어울초교→마정리)
37.015874	127.223955	30	F	1	신령로	어울초등학교 (어울초교 → 롯데캐슬센트럴시티아파트)  (어린이보호구역)
37.016045	127.469073	30	F	2	청용로	용성3리 경로당 인근 (상곡리 → 용성리)
37.016359	127.262847	50	F	2	남파로	안성시청 ->농심앞 사거리
37.016886	126.872052	60	F	2	포승장안로	홍원육교 앞(안중읍->장안대교)
37.017442	127.103235	30	F	3	상서재로5길	서재초등학교 정문 건너편 어린이보호구역(동삭초교→통북천)
37.017739	127.096208	50	F	3	비전4로	SK셀프주유소 앞 사거리 전 100m지점(평택시청→칠괴동)
37.022393	127.288753	50	F	2	보개원삼로	안성시농업기술센터 입구 (기좌리 → 안성시청)
37.022717	127.103377	70	F	3	남북대로	에쓰-오일충전소 앞(고덕교차로->안성)
37.022840	127.260931	70	F	2	서동대로	삼원상사앞(보개면->대덕면)
37.022900	127.106385	70	F	3	남북대로	에쓰-오일충전소 맞은편(안성->고덕교차로)
37.023218	129.409406	50	F	2	울진북로	곡해교(울진군청 방면)
37.024249	127.040976	60	F	1	첨단대로	고덕지하차도 앞 3차로(평택고덕IC->여염리)
37.024283	127.061040	70	F	2	남북대로	지제교차로 지나 500m지점(고덕교차로->안성)
37.024436	127.077896	70	F	1	남북대로	칠괴교차로 지나 300m지점(안성->고덕교차로)
37.024865	128.293845	70	F	2	532번 지방도	(북단양IC → 매포)
37.025636	126.832876	60	F	3	지방도302	합농정미소 앞 교차로(노진대교→장안교차로)
37.025761	126.836803	60	F	2	남양황라로	(장안대교->노진대교)
37.026500	126.875415	110	F	1	서해안고속도로	(목포→서울)
37.026790	128.384290	30	F	1	59번 국도	가곡초등학교 앞(단양방향)
37.027312	129.409168	50	F	2	울진북로	온양2리마을회관 버스정류장(울진군청 방면)
37.027718	127.244058	30	F	2	모산로	대덕초교 앞 어린이보호구역(보동리→안성경찰서)
37.027726	127.244084	30	F	1	모산로	대덕초교 앞 (보동리→안성경찰서)
37.027903	127.965002	30	F	2	조동2길	동량초등학교(조돈마을→탑평삼거리)
37.027993	127.244184	30	F	3	모산로	대덕초교 앞 어린이보호구역(안성경찰서→보동리)
37.028036	127.965136	30	F	1	조동2길	동량초등학교(후문) (탑평삼거리→조돈마을회관)
37.029634	127.342540	30	F	1	서동대로	마전보도육교 앞 (일죽→안성)
37.029786	127.342633	50	F	3	서동대로	마전보도육교 앞 어린이보호구역(일죽 → 안성) (마전초)
37.030680	127.160856	30	F	3	원당로	반제마을 입구 노인보호구역(원곡119안전센터→반제저수지)
37.031226	128.295284	30	F	1	평동4로	꿈나무어린이집 (매포도서관→용장교)
37.031655	128.296218	30	F	2	평동4로	꿈나무어린이집 (용장교→매포도서관)
37.032074	127.603542	30	F	2	318번 지방도	(팔성리 → 신양리)
37.032224	127.603233	30	F	1	318번 지방도	(신양리 → 팔성리)
37.032537	128.263688	30	F	1	적성로	대가초등학교 (제천→단양)
37.033333	127.230422	50	F	2	만세로	유별난마을입구(안성시청->양성면)
37.033369	127.230278	60	F	2	만세로	유별난마을입구(안성시청->양성면)
37.033372	127.928390	30	F	2	대미길	대미초등학교 (용교삼거리→중원중학교)
37.033547	128.263623	30	F	2	적성로	대가초등학교 (단양→제천)
37.033704	126.960605	50	F	3	청오로	남부주유소 앞(오성IC→청북중학교)
37.035089	128.995416	60	S	1	청옥로	봉화구간(넛재터널)시점(태백→봉화)
37.035358	127.311395	30	F	1	문화예술로	뜨란키즈 어린이집 앞 (종합운동장→복평리)
37.035782	126.850510	70	F	3	포승장안로	(화성→평택)
37.036424	126.850383	70	F	3	포승장안로	(평택→화성)
37.036438	127.028710	50	F	2	고덕순환대로	호반써밋고덕국제신도시에듀파크 1432동 건너편 2,3차로(두릉리→고덕성당)
37.037244	127.922534	60	F	2	서부순환대로	사암교차로 종점부
37.038652	128.303524	50	F	1	532번 지방도	(제천 → 단양)
37.038806	127.539175	30	F	2	금석로70번길	무극초등학교 후문 (금왕주공3단지 → 외국인지원센터)
37.038912	128.670165	60	F	2	영부로	마구령 종점(영월 방면)
37.039105	126.912146	30	F	3	청북중앙로	삼덕초교 후문 어린이보호구역(삼계5리→삼계2리)
37.040108	127.129401	30	F	1	가천중앙1길	원곡면사무소 앞 어린이보호구역(원곡면 → 평택) (원곡초교)
37.040195	127.357385	70	F	2	서동대로	장항마을입구(일죽면->안성시청)
37.040240	126.913016	30	F	3	청북중앙로	삼덕초교 입구 어린이보호구역(청북읍행정복지센터→삼덕초교)
37.040416	127.137642	110	E	2	경부고속도로	경부고속도로 365.1km 종점 5차로
37.040419	127.137666	110	E	2	고속도로	경부고속도로 365.1km 종점 3,4차로
37.040420	127.137684	110	E	2	고속도로	경부고속도로 365.1km 종점 1,2차로
37.041158	127.189892	40	F	1	덕봉서원로	명목1리 새터말 입구 교차로(공도읍행정복지센터→양성면사무소)
37.041996	127.027057	60	F	2	하개정길	(개정사거리→공도읍)
37.042156	127.086549	30	F	3	막곡길	송탄초등학교 어린이보호구역(칠괴공원→브레인시티)
37.042373	127.922285	30	F	2	강수로	금가초등학교 (가곡마을회관→금가교차로)
37.042386	127.921813	30	F	1	강수로	금가초등학교(금가파출소→금가문화마을)
37.042670	126.936184	30	F	3	청북새싹길	청북초교 앞 어린이보호구역(청북우체국→어소리)
37.042672	127.474887	40	F	1	583번 지방도	대사리마을회관 앞
37.045446	127.193019	40	F	2	덕봉서원로	덕봉서원 입구(양성면사무소→공도읍행정복지센터)
37.046151	127.206507	40	F	1	만세로	아이스탁스몰 물류센터 앞(양성면사무소→안성시청)
37.046650	129.406074	80	F	1	동해대로	죽변면 봉평리 죽변교차로(7번국도 삼척방면)
37.047334	127.205471	60	F	1	만세로	한식부페 앞 (안성→양성)
37.047742	127.755259	30	F	1	연하중앙길	노은초등학교 (노은사거리→노은중학교)
37.047852	127.063173	30	F	3	첨단대로	장당IC 출구(고덕지구→경기대로)
37.047880	129.406257	80	F	2	경동로	죽변교차로(삼척방면)
37.048773	127.160837	80	F	2	서동대로	안성원곡물류단지 앞(용인->평택)
37.049357	127.159116	50	F	3	만세로	방삼마을 입구(칠곡교차로→칠곡저수지)
37.049363	127.159024	50	F	1	만세로	방삼마을 입구(칠곡교차로→칠곡저수지)
37.050282	127.261939	30	F	1	미륵로	명덕초교 앞 (고삼면→안성시청)
37.050765	127.716045	30	F	2	감노로	충주혜성학교(수상교→가신교)
37.050846	127.715975	30	F	1	525번 지방도	충주혜성학교 (노은면→법동리)
37.051761	128.643547	60	F	1	영부로	남대리(영월 방면)
37.053305	127.220581	40	F	2	한내로	필산1리 입구(방축리→양성면사무소)
37.055904	127.211617	40	F	1	한내로	주식회사 자품 앞(양성면사무소→필산리)
37.056410	127.365463	70	F	2	서동대로	동아방송예술대삼거리(안성시청->일죽면)
37.056793	126.877880	100	F	2	평택시흥고속도로	평택시흥고속도로 1.8km 종점 1,2차로(화성시 독정리 1688-1)(조암IC→서평택JC)
37.057289	127.057496	30	F	3	서정역로36번길	서정리초교 정문 앞 어린이보호구역(서정리역→경기대로)
37.057470	126.976391	50	F	3	드림산단로	어연한산일반산업단지 입구(어연IC→드림체육공원)
37.057686	127.257552	70	F	2	안성대로	토현교차로(고삼면사무소→ 대덕면사무소)
37.057876	127.257875	80	F	2	안성대로	토현교차로(고삼면사무소 ->대덕면사무소)
37.058129	127.294588	30	F	2	보개원삼로	보개초교 앞 회전교차로 (가사교차로 → 용인)
37.058144	127.143104	50	F	2	지문로	성지마을 입구 (상지문저수지 → 하지문마을회관)
37.058179	127.143185	50	F	3	지문로	상지문마을 입구(상지문저수지→하지문마을회관)
37.058323	127.294864	30	F	3	보개원삼로	보개초교 앞 회전교차로 어린이보호구역(안성시청→용인)
37.058669	127.061226	30	F	3	동구재길	가람유치원 입구 어린이보호구역(이충동→서정리역)
37.058823	127.295382	30	F	2	보개원삼로	보개초교 앞 회전교차로 (용인 → 가사교차로)
37.059000	127.295656	30	F	3	지방도325	보개초교 앞 회전교차로 어린이보호구역(용인→안성시청)
37.060386	127.410989	60	F	1	걸마로	광혜원→죽산면사무소
37.060508	128.420785	60	F	2	59번 국도	농기계사업소 앞(단양 ↔ 영춘)
37.060594	127.056255	50	F	2	서정남로	갈평고가교(고덕->송탄)
37.060614	127.441369	80	F	2	송문주로	용설3교 앞(양지IC→진천군청)
37.060848	126.786435	60	F	3	기아자동차로	CU화성기아자동차로점 앞(장안119안전센터→매향리평화생태공원)
37.060849	127.048410	50	F	2	서정남로	갈평고가교(송탄->고덕)
37.061001	127.194762	30	F	1	옥단길	양성초교 앞 (양성초 정문→경기빌라)
37.061057	127.194717	30	F	3	옥단길	양성초교 앞 어린이보호구역(양성초 정문 → 경기빌라)
37.061409	127.539484	60	F	2	금율로	석산리마을입구
37.061619	127.195837	30	F	2	양성로	양성초등학교 앞 어린이보호구역(용인->평택)
37.061842	127.195936	30	F	1	양성로	용인->양성
37.062864	127.935112	100	E	1	40번 평택제천고속도로	평택제천간고속도로 104.4K 종점 (제천JC→평택)
37.063085	126.913547	30	F	3	청북중앙로	알앤알물류센터 입구(요당리→알앤알물류센터)
37.063209	127.292202	30	F	1	이전봉산길	이전리마을회관 노인보호구역(오림교차로↔고삼호수)
37.063895	127.142622	50	F	3	지문로	일진엔지니어링 건너편(산하리→상지문저수지)
37.063954	127.513643	60	F	3	지방도306	산양1리마을 입구(일죽면행정복지센터→생극면행정복지센터)
37.064048	127.371678	70	F	2	서동대로	삼죽삼거리(일죽면->안성시청)
37.064195	127.513183	60	F	2	일생로	산양1리마을입구
37.065879	128.295530	70	F	2	5번 국도	담배건조장 앞 (제천 → 매포)
37.066078	128.164988	30	F	1	국사봉로	금성초등학교 (금성보건소→구룡2리마을회관)
37.066086	128.164977	30	F	1	국사봉로	금성초 입구 (사곡리 → 금성보건소)
37.066719	126.804977	50	F	3	국지도82	더부철강 앞(매향리→사량리)
37.066984	127.170819	50	F	3	국지도23	명품오리돌판구이(3.1운동기념관→성은저수지)
37.067622	129.393420	80	F	2	동해대로	울진군 죽변면 동해대로(후정리) 후정교차로(삼척→울진)
37.068065	126.902105	60	F	3	청북양감로	고잔저수지 부근(요당교차로→고잔2교차로)
37.070294	127.206287	60	F	1	양성로	석화1리마을입구 전(양성면사무소→양성교차로)
37.070954	127.143014	50	F	1	지문로	물류센터입구 삼거리(성은삼거리→산하리삼거리)
37.071125	127.422939	70	F	2	서동대로	장원산업단지교차로(안성시청->일죽면)
37.072010	128.282297	30	F	1	가평길	가평초등학교 (가평2리→가평1리)
37.072656	127.066076	50	F	3	경기대로	송현초교 앞 어린이보호구역(평택시송탄출장소→오산시청)
37.073533	127.050008	30	F	3	복창로57번길	삼호빌라 앞(복창초교→송신초교)
37.075358	127.052986	30	F	3	밀월로	송신초교 앞 어린이보호구역(태광고교→신장2동행정복지센터)
37.075417	128.143385	100	F	2	40번 평택제천고속도로	평택제천간고속도로 제천방향 124.1Km (충주-제천)
37.075858	127.854404	30	F	2	가곡로	가흥초등학교 (앙성→충주시)
37.075986	127.854329	30	F	1	가곡로	가흥초등학교(가흥삼거리→대평촌교차로)
37.076211	128.144539	100	S	1	40번 평택제천고속도로	평택제천간고속도로 124.2K 시점 (제천JC→평택)
37.076647	126.906941	30	F	3	구문천2길	구문천2리마을회관 건너편 노인보호구역(요당교차로→구문천1리마을)
37.077231	127.421266	30	F	2	죽산초교길	죽산면사무소 -> 죽산초
37.077267	127.421392	30	F	2	죽산초교길	죽산초등학교 어린이보호구역(매산교차로→죽산면사무소)
37.078098	127.933271	80	E	1	19번 국도	서곡교차로 전 종점 (원주 → 충주)
37.078290	126.887506	110	F	3	서해안고속도로	서해안고속도로 294.4km
37.078976	126.921518	70	F	1	포승향남로	양감교차로 전 250m지점(향남->평택)
37.079025	128.483757	30	F	1	온달평강로	영춘초등학교 (영춘중학교 → 영춘전통시장)
37.079091	127.051222	30	F	3	신장로	아시아호텔 앞(송탄터미널→국제로)
37.079098	127.051189	30	F	3	신장로	아시아호텔 앞(국제로→송탄터미널)
37.079767	127.064674	30	F	3	지산3로	송북초교 후문 어린이보호구역(송탄중교→동부아파트)
37.079811	126.983727	60	F	2	용소금각로	용소1리버스정류장 앞(양감면->평택)
37.080296	126.943647	60	F	2	은행나무로	양감교회 앞(청북읍→양감행정복지센터)
37.080300	127.956553	30	F	2	천등박달로	산척초등학교 (산척우체국→충주구치소)
37.081234	127.064286	30	F	3	지산3로	송북어린이공원 어린이보호구역(송북초교)(송북초교→진위면)
37.081739	127.264240	30	F	3	고삼호수로	고삼초교 앞 어린이보호구역(고삼면사무소→월향리)
37.081759	127.264546	30	F	2	고삼호수로	고삼초등학교 앞 어린이보호구역(고삼저수지→고삼면사무소)
37.081775	127.263888	30	F	1	고삼호수로	고삼초(고삼면사무소 → 월향리)
37.081786	127.263596	30	F	1	고삼호수로	고삼초등학교 앞 (고삼저수지 → 고삼면사무소)
37.082497	129.373466	50	F	1	울진북로	(삼천->울진)
37.082778	129.373280	50	F	2	울진북로	(울진->삼척)
37.083007	129.373108	50	F	2	울진북로	울진군 북면 울진북로 신화1리 마을회관 앞 (삼척→울진)
37.083007	129.373171	50	F	1	울진북로	울진군 북면 울진북로 신화1리 마을회관 앞 (울진→삼척)
37.084862	127.083697	30	F	3	마산1길	마산1리다목적회관(독곡동→상남로)
37.085642	126.822632	30	F	3	조암동로	장안초교 앞 사거리 어린이보호구역(삼괴중학교→3.1만세로)
37.085749	126.905989	30	F	3	발안공단로5길	구문천어린이집 맞은편 어린이보호구역(고잔리→상신리)
37.086441	127.916937	30	F	2	내창로	엄정초등학교(엄정보건지소→내동마을)
37.086450	127.916663	30	F	1	내창로	엄정초등학교 (엄정소방대→엄정지구대)
37.086784	127.624828	60	F	1	음성로	(감곡→생극)
37.087001	127.455911	70	F	2	서동대로	산정자동차정비공장 앞(장호원->일죽IC)
37.087066	128.489326	50	F	2	북벽1길	상리 69-3
37.087096	127.456449	70	F	1	서동대로	산정자동차정비공장 앞(장호원->일죽IC)
37.088071	127.275571	40	F	1	고삼호수로	월량교 전 100m지점(북가현리->고삼면사무소)
37.088477	127.275830	40	F	2	고삼호수로	월량교 전 100m지점(북가현리->고삼면사무소)
37.088891	127.542547	30	F	2	고당로	율면초교 정문 앞
37.089403	126.802402	70	F	3	포승향남로	죽말교차로(우정초교→멱우지)
37.090023	127.541454	60	F	2	금율로	고당사거리
37.090207	127.480997	30	F	3	하동길	일죽초교 입구 어린이보호구역(산북리→일죽고교)
37.090321	127.480718	30	F	1	하동길	일죽초교 후문 입구 (송천리→주천리)
37.090869	126.973358	30	F	3	정문회화로	사창초교 정문 어린이보호구역(초록산→정문리)
37.090882	126.972944	30	F	3	정문회화로	사창초교 정문 어린이보호구역(정문리→초록산)
37.091571	127.075957	50	F	3	송탄고가길	희망프라자 건물 앞(신장동→용인)
37.091701	127.077066	50	F	1	지방도306	희망프라자 앞(마산리→신장동)
37.092183	127.284451	40	F	1	고삼호수로	향림고개(고삼면사무소->북가현리)
37.092287	127.284551	40	F	1	고삼호수로	향림고개(고삼면사무소->북가현리)
37.093128	126.861775	50	F	3	수정로	수촌2리마을회관 건너편(향남→독정리)
37.094307	128.417807	30	F	2	59번 국도	앞 (별방초등학교 → 별방삼거리)
37.094530	127.474594	70	F	1	서동대로	송천사거리 (이천 → 안성)
37.094604	127.474784	70	F	2	서동대로	송천사거리(안성시청→장호원)
37.094759	126.894607	30	F	2	장안로	상신2리마을회관 앞 노인보호구역(독정리→하길리)
37.094939	127.212228	60	F	2	양성로	태성엠엔씨 앞(이동저수지->양성면사무소)
37.095034	129.029297	60	F	1	태백로	태백터널 100m전방
37.095214	127.212257	60	F	1	양성로	장서교차로->양성면사무소
37.095811	126.885234	30	F	3	칼바위길	상신5리마을회관 앞 노인보호구역(상신1교→발안천)
37.095934	126.815076	60	F	1	쌍봉로	자굴고개삼거리(멱우1리->조암리)
37.095958	128.321532	50	F	2	532번 지방도	앞 (제천 → 어상천면)
37.097730	126.903942	70	F	3	서해로	풍무교 앞(안중→비봉)
37.097771	127.256782	70	F	1	안성대로	가유지구물류센터 입구(이동저수지→고삼면사무소)
37.098157	129.046689	60	F	1	동태백로	동점삼거리
37.099352	127.433383	80	F	2	죽양대로	매산교차로(용설리->백암면)
37.099505	127.770742	80	F	2	38번 국도	마련교차로 (감곡 → 충주)
37.099704	127.089953	30	F	3	봉남길	진위초교 정문 앞 어린이보호구역(진위향교→진위119안전센터)
37.102064	128.358085	30	F	1	어상천로	어상천초등학교 (임현삼거리 → 어상천초등학교)
37.103108	127.496284	70	F	2	서동대로	구름밭마을 입구(장호원읍→일죽IC)
37.103323	127.485247	70	F	1	서동대로	능국삼거리(이천→안성)
37.103787	127.972796	80	F	1	38번 국도	상산교차로 인근 (제천 → 충주)
37.104489	127.640374	30	F	1	음성로	감곡어린이집 (감곡사거리 → 금왕)
37.104964	127.640809	30	F	2	음성로	감곡어린이집 (금왕→감곡사거리)
37.105575	126.986262	30	F	3	정문송산로	송산1리마을회관앞 노인보호구역(정문2리→향남TG)
37.106441	126.868268	60	F	2	3.1만세로	홍원농장 앞(향남읍->우정읍)
37.107113	127.458646	30	F	3	죽화로	죽화초등학교 앞 어린이보호구역(일죽 → 방초초교)
37.107146	127.757072	30	F	1	가곡로	앙성초등학교 (주덕→장호원)
37.107178	129.002548	40	F	1	태백로	태백초등학교
37.107183	127.458564	30	F	1	죽화로	죽화초등학교 앞 어린이보호구역(일죽→방초초교)
37.107270	127.160185	60	F	3	어진로	예삐플라워아울렛 맞은편(남촌초교→이동저수지)
37.107574	126.970077	30	F	1	토성로	사창2리마을회관 앞 노인보호구역(양감IC→향남읍)
37.107577	126.970065	30	F	2	토성로	사창2리마을회관 앞 노인보호구역(향남읍→양감IC)
37.107926	127.485012	60	F	2	노성로	파머스(주) 앞 교차로(국립이천호국원→일죽면행정복지센터)
37.108984	127.120964	50	F	3	용구대로	남사진위TG 진입 전(장지IC→남사진위TG)
37.109116	127.244721	30	F	3	안성맞춤대로	미곡초등학교 앞 어린이보호구역(난실리 → 노곡리)
37.109139	127.244764	30	F	1	안성맞춤대로	미곡초등학교 앞 어린이보호구역(난실리 → 노곡리)
37.109355	127.609310	80	F	3	중원대로	진암IC 지나 400m지점(이천시청→음성)
37.109470	127.609513	80	F	3	중원대로	진암IC 전 400m지점(음성→이천시청)
37.109808	127.561864	70	F	1	서동대로	(주)상현모터스 앞(장호원읍→일죽IC)
37.110171	127.846754	30	F	2	주치길	소태초등학교 (소태치안센터→소태우체국)
37.110547	126.829170	100	F	1	평택시흥고속도로	평택시흥고속도로 9.4km 시점 1,2차로(화성시 금의리 621-57)(조암IC→서평택JC)
37.110686	127.376763	60	F	3	삼백로	석천리노인정 앞(삼죽면사무소→백암면행정복지센터)
37.111670	126.968280	70	F	3	발안양감로	네오텍스㈜ 앞(발안IC→양감TG)
37.112100	126.967190	70	F	3	발안양감로	프롬바이오 물류센터 앞(양감TG→발안IC)
37.112331	127.148557	50	F	3	처인성로	남사초교 앞(봉명리→내기삼거리)
37.112698	128.204703	80	F	1	38번 국도	명지교차로 (고명교차로 → 제천IC)
37.113460	127.632332	70	F	1	복숭아로	오남사거리
37.113634	127.150240	30	F	3	처인성로185번길	남사농협 앞 어린이보호구역(남사초교)(남사초교→남사
37.113715	127.591882	60	F	3	서동대로	다담숯불갈비 건너편
37.113922	127.591702	70	F	1	서동대로	어석리마을입구
37.114145	126.936852	60	F	3	서봉로	향남성담앞(향남→정남)
37.114184	127.600427	70	F	2	서동대로	송산리마을입구
37.114940	127.616519	70	F	2	서동대로	동양아파트사거리
37.115573	127.628131	30	F	2	장감로	장호원초교 앞
37.115590	127.048470	30	F	3	사리길	가온푸드 앞 노인보호구역(금암리→수월암리)
37.115676	127.623175	70	F	2	서동대로	장호원고가차도
37.115722	127.622667	70	F	2	서동대로	장호원천주교앞
37.116850	127.070548	50	F	3	가곡길	가곡5리 마을입구(화영아파트→가곡리입구삼거리)
37.117111	126.906532	60	F	1	발안양감로	상신육교 지나 250m지점(발안IC→하길지하차도)
37.117355	128.777394	60	F	1	태백산로	내덕교차로
37.117526	126.906055	60	F	1	발안양감로	상신육교 전 150m지점(하길지하차도→발안IC)
37.117640	126.872060	30	F	1	버들로	월문초교 앞 어린이보호구역(팔탄농협연합미곡종합처리장->서근리)
37.117895	127.630759	30	F	2	장감로	장호원초교 앞
37.118059	127.377569	30	F	3	한택로	장평초교 앞 어린이보호구역(장평리→석천리)
37.118064	127.377778	30	F	3	한택로	장평초교삼거리(용인 → 안성)어린이보호구역
37.118094	127.074475	30	F	3	가곡길	시립가곡어린이집 앞 어린이보호구역(LG이노텍→가곡리입구삼거리)
37.118393	128.204073	30	F	1	강명길	명지초등학교 (강저휴먼시아2단지→명지초등학교)
37.118547	128.204202	30	F	1	강저로11길	명지초등학교 (강저휴먼시아3단지→명지초등학교)
37.118799	128.201965	60	F	1	82번 지방도	명지초등학교 입구교차로 (제천 → 금성)
37.119256	127.433076	50	F	1	사실로	방초초등학교 앞 어린이보호구역(죽산면→이천시청)
37.119534	127.433065	30	F	1	사실로	방초초등학교 앞  (죽산 → 이천)
37.119565	127.654665	80	F	1	38번 국도	(충주→음성)
37.120078	127.433191	50	F	3	국지도70	주평마을 입구(남이천TG→오방교차로)
37.120119	128.209902	50	F	1	강저로	세차장 출구 (강저농공단지→강저코아루)
37.120129	127.433244	30	F	1	사실로	방초초교 앞 (이천 → 안성)  (어린이보호구역)
37.121021	126.690337	60	F	2	궁평항로	이든하임빌 앞(서신면행정복지센터->궁평항)
37.121921	128.201354	50	F	1	82번 지방도	센트럴코아루 앞 교차로(제천 → 금성)
37.121937	127.485079	60	F	2	노성로	덕현교차로(국립이천호국원→일죽면행정복지센터)
37.122324	127.630092	60	F	1	장여로	기산아파트입구
37.122651	129.041661	30	F	1	동태백로	철암초등학교
37.123233	127.993811	80	F	2	38번 국도	다릿재터널 후 (충주 → 제천)
37.123816	129.041667	30	F	1	동태백로	철암초등학교
37.125008	127.209527	30	F	2	경기동로	묘봉2리 복지회관 입구 노인보호구역(이동읍사무소→난실리)
37.125643	129.003114	60	F	1	태백로	장성여고 앞 교차로
37.125728	127.070947	30	F	3	엘지로	갈곶초교 건너편 어린이보호구역(송탄→오산)
37.126024	127.479308	30	F	1	덕현길	덕현마을회관 노인보호구역(덕현교차로↔대죽리)
37.126507	127.041482	60	F	3	서부로	대화기업 앞(송탄→오산)
37.126566	127.485687	60	F	1	노성로	호국원교차로
37.127082	127.629429	50	F	3	자여로	노탑정버스정류장
37.127092	128.827500	50	F	1	태백산로	상동읍사무소앞
37.127455	127.613089	70	F	2	경충대로	경기교육연수원앞
37.127977	126.930254	70	F	2	포승향남로	도이교차로 지나 500m지점(팔탄->청북)
37.128067	126.930421	70	F	2	포승향남로	도이교차로 전 500m지점(평택→팔탄면)
37.128222	128.225997	30	F	2	관전로1길 28	신백초 (신백로즈웰→신백화성1차)
37.128231	128.226008	30	F	1	관전로1길 28	신백초 (신백화성1차→신백로즈웰)
37.129056	128.570227	30	F	1	영월동로	옥동초등학교
37.129116	128.570044	30	F	1	영월동로	옥동초등학교
37.129360	128.212570	30	F	1	내토로41길	화산초 앞 (화산제2어린이공원→수도산도시숲)
37.129368	128.212549	30	F	2	내토로41길	화산초 앞 (수도산도시숲→화산제2어린이공원)
37.129481	127.372787	30	F	3	지방도325	효정비전타운 장애인보호구역(삼죽면사무소→백암고교)
37.129711	127.607600	70	F	1	경충대로	진암삼거리
37.129861	127.883196	80	S	1	19번 국도	구룡교차로 시점 (원주 → 충주)
37.130282	126.840442	30	F	3	버들로	장안초등학교 석포분교장 앞 어린이보호구역(발안→조암IC)
37.130998	128.130816	60	F	1	5번 국도	(제천→충주)
37.131482	128.961313	60	F	3	태백산로	문곡소도동행정복지센터→상장삼거리
37.131709	127.435975	30	F	3	사실로	은석마을 입구 노인보호구역(방초보건진료소→남이천TG)
37.131735	127.436040	30	F	2	사실로	은석마을 입구(방초초교→은석사거리)
37.132088	128.231448	30	F	2	의병대로	경희숲유치원 앞 (동현교차로→제천동중학교)
37.132353	128.231281	30	F	1	의병대로	경희숲유치원 맞은편 (제천동중학교→동현교차로)
37.133358	127.517195	60	F	2	진상미로	설성문화마을사거리
37.133696	127.071896	30	F	3	경기대로	시립비둘기어린이집 앞 어린이보호구역(우방힐타운아파트→소리울도서관)
37.133799	127.071586	30	F	3	경기대로	시립비둘기어린이집 앞 어린이보호구역(소리울도서관→우방힐타운아파트)
37.134089	128.105683	80	F	1	38번 국도	(제천 → 충주)
37.134671	127.087249	110	S	2	고속도로	경부고속도로 376.9km 시점 5차로
37.134693	127.087300	110	S	2	고속도로	경부고속도로 376.9km 시점 1,2차로
37.134962	128.228433	30	F	1	탑안로4길	내토초 (신백아동복지관→덕일한마음아파트)
37.135125	128.226641	30	F	2	탑안로4길	내토초 (덕일한마음아파트→신백아동복지관)
37.135137	127.111231	30	F	3	성남대로172번길	즐거운유치원 어린이보호구역(금곡동행정복지센터→대원아파트8단지)
37.135267	126.857578	70	F	3	포승향남로	제우스부동산(우정읍→동방저수지)
37.135503	127.473349	60	F	1	원설로	대죽사거리
37.135970	128.533480	80	F	1	영월동로	진별교차로
37.137203	127.399452	30	F	3	중앙대로748번길	백봉초등학교 앞(양양주유소앞사거리 → 백봉교)어린이보호구역
37.137260	127.399366	30	F	3	죽양대로748번길	백봉초교 입구 어린이보호구역(백봉마을→백암면행정복
37.137618	128.216765	30	F	1	독순로	남천초 (제천제일고→중앙지구대)
37.137626	128.216776	30	F	2	독순로	남천초 (중앙지구대→제천제일고)
37.137904	128.114975	30	F	2	팔송로	봉양초등학교 (봉양어린이집→제천디지털전자고)
37.137913	128.114986	30	F	1	팔송로	봉양초등학교 (제천디지털전자고→봉양어린이집)
37.138195	128.204207	30	F	1	의병대로	제천중학교 (서부시장→서부교)
37.138926	127.370963	30	F	3	삼백로	근삼2리가리산마을회관 노인보호구역(백암초교→삼죽면사무소)
37.138990	127.370943	30	F	3	지방도325	근삼2리가리산마을회관 노인보호구역(삼죽면사무소→백암고교)
37.140219	126.703761	30	F	3	해운로	해운초교 후문 어린이보호구역(용두리→해운교차로)
37.140231	128.207517	30	F	2	숭문로	의림초 (의림초→제천서울병원)
37.140284	126.704017	30	F	3	해운로	해운초교 후문 어린이보호구역(해운교차로→용두리)
37.140826	127.017561	30	F	3	정남동로	음양1리마을회관 입구 노인보호구역(오산→정남119안전센터)
37.140859	128.022021	30	F	2	597번 지방도	백운초등학교 (평동회전교차로→방학1리)
37.140868	128.021983	30	F	1	597번 지방도	백운초등학교 (방학1리→평동회전교차로)
37.141052	128.208010	30	F	1	숭문로	의림초 (제천서울병원→의림초)
37.141056	127.203798	80	F	3	남북대로	송전휴게소 앞(안성→용인)
37.141688	128.680083	60	F	1	태백산로	산솔교차로
37.142308	128.838280	30	F	1	교촌길	구래초등학교
37.142310	128.838120	30	F	1	교촌길	구래초등학교
37.142822	128.196080	30	F	2	원뜰로	용두초 (의림여중→용두초)
37.143156	128.196348	30	F	1	원뜰로	용두초 (용두초→의림여중)
37.143380	126.735304	60	F	2	궁평항로	(궁평항->마도)
37.144514	127.529600	30	F	2	설성로	장천초교 입구
37.144542	127.589791	50	F	2	경충대로	이황초교 삼거리
37.144588	128.986806	40	F	1	번영로	함태중학교
37.144746	127.529953	30	F	3	설성로	장천초교 입구 어린이보호구역(설성면행정복지센터→가남읍행정복
37.146148	126.738545	60	F	1	궁평항로	(마도->궁평항)
37.146320	128.680870	30	F	1	유전길	녹전초등학교
37.146350	128.680782	30	F	1	유전길	녹전초등학교
37.146423	129.206211	30	F	1	가곡천로	오저초등학교
37.146998	127.582780	70	F	1	경충대로	이황1리삼거리
37.148633	126.892002	70	F	1	서행로	번영스텐레스 앞(율암교차로->발안)
37.149231	127.202994	80	F	3	남북대로	송전육교 전 300m 지점(용인시청->안성)
37.149897	127.126503	40	F	3	경기동로	지구촌교육공동체 앞 어린이보호구역(남사읍→오산)
37.150228	128.212173	50	F	2	청전대로	리라유치원 (대제중→청전교차로)
37.150459	128.211819	50	F	1	청전대로	리라유치원 (청전교차로→대제중)
37.151331	126.972734	30	F	3	문학로	문학보건진료소 앞 노인보호구역(문학2리마을회관→계향리)
37.151341	127.169896	50	F	3	한숲로	처인고교삼거리(처인성로→남사도서관)
37.151507	126.971050	50	F	3	문학로	문학3리마을입구(정남 → 문학보건진료소)
37.151706	128.188031	60	F	1	용두대로	제천산림조합 100m후방 (신월동→하소동)
37.151849	127.483259	30	F	2	진상미로	송곡초교 앞
37.151975	127.170070	50	F	3	한숲로	롯데슈퍼 남사점 앞(남사도서관→처인고교)
37.152580	126.878217	110	S	1	서해안고속도로	서해안고속도로 302.8km 1,2차로 시점
37.152587	126.878251	110	S	1	서해안고속도로	서해안고속도로 302.8km 3차로 시점
37.152973	127.644205	110	E	3	중부내륙고속도로	중부내륙고속도로 254.9km 종점1,2차로(남여주IC→감곡IC)
37.153373	127.063401	30	F	3	청학로	중앙어린이집 건너편 어린이보호구역(오산대역→초평동)
37.153452	128.216159	30	F	1	고암로	중앙초등학교 (제천YWCA→덕일맨션)
37.153461	128.216159	30	F	2	고암로	중앙초등학교 (덕일맨션→제천YWCA)
37.153582	127.574993	50	F	3	경충대로597번길	상승대삼거리 버스정류장 앞(상승빌리지→이황휴게소)
37.153749	127.574951	50	F	1	경충대로597번길	상승대 입구
37.155012	127.538582	60	F	3	설성로	이천암산리물류센터 앞(설성면행정복지센터→가남읍행정복지센터)
37.155137	127.538456	60	F	1	설성로	이천암산리물류센터 앞
37.155738	127.341073	30	F	3	백원로	두창정미소건너편(두창초교) (두창사거리 → 두창5리마을회관)어린이보호구역
37.156086	127.340389	30	F	3	백원로	두창초교 입구 삼거리 어린이보호구역(백암→두창사거리)
37.156183	128.131594	100	E	1	55번 중앙고속도로	중앙고속도로 282.3K 부산방향 종점 (남원주IC → 제천JC)
37.156282	128.158674	50	F	1	용두대로	왕미초등학교 (제천→봉양읍)
37.156545	126.911390	70	F	3	포승향남로	현대마스타자동차 전 100m지점(팔탄면->향남읍)
37.157645	127.121970	70	F	2	용구대로	장지IC교 지나 300m지점(남사IC->신리IC)
37.158940	127.098935	50	F	1	경기동로	금호전기 오산공장 앞(오산종합운동장->장지IC)
37.159110	127.115702	50	F	2	동탄대로4다길	장지2호근린공원 앞 삼거리(동탄2아이파크2단지→호반베르디움6차아파트)
37.159235	127.116100	50	F	1	동탄대로4다길	장지2호근린공원 앞 삼거리(호반베르디움6차아파트→동탄2아이파크2단지)
37.159730	129.347300	80	F	1	동해대로	월천교 500M 전(월천리 199, 울진→삼척)
37.160382	128.214399	50	F	2	신죽하로	제일교회 앞 교차로 (제천소방서 → 오네뜨)
37.161148	128.990985	60	F	1	태백로	대명닭갈비 앞
37.161631	127.438604	60	F	3	사실로	두미2리 마을입구
37.161809	127.480179	60	F	3	지방도329	모가농협미곡처리장 앞(모가면행정복지센터→설성면행정복지센터)
37.162451	127.479548	60	F	2	진상미로	모가농협미고처리장앞
37.162524	128.216036	30	F	2	용두천로	홍광초등학교 (고암주공아파트→홍광초등학교)
37.163234	128.215789	30	F	2	의림대로44길	홍광초등학교 (의림대로→홍광초등학교)
37.163318	127.439179	60	F	1	사실로	시미골
37.163617	127.087486	60	F	3	동탄기흥로	(주)브로던 앞(오산시청→화성동탄경찰서)
37.163908	127.008079	30	F	3	가장로	고지리 마을회관 앞 노인보호구역(정남초등학교→오산시청)
37.164262	128.991385	30	F	1	황지로	황지초등학교
37.164721	128.991481	30	F	1	황지로	황지초등학교
37.164909	127.310762	30	F	3	고당로	시립원삼어린이집 어린이보호구역(원삼면행정복지센터→원삼농협)
37.165007	127.311190	30	F	3	고당로	시립원삼어린이집 앞 어린이보호구역(원삼농협→원삼면사무소)
37.165711	128.196281	60	F	2	대학로	대원대학교 입구
37.165826	127.091027	110	F	2	경부고속도로	경부고속도로 380.6km
37.165844	127.109439	60	F	3	동탄순환대로	더레이크시티부영4단지 3012동 앞(산척터널→동탄호수공원)
37.166815	129.025888	60	F	1	강원남부로	한보3단지입구
37.166916	127.576317	70	F	1	경충대로	상승대삼거리
37.167281	127.000999	60	F	3	지방도310	(정남119안전센터→정남초교)
37.167488	127.064510	60	F	3	경기대로	더샵오산센트럴시티 106동 앞(오산→수원)
37.167978	126.990683	60	F	3	지방도310	(정남초교→정남119안전센터)
37.168079	126.878522	50	F	3	시청로	리라금속 앞(밤뒤교차로→율암삼거리)
37.168107	126.878712	50	F	3	시청로	라라금속 앞(율암삼거리→밤뒤교차로)
37.168217	127.573387	70	F	2	경충대로	나래삼거리
37.168588	127.482167	60	F	1	대월로	현대그린타운 입구
37.169167	127.987710	30	F	2	화당로	화당초등학교 (화당2리→화당교)
37.169180	127.987710	30	F	1	화당로	화당초등학교 (화당교→화당2리)
37.170059	127.056498	30	F	3	오산대역로	수청초등학교 앞 어린이보호구역(오산대역→금암교차로)
37.171615	127.058643	30	F	3	수청로	시립매홀어린이집 앞 삼거리 어린이보호구역(수청동제1어린이공원→물향기수목원)
37.171914	127.058691	30	F	3	수청로	시립매홀어린이집 앞 삼거리 어린이보호구역(물향기수목원→수청동제1어린이공원)
37.172010	126.707375	50	F	1	궁평항로	서신초교 전 250m지점(송산마도IC->궁평항)
37.172387	127.106241	50	F	2	동탄산척로	레이크꼬모동탄 앞(방교초교→청림중학교)
37.172460	126.949895	60	F	1	시청로	CU화성백리점 앞(봉담->정남)
37.172650	126.891461	60	F	1	푸른들판로	은성빌딩 앞(향남읍->비봉면)
37.173247	126.984060	50	F	3	만년로	정남파출소 앞(안녕동→정남초교)
37.173926	127.480123	30	F	2	진상미로	진가초교 앞
37.174658	127.890254	80	S	1	충원대로	(시점,충주→원주)
37.174690	126.987550	60	F	3	서봉로	괘랑리 회전교차로 전 400m 지점(정남행정복지센터→병점)
37.174746	127.479217	30	F	3	진상미로	진가초교 앞
37.174896	128.995483	60	F	1	강원남부로	산업전사위령탑 앞
37.175175	127.124369	70	F	3	용구대로	신리교차로 전 400m지점(중리IC→장지IC)
37.175757	126.870803	70	F	1	시청로	율암1교 앞(화성시청->하피랜드)
37.176465	127.633960	30	F	3	송삼로	송삼초등학교 어린이보호구역(삼승보건진료소→빅토리아GC)
37.176798	127.634318	30	F	3	송삼로	송삼초등학교 어린이보호구역(삼승보건진료소→빅토리아GC)
37.177579	127.295363	60	F	1	동부로	헌산중학교입구 교차로(용인시청->원삼면)
37.179579	127.202729	80	F	3	남북대로	덕성육교 앞(용인시청->안성)
37.179922	127.479110	60	F	1	진상미로	모가중학교앞
37.180011	128.311292	80	F	1	강원남로	쌍용1교 300m 전
37.180712	128.984027	30	F	1	황지로	황지중앙초등학교
37.181018	126.865908	30	F	3	무하로	하저3리경로당 입구 노인보호구역(한미약품팔탄공단→팔탄면행정복지센터)
37.181169	127.434244	60	F	2	남이천로	어농2교차로
37.181301	127.122429	60	F	3	동탄순환대로	산척터널 지나 300m지점(도로교통연구원->예솔초교)
37.181670	128.459382	50	F	1	영월로	공설운동장 앞
37.182388	128.467444	30	F	1	하송안길	영월초등학교
37.182426	127.347333	30	F	3	죽양대로1436번길	석실마을회관 노인보호구역(두창리→석실마을입구)
37.182429	128.467792	30	F	1	하송안길	영월초등학교
37.182925	127.461924	50	F	3	공원로	소고3리마을획관 입구
37.182965	127.461994	50	F	3	공원로	소고3리마을회관입구(남이천IC→원두저수지)
37.182966	127.461990	50	F	3	공원로	소고3리마을회관입구(원두저수지→남이천IC)
37.183254	127.119171	60	F	3	동탄순환대로	동탄역대방디엠시티 더센텀아파트 104동 앞(예솔초교->예당고교)
37.183455	127.455104	50	F	1	공원로	모가생활 체육공원앞
37.183718	127.106098	30	F	1	동탄대로14길	더샘물학교 앞(신리천3교→신리천카페거리)
37.184230	128.263693	30	F	2	송학로	송학초등학교 (송학파출소→송학교)
37.184238	128.263629	30	F	1	송학로	송학초등학교 (송학교 → 송학파출소)
37.184500	128.530354	80	S	1	강원남로	(시점,영월→정선)
37.184751	128.262802	30	F	1	사곡포전로	송학초등학교 (시곡2리다목적회관→구송학교)
37.185171	128.285805	80	F	2	38번 국도	금봉이휴게소 앞(제천 → 영월)
37.185332	128.440467	80	F	1	강원남로	방절터널 500m 후방
37.185646	127.084885	50	F	3	10용사로	중흥더테라스 1739동 앞(반송중학교→화성동탄경찰서)
37.186037	127.229001	60	F	3	이원로	(신원CC입구삼거리→신원낚시터)
37.186083	127.123388	30	F	3	동탄순환대로	한율초교 앞 어린이보호구역(동탄목동초교→창의고교)
37.186170	127.101222	50	F	3	동탄신리천로	왕산들지하차도 300m전 사거리(목동119안전센터→왕산들지하차도)
37.186563	127.367103	60	F	3	청강가창로	백암초교수정분교입구 (근곡사거리 → 청강문화산업대)
37.186891	127.366979	60	F	3	청강가창로	신창마을 입구(마장면→백암면행정복지센터)
37.187006	126.872215	30	F	3	하저자안로	하저2리마을회관 노인보호구역(팔탄JC→한미약품팔탄공단)
37.187535	126.907954	30	F	3	건달산로	기천3리마을회관 앞 노인보호구역(팔탄면행정복지센터→상기리)
37.187718	127.216426	30	F	3	이원로	천7리마을회관 입구 노인보호구역(용덕저수지→이동농협천리지점)
37.187826	127.328397	70	F	3	중양대로	대상양지물류센터 앞(백암면→양지IC)
37.187897	128.547242	80	S	1	강원남로	(시점,영월→제천)
37.188001	126.760749	30	F	3	해운로	청원초교 정문 앞 어린이보호구역(링크라인GC→슬항리)
37.188069	128.380963	80	F	1	강원남로	연당1교 앞
37.188560	126.710340	70	F	3	전곡항로	구봉터널 앞(송산면→전곡항)
37.188815	126.849230	100	F	1	봉담송산고속도로	하저터널 800m 전 (화성IC → 하저터널)
37.189263	127.377475	50	F	1	덕평로	양지병원 입구
37.189400	128.473400	30	F	1	내성안길	내성초등학교
37.189531	128.473490	30	F	1	내성안길	내성초등학교
37.189581	127.088198	60	F	2	동부대로	동부대로4지하차도 출구 앞(오산시청→용인)
37.190164	127.203549	30	F	3	백옥대로587번길	이동초등학교 건너편 어린이보호구역(용천중학교→이동농협)
37.190197	127.204462	30	F	3	백옥대로587번길	이동초교앞사거리 어린이보호구역(신미주2단지입구삼거리→용천중학교)
37.190335	127.093013	60	F	3	동탄기흥로	동탄역신미주아파트 1622동 건너편(화성동탄경찰서→치동초교)
37.190371	127.067178	30	F	3	경기대로	오산원동힐스테이트아파트 101동 앞(원동119센터→소리울도서관)
37.190961	126.701466	70	F	1	전곡항로	구봉터널 앞 (전곡항→송산면)
37.191093	127.066689	30	F	3	경기대로	오산원동힐스테이트아파트 101동 앞(소리울도서관→원동119센터)
37.191100	128.451739	80	E	1	강원남로	(종점,영월→제천)
37.191381	128.960630	60	F	1	태백로	대국기업 앞
37.192150	127.070929	30	F	3	동탄솔빛로	꿈에그린아파트626동 앞 어린이보호구역(반송초교)(북오산TG→반석산근린공원)
37.194700	128.869915	60	E	1	강원남로	상갈래교차로100m 전
37.194862	128.402701	60	F	1	영월로	조양마을입구
37.195117	127.029781	60	F	3	서부로	양산로 진출로 앞(세마고등학교→한신IC)
37.195247	128.866150	30	F	1	고한로	갈래초등학교
37.195700	128.601753	80	E	1	강원남로	(종점,영월→정선)
37.195925	127.069458	30	F	3	동탄중앙로	솔빛유치원 앞 어린이보호구역(새강마을사거리→금곡초교사거리)
37.196142	127.606331	30	F	3	가남로	금당초등학교 어린이보호구역(솔모로CC→금당2리마을회관)
37.196146	127.606593	30	F	3	가남로	금당초등학교 어린이보호구역(금당2리마을회관→솔모로CC)
37.196745	127.077077	30	F	3	노작로4길	동탄꿈의유치원 어린이보호구역(반석산근린공원→반송초교)
37.196875	127.077347	30	F	3	노작로4길	동탄꿈의유치원 어린이보호구역(반송초교→반석산근린공원)
37.196898	127.072779	30	F	3	동탄반석로	솔빛초교 앞 어린이보호구역(반석초교→솔빛마을사거리)
37.197203	127.383567	60	F	2	덕평로	매곡1리마을입구
37.198192	127.318112	30	F	3	원양로	아이비학원 앞 어린이보호구역(좌항초교→미평리)
37.198321	127.384569	60	F	1	덕평로	돈실교 앞(백암면행정복지센터→덕평IC)
37.198415	126.789258	60	F	2	쌍송북로	새강테크(주) 앞(두곡리->마도산단교차로)
37.198605	126.826988	50	F	2	남양로621번길	택지앞교차로 전 50m 지점(화성서부경찰서→화성유일병원)
37.199685	128.859531	80	S	1	강원남로	(태백→영월) 시점 1차로
37.199737	128.859568	80	S	1	강원남로	(태백→영월) 시점 2로
37.199883	126.966266	40	F	3	최루백로	미래숲 어린이집 앞 어린이보호구역(융건릉→협성대학교)
37.200206	126.966072	40	F	3	최루백로	미래숲 어린이집 앞 어린이보호구역(협성대학교→융건릉)
37.200464	127.448325	60	F	1	사실로	모가농협 마곡지점
37.200531	127.448162	60	F	1	사실로	모가농협 마옥점
37.200973	126.798498	60	F	3	마도공단로	송지조경 앞(마도일반산업단지→원천리)
37.201039	127.499585	60	F	2	대월로	대월낚시터입구(이천IC->모가면행정복지센터)
37.201497	127.499186	60	F	2	대월로	구시리마을입구
37.201545	126.895882	100	F	3	수도권제2순환고속	수도권제2순환고속도로(봉담-송산) 6.0km지점
37.201551	127.108125	30	F	3	동탄대로시범길	청계유치원 앞 어린이보호구역(동탄중앙고교→아인초교)
37.201757	127.724778	30	F	3	점동로	삼합1리 새마을회관(삼합저수지 → 삼합교)
37.202028	127.042308	30	F	3	병점중앙로35번길	병점한신아파트 상가 앞 어린이보호구역(송화초교)(신나는교회→센트럴허브시티)
37.202999	127.546140	30	F	3	태평로	새마을금고앞 어린이보호구역(가남초교)(태평버스터미널→가남감리교회)
37.203020	127.092667	40	F	1	동탄기흥로	동탄역반도유보라 아이비파크6.0아파트 801동 앞(기흥호수공원->화성동탄경찰서)
37.203049	127.546277	30	F	3	태평로	새마을금고앞 어린이보호구역(가남초교)(태평버스터미널→가남감리교회)
37.203273	127.111736	50	F	2	동탄치동천로	시범반도유보라 아이비파크아파트 1027동 앞(동탄역->중리IC)
37.203741	127.661221	30	F	3	청안로	점동초교 정문 앞 어린이보호구역(점동고등학교→장호원읍)
37.204459	127.547868	30	F	3	태평1길	가남초교 정문 앞 (태평3리 → 가남읍사무소)
37.204684	127.548174	30	F	3	태평1길	가남초등학교 정문 앞 어린이보호구역(태평3리→가남읍행정복지센
37.204700	127.044847	30	F	3	병점1로	구봉초등학교 앞 어린이보호구역(병점2동행정복지센터→송화초교)
37.204711	127.548588	30	F	3	태평1길	가남초교 앞 어린이보호구역(태평어린이공원→태평3리마을회관)
37.204720	128.951553	60	E	1	태백로	추전역삼거리 197m 전방
37.204929	127.548548	30	F	3	태평1길	가남초교 앞 어린이보호구역(태평어린이공원→태평3리마을회관)
37.205079	126.770711	50	F	3	마도북로	마도면행정복지센터 건너편(마도성당→마도119지역대)
37.206137	127.088285	60	F	2	동부대로	동부대로2지하차도 입구 앞(용인→오산시청)
37.206792	127.027055	60	F	3	봉영로	(안녕IC→영통구)
37.207020	128.905533	60	S	1	강원남로	두문동재터널 입구
37.207324	128.931642	60	S	3	태백로	(시점,태백→정선)
37.209314	127.090294	60	F	3	동탄순환대로	동탄역푸르지오아파트 707동 앞(예당고교->동탄5동행복복지센터)
37.209372	127.090293	60	F	3	동탄순환대로	동탄금강펜테리움IX타워 앞(동탄5동행복복지센터->예당고교)
37.209495	126.959805	30	F	3	동화길	이화유치원 앞 어린이보호구역(화성동화중학교→화성시육아종합지원센터)
37.209535	127.037106	30	F	3	병점로	뉴질랜드어린이집 어린이보호구역(태안119안전센터→화성동부출장소)
37.209710	127.387899	70	F	3	이천섭대로	매곡교차로
37.209723	126.960195	30	F	3	동화길	이화유치원 앞 어린이보호구역(분천리→동화마을)
37.209759	127.013192	30	F	3	화산중앙로64번길	화산초교 정문 앞 어린이보호구역(한승이메이드2차아파트→화산초교)
37.209919	127.098576	60	F	1	동탄대로	동탄테크노밸리교차로 앞(기흥IC교차로→롯데백화점동탄점)
37.210761	126.956090	30	F	3	최루백로	천주교봉담교회 앞 삼거리(협성대→보통리)
37.213840	127.605239	110	S	3	중부내륙고속도로	중부내륙고속도로 263km 시점1,2차로(남여주IC→감곡IC)
37.214027	127.089065	80	S	3	동부대로	기흥1교 앞(동부대로) 시점 2,3차로(오산시청->광교상현IC)
37.214816	126.999200	60	F	2	서부로	화산터널 지나 150m지점(수원서부경찰서→한신IC)
37.215263	127.394052	50	F	2	이섭대천로	매곡초교앞
37.215921	127.394131	50	F	2	이섭대천로	매곡초교 입구
37.216670	128.672247	30	F	1	함백로	함백초등학교
37.217312	127.397190	70	F	1	이섭대천로	평촌교차로
37.217751	126.949254	30	F	3	샘마을길	비손유치원 앞 어린이보호구역(장안대학교→봉담호수공원)
37.218289	127.449005	60	F	1	진상미로	단월사거리
37.219246	126.988671	30	F	2	융건로	배양초등학교 앞 어린이보호구역(수원대학교→풍성신미주아파트)
37.219290	126.576296	30	F	2	대남로	대남초교 정문 앞 어린이보호구역(대부동행정복지센터→
37.219371	127.113803	30	F	3	원고메로2번길	아이엘어린이집 어린이보호구역(골드CC→기흥TG)
37.220110	127.426597	70	F	2	이섭대천로	주미교교차로
37.220441	128.645762	30	F	1	의림로	예미초등학교
37.220712	128.092324	100	S	1	55번 중앙고속도로	중앙고속도로 293.3K 부산방향 시점 (남원주IC → 제천JC)
37.221389	126.946727	30	F	3	장등2길	하늘하늘어린이공원 앞 어린이보호구역(봉담초교)(삼봉근린공원→봉담도서관)
37.221540	127.053762	60	F	3	동탄원천로	하나지하차도 입구(수원→동탄역)
37.221546	126.946662	30	F	3	장동2길	하늘하늘어린이공원 앞 어린이보호구역(봉담초교)(봉담도서관→삼봉근린공원)
37.221925	126.955169	30	F	1	동화새터길	보림어린이집 앞 어린이보호구역(수영리->동화초교)
37.222248	128.421021	50	F	1	원동재로	장평→영월)
37.222680	128.825630	30	F	3	파랑새길	짱마트→선명아파트
37.222869	127.399626	50	F	2	이섭대천로	단천1리마을회관 앞(매곡리→단천1교차로)
37.222873	127.399846	50	F	2	이섭대천로	단천1리 경로당
37.222983	127.399649	50	F	1	이섭대천로	단천1리마을회관 앞(단천1교차로->매곡리)
37.223012	127.399510	50	F	1	이섭대천로	단천리 마을회관
37.223244	127.477648	30	F	2	대장로	대대1리마을회관앞
37.223329	127.477219	30	F	1	대산로	대대1리마을회관 앞 노인보호구역(부발읍→도리리)
37.224409	129.041641	50	F	1	강원남부로	도계버스터미널 앞
37.224706	127.025758	60	F	1	경기대로	대양스텐.렉산 앞(수원버스터미널->오산시청)
37.227130	127.450413	30	F	2	단월로	단월초교 정문 앞
37.228033	127.402263	60	F	1	이섭대천로	단천1교차로
37.228340	128.793132	80	F	1	강원남로	증산터널 1.5km 후방
37.228966	127.184124	80	F	1	신중부대로	명지교차로 진입부(명지대->수원)
37.229646	127.182210	80	F	1	신중부대로	역동교차로 진입부(수원->명지대)
37.229938	128.989373	60	F	1	백두대간로	삼수령터널 400m 전방
37.230385	128.077614	40	F	1	치악로	신림초등학교 앞
37.231246	127.434217	70	F	2	이섭대천로	후안리마을입구
37.231274	127.493645	60	F	2	대월로	삼원엑스포앞
37.231999	129.044668	30	F	1	도계로	도계초등학교
37.232273	127.895855	80	F	1	충원대로	매지터널 700m 후방
37.232645	128.079785	100	F	1	중앙고속도로	고속도로295km 부산방향
37.232815	127.115473	70	F	3	용구대로	고매IC 앞 (신갈 → 중리IC)
37.232877	127.109976	30	F	3	공세로90번길	킨더바움어린이집 앞 어린이보호구역(기흥초교)(기흥동주민센터→기흥호수)
37.232906	127.110277	30	F	3	공세로90번길	킨더바움어린이집 앞 어린이보호구역(기흥초교)(기흥호수→기흥동주민센터)
37.233240	127.521564	60	F	3	경충대로	응암삼거리
37.233652	127.521679	70	F	2	경충대로	응암삼거리
37.233916	127.105974	30	F	3	시민로	숯골사거리 80m전(성남고교→금빛초교)
37.233916	127.105974	50	F	3	동탄기흥로	성원상떼레이크뷰아파트(고매동→보라동)
37.234120	127.495184	60	F	1	대월로	등안사거리
37.234169	126.879531	110	E	1	서해안고속도로	서해안고속도로 312.0km 3차로 종점
37.234190	126.879465	110	E	1	서해안고속도로	서해안고속도로 312.0km 1,2차로 종점
37.234956	127.527728	30	F	1	상활2길	마을회관 노인보호구역(상활1리마을회관↔응암삼거리)
37.235250	128.328200	30	F	1	신천길	신천초등학교
37.235298	126.871852	50	F	2	비봉로	베네시움 빌라 앞(비봉사거리->양노교차로)
37.235400	128.328232	30	F	1	신천길	신천초등학교
37.236690	127.435705	70	F	1	이섭대천로	유산4리교차로
37.237049	127.364240	60	F	2	덕평로	덕평T/G앞
37.237644	127.363842	60	F	2	덕평로	덕평TG앞삼거리
37.237747	127.164075	80	F	1	신중부대로	능안터널 전 500m지점(수원->명지대)
37.237800	127.169705	30	F	3	중부대로1158번길	삼가초교 앞 어린이보호구역(삼가초교→두산위브아파트)
37.237942	127.557819	30	F	3	양화로	여주오산초교앞(세종대왕면→가남읍)
37.237951	127.514420	70	F	1	경충대로	이화아파트앞
37.238138	127.558210	30	F	3	양화로	여주오산초교 앞 어린이보호구역(가남읍→능서읍)
37.238170	127.117898	50	F	2	탑실로	공세지하차도 앞(고매IC->공세초교)
37.238171	127.558168	30	F	3	양화로	여주오산초교 앞 어린이보호구역(세종대왕면→가남읍)
37.238358	127.163696	80	F	2	신중부대로	능안터널 지나 500m지점(명지대->수원)
37.238934	127.844700	30	F	1	귀문로	봉두교→비두초교
37.239014	127.036406	60	F	3	동탄원천로	수원하늘채 225동 맞은편 (동탄 → 권선지하차도)
37.239476	127.159394	30	F	3	지상로	엄지어린이집 앞 어린이보호구역(조일프라자골프클럽→삼가역)
37.239540	127.283961	30	F	3	교동로18번길	자연안에어린이집 어린이보호구역(온누리요양센터→양지초교)
37.239654	126.529682	50	F	3	선재로	GS칼텍스주유소 건너편 (선재대교 → 영흥대교)
37.239686	127.390675	100	S	3	영동고속도로	(덕평ic→이천ic)
37.239686	127.395675	100	S	3	영동고속도로	(덕평ic→이천ic)
37.239691	127.036629	60	F	3	동탄원천로	수원하늘채 225동 맞은편 (동탄 → 권선지하차도)
37.239696	127.036451	70	F	2	동탄원천로	권선지하차도 지나 500m지점(영통구청→동탄1동)
37.239877	127.422521	70	F	1	안평로	삼성아트빌라 앞(안고니삼거리->호법파출소)
37.240322	128.778764	80	E	1	강원남로	(태백→영월) 종점 1차로
37.240448	128.778923	80	E	1	강원남로	(태백→영월) 종점 2차로
37.240596	127.579692	60	F	3	여주남로	본두3교차로 지나 200m지점(가남읍사무소->남여주IC)
37.240737	127.517262	30	F	3	황무로	가산초교 앞
37.240910	127.487342	30	F	3	경충대로	사동초교 앞
37.241462	127.501479	70	F	1	경충대로	기영아파트입구
37.241696	127.503176	60	F	2	경충대로	기영아파트 입구(장호원읍->이천IC)
37.241793	127.440080	70	F	1	이섭대천로	보건진료소입구
37.242089	127.066800	30	F	3	예현로35번길	이지어린이집 앞 어린이보호구역(이편한세상영통2차→영통풍림아이원3차)
37.242110	127.066698	30	F	3	예현로35번길	이지어린이집 앞 어린이보호구역(영통풍림아이원3차→이편한세상영통2차)
37.242490	129.337500	80	E	1	동해대로	임원IC 1KM 전(삼척→울진) 종점
37.242523	127.415151	50	F	2	중부대로	동부권회수시설진입로
37.242554	127.414607	50	F	2	중부대로798번길	동부권광역자원회수시설 진입로(동부권광역자원회수시설->소망병원)
37.242555	127.501284	70	F	2	경충대로	도드람조합삼거리
37.242560	129.337700	80	S	1	동해대로	임원IC 1KM 후(울진→삼척) 시점
37.242585	127.415151	50	F	1	중부대로	동부권회수시설진입로
37.242625	127.414126	50	F	2	중부대로798번길	동부권광역자원회수시설 진입로(소망병원->동부권광역자원회수시설)
37.243352	127.282152	30	F	3	주북로	루소의숲유치원 어린이보호구역(온누리요양센터→양지초교)
37.243488	127.431307	70	F	2	중부대로	유산물류단지사거리
37.243510	127.282014	30	F	3	주북로	루소의숲어린이집 어린이보호구역(양지초교→온누리요양센터)
37.243562	127.470117	100	E	2	영동고속도로	(덕평ic→이천ic)
37.243587	127.470101	100	E	1	영동고속도로	(덕평ic→이천ic)
37.243840	127.063819	30	F	3	영통로200번길	사명의교회 앞 어린이보호구역(대선초교)(망포역→경희대)
37.244153	128.087901	60	F	1	신림황둔로	(신림터널 ↔ 신림TG)
37.244399	127.506788	100	F	3	영동고속도로	(이천IC→여주휴게소)
37.244806	127.420251	70	F	1	중부대로	안고니삼거리
37.244916	126.918051	70	F	1	매송고색로	해바라기주유소 앞(수원->안산)
37.245004	127.436964	70	F	1	중부대로	달개실삼거리
37.245061	127.042297	50	F	1	덕영대로	래미안영통마크원1단지아파트 104동 앞(경희대학교->수원버스터미널)
37.245118	127.446623	50	F	1	은계보로	카페뷰 앞
37.245132	127.511603	60	F	3	황무로	한국철도공사부발차량사업소 전 250m지점(기산삼거리→이천종합운동장)
37.245196	127.446968	50	F	3	은계보로	카페뷰 앞(유산교→율현동)
37.245245	127.446856	50	F	1	은계보로	카페뷰 건너편
37.245330	127.446326	50	F	3	은계보로	카페뷰 건너편(율현동→유산교)
37.245552	127.163427	50	F	3	중부대로	서용인IC 입구(용인정신병원→서용인IC)
37.245724	126.581581	30	F	1	대부중앙로	대부초교 정문 앞 어린이보호구역(대부고교→대부동행정복지센
37.245820	126.581132	30	F	3	대부중앙로	대부초교 앞 삼거리 어린이보호구역(대부우체국→대부고교)
37.246551	127.362333	60	F	1	덕평로	마장사거리
37.247055	127.600728	50	F	3	여주남로	남여주IC교차로(남여주TG→KCC여주공장)
37.247448	127.228057	30	F	2	한터로152번길	고림초교정문앞 어린이보호구역(고림초등학교삼거리→인정피렌체빌리지)
37.247558	126.843250	70	F	1	송산비봉로	유포2교 앞(수화교차로->양노IC)
37.247641	127.358545	30	F	3	오천로	마장파출소 앞
37.248093	127.415020	70	F	2	중부대로	윗들삼거리
37.248275	127.074181	30	F	3	덕영대로 1673번길	영일초등학교 (수원출입국 → 덕영대로)어린이보호구역
37.248346	127.491779	70	F	1	경충대로	사동중학교사거리
37.248775	126.927793	30	F	3	화성로	매송초교 정문 앞 어린이보호구역(수원→야목역)
37.248994	127.515315	60	F	1	황무로	가산교회입구
37.249032	127.512916	60	F	1	황무로	가산3리삼거리
37.249602	128.248348	60	F	1	송학주천로	신일3리 마을회관 앞
37.249816	127.112116	30	F	2	한보라2로	휴먼시아4단지 앞 어린이보호구역(딸기어린이집)(한국민속촌→한일초교)
37.249886	126.777690	70	F	3	송산비봉로	(고정리 → 수화교차로)
37.249926	126.777690	70	F	3	송산비봉로	(고정리 → 수화교차로)
37.250037	127.144904	80	F	3	신중부대로	상하교차로 전 400m지점(명지대->수원)
37.250090	127.355503	40	F	2	오천로	대원루앞
37.250581	127.059485	30	F	3	영통로	신영초교 앞 어린이보호구역(망포역→영통중학교)
37.250586	127.059592	30	F	3	영통로	신영초교 앞 어린이보호구역(망포역→영통중학교)
37.250662	127.129356	30	F	3	지삼로	우리교앞(한아름유치원)(중동교 → 지곡동입구삼거리)어린이보호구역
37.250807	127.129153	30	F	3	지삼로	예일교앞 어린이보호구역(예일유치원)(지곡동입구삼거리→중동교)
37.250840	127.103930	110	S	1	경부고속도로	경부고속도로 390.4km 시점 1,2차로
37.250840	127.103984	110	S	1	경부고속도로	경부고속도로 390.4km 시점 3,4차로
37.250840	127.104038	110	S	1	경부고속도로	경부고속도로 390.4km 시점 5차로
37.250865	127.226560	30	F	3	경안천로256번길	꿈에월드어린이집 건너편 어린이보호구역(보평역→고림교삼거리)
37.251027	127.835645	30	F	1	귀문로	비두1리노인회관 앞
37.251072	127.226133	30	F	3	경안천로256번길	꿈에월드어린이집앞 어린이보호구역(고림교삼거리→보평역)
37.251398	127.149846	60	F	3	중부대로	용인효자병원 앞(용인시청→기흥역)
37.251434	127.458273	60	F	3	진상미로	장록교 앞(모가면→이천시종합운동장)
37.251637	127.343220	100	F	2	영동고속도로	(양지IC->덕평IC)
37.251847	127.103604	110	F	2	경부고속도로	경부고속도로 390.6km 1차로
37.252886	126.819730	70	F	2	송산비봉로	수화교차로 전 200m지점(양노IC->수화교차로)
37.252971	127.389201	70	F	1	서이천로	표교교차로
37.252997	127.356023	30	F	3	중앙로	마장초교 정문 어린이보호구역(이천마장리젠시발란트1차→마장우체국)
37.253263	126.466592	30	F	3	영흥로	영흥초교 건너편 (영흥초중교3 → 영흥우체국)
37.253284	126.466752	30	F	3	영흥로	영흥초교 앞 (영흥우체국 → 영흥초중교3)
37.253287	127.405986	70	F	1	중부대로	보름다리사거리
37.253390	127.489201	70	F	2	경충대로	아미타운삼거리
37.253717	127.120436	30	F	3	사은로126번길	나곡초교정문앞 (나곡초교입구삼거리 → 나곡중학교)어린이보호구역
37.254826	127.404226	70	F	1	중부대로	설서교차로
37.254885	127.443921	60	F	1	이섭대천로	율현마을입구
37.254962	128.780528	30	F	1	민둥산로	증산초등학교
37.255057	127.479165	50	F	1	에스케이로	SK하이닉스 사원주차장 입구
37.255108	128.780667	30	F	1	민둥산로	증산초등학교
37.255126	127.226508	30	F	3	임원로	푸른꿈어린이집 어린이보호구역(고림고교→보평역)
37.255252	127.478989	50	F	3	에스케이로	SK하이닉스 사원주차장 입구 건너편(부발역→대흥리)
37.255554	126.564260	50	F	1	대부해안로	이데아펜션 입구(아일랜드CC→시화방조제)
37.255974	127.390168	60	F	2	서이천로	정학골삼거리
37.255978	127.675851	30	F	3	주내로	우만통 입구 삼거리 노인보호구역(여주시청→흔암리)
37.255989	127.675850	30	F	3	지방도345	우만통 입구 삼거리 노인보호구역(흔암리→여주시청)
37.256012	127.675747	30	F	3	지방도345	우만통 입구 삼거리 노인보호구역(여주시청→흔암리)
37.256194	127.349289	70	F	2	중부대로	오천교삼거리
37.256343	127.349993	70	F	1	중부대로	오천교회앞
37.256503	128.454960	30	F	1	밤재로	마차초등학교
37.256639	128.454890	30	F	1	밤재로	마차초등학교
37.256644	127.027718	30	F	3	권광로91번길	세곡초교 앞 어린이보호구역(농수산물도매시장→권선1동행정복지센터)
37.256726	127.405225	30	F	3	중부대로	표교초교 앞
37.256773	127.380272	60	F	1	서이천로241번길	이치1리 입구
37.256800	127.405305	30	F	3	중부대로609번길	표교초교 앞 어린이보호구역(중부대로→도드람산사거리)
37.256833	127.380323	60	F	3	서이천로241번길	이치1리 입구(서이천IC→이치1회전교차로)
37.257004	127.352489	60	F	2	마도로	양달말삼거리
37.257190	127.484662	70	F	1	경충대로	청구아파트삼거리
37.257214	127.523175	90	F	2	성남이천로	수정교차로 지나 400m지점(부발IC→응암리)
37.257240	127.353409	50	F	1	마도로	아름수리아파트앞
37.257295	127.352564	60	F	2	마도로	마장중고교앞
37.257439	127.140759	30	F	3	중부대로788번길	상하초교후문 (쌍용3단지아파트 → 쌍용아파트입구삼거리)어린이보호구역
37.257492	127.065498	50	F	3	매영로	난방공사교차로(산남중학교→영통역)
37.257772	127.094039	80	E	1	동부대로	청명터널 입구(동부대로) 종점 2,3차로(오산시청->광교상현IC)
37.258045	127.491931	30	F	2	신아로	아미초교 앞
37.258080	127.583551	50	F	3	광대2길	동두목장 앞(본두리→매류리)
37.258197	127.098734	30	F	3	하갈로	우주어린이집 어린이보호구역(신갈TG→하갈2리마을회관)
37.258232	127.492041	30	F	2	신아로	아미초교 앞
37.258259	127.098686	30	F	3	하갈로	우주어린이집 어린이보호구역(하갈2리마을회관→신갈TG)
37.258260	127.585639	50	F	3	광대2길	동두목장 앞(본두리→매류리)
37.258694	126.484546	50	F	3	영흥로	영흥성당입구 교차로 (영흥초교 → 영흥대교)
37.258724	127.655838	30	F	3	명성로	능현유치원 건너편 어린이보호구역(단현리→점봉교차로)
37.258765	127.656382	30	F	3	명성로	능현유치원 앞 어린이보호구역(점봉교차로→단현리)
37.258860	128.037600	100	F	2	중앙고속도로	제천→춘천
37.258861	127.656400	30	F	3	명성로	능현유치원 건너편 어린이보호구역(단현리→점봉교차로)
37.259037	127.457499	70	F	2	중부대로	장록동삼거리
37.259117	127.479288	70	F	2	경충대로	거평아파트삼거리
37.259412	127.218599	30	F	3	경인천로	용인시처인장애인복지관 장애인보호구역(고진역→둔전역)
37.260335	127.457827	70	F	1	중부대로	가좌삼거리
37.261060	126.948627	90	F	3	과천봉담도시고속화대로	과천-봉담도시고속화도로(봉담→과천)
37.261090	127.479285	30	F	1	대산로	신하초교 후문앞
37.261101	128.187871	30	F	1	신림환둔로	황둔초등학교
37.261211	127.479724	30	F	2	대산로	신하초교 후문 앞
37.261213	127.782993	60	F	1	견훤로	부론→노림초교)
37.261271	128.735125	80	E	1	강원남로	(종점,영월→태백)
37.261567	126.953204	50	F	1	권선로	호매실지하차도 전 150m지점(호매실IC->수원역)
37.261811	127.902082	80	E	1	충원대로	(종점,충주->원주)
37.261839	126.953710	50	F	2	권선로	호매실지하차도 지나 100m지점(수원역->호매실IC)
37.262233	127.197648	100	S	1	영동고속도로	영동고속도로 51.2km 시점 1,2차로
37.262276	127.833837	30	F	1	귀문로	비두초등학교(명봉교→비두교)
37.262282	127.197693	100	S	2	영동고속도로	영동고속도로 51.2km 시점 3,4차로
37.262332	127.197738	100	S	1	영동고속도로	영동고속도로 51.2km 시점 5차로
37.262366	127.369464	50	F	2	억만리로	특수전사령부앞
37.262423	127.281848	60	F	3	한터로	대한용기앞(광주→용인)
37.262504	125.702138	30	F	3	세지로126번길	권선초교 정문 어린이보호구역(매교역→KT남수원지사)
37.262729	127.445864	60	F	2	이섭대천로	율현마을입구
37.262905	127.250479	110	F	2	평택시흥고속도로	종점 3차로(광주→안성)(용인시 대대리 산 413)
37.262923	127.472686	70	F	1	경충대로	신하1리마을입구
37.263620	127.630326	50	F	3	웅골로	웅골교차로(연라초교→코카콜라여주공장)
37.264097	127.133515	80	F	3	신중부대로	어정교차로(명지대->수원)
37.264295	127.556392	30	F	3	양화로	마래리마을회관 앞(오산초교→매류초교)
37.264356	127.556638	30	F	3	양화로	마래리마을회관앞(화평삼거리 → 매류초등학교)
37.264365	127.354281	60	F	3	마도로	관4리입구교차로
37.264775	127.077974	30	F	3	영통로514번길	황곡초교삼거리 앞 어린이보호구역(황골사거리→ 청명센트럴빌아
37.264861	127.662083	30	F	3	명성로	능현유치원(명성교차로 -> 단현리)(어린이보호구역)
37.264935	127.155408	50	F	1	동백죽전대로	초당지하차도 지나 300m지점(초당역->동백역)
37.265404	127.399355	70	F	1	서이천로	도드람산입구사거리
37.265860	127.130110	80	F	2	신중부대로	어정교차로(수원->명지대)
37.266111	127.461823	70	F	2	경충대로	복하사거리
37.266131	126.948824	90	F	3	과천봉담도시고속화대로	과천-봉담도시고속화도로(과천→봉담)
37.266331	127.556541	30	F	3	양화로	(매류초등학교 → 화평삼거리)
37.266492	127.556187	30	F	3	양화로	마래리마을입구(매류초교 →오산초교)
37.266690	128.257740	30	F	1	솔치로	신일어린이집
37.266810	128.257840	30	F	1	솔치로	신일어린이집
37.267393	126.975692	30	F	3	효탑로30번길	효탑초교 입구 어린이보호구역(화평장로교회→탑골공원)
37.268006	128.740148	30	F	1	칠현로	남선초등학교
37.268044	126.569051	50	F	1	대선로	우구미교차로 앞 (시화방조제→대부고교)
37.268258	126.980201	30	F	3	서둔로	큰솔유치원 어린이보호구역(구운중→경기상상캠퍼스)
37.268665	127.290281	30	F	3	한터로	새마을회관 앞(도척면행정복지센터→용인시청)
37.268740	126.956041	30	F	3	금호로	칠보초등학교 앞 어린이보호구역(호매실신미주아파트→두암골사거리)
37.268757	126.956037	30	F	3	금호로	칠보초등학교 앞 어린이보호구역(호매실신미주아파트→두암골사거리)
37.268842	126.956118	30	F	3	금호로	칠보초교 앞 삼거리 어린이보호구역(구운동→호매실동쌍용아파트)
37.268871	127.448783	40	F	1	구만리로	이천축산농협 하나로마트 본점 앞(이천등기소→이천시청)
37.268871	127.449590	30	F	1	중리천로115번길	안흥지 앞(설봉삼거리→이천종합터미널)
37.268965	127.290363	30	F	3	한터로	새마을회관 건너편(용인시청→도척면행정복지센터)
37.269002	127.446221	60	F	2	이섭대천로	율현사거리
37.269383	127.715346	30	F	3	강문로	강천초교 입구 어린이보호구역(강천삼거리→여주시청)
37.269384	127.715278	30	F	3	강문로	강천초교 입구 어린이보호구역(여주시청→강천삼거리)
37.269403	127.715315	30	F	3	강문로	강천초교 입구 어린이보호구역(여주시청→강천삼거리)
37.269409	127.137563	30	F	3	어정로	지석초등학교 앞 어린이보호구역(지석역→상하공원)
37.269440	128.669510	80	S	3	강원남로	가사리 167-3 영월→태백
37.269527	127.137695	30	F	3	중부대로681번길	지석초등학교 입구 어린이보호구역(강남교회→지석초교)
37.269544	127.524813	90	F	1	성남이천로	수정교차로 지나 1km지점(응암리→부발IC)
37.269782	127.073868	50	F	3	흥덕2로	영은교회 앞(중부대로→휴먼시아4단지)
37.269822	127.073658	50	F	3	흥덕2로	영은교회 앞(휴먼시아4단지→중부대로)
37.269984	127.121376	80	F	3	신중부대로	상갈교차로(명지대->수원)
37.270683	127.036475	30	F	3	권광로260번길	매여울초교 앞 어린이보호구역(매탄현대힐스테이트→KBS경인방송센터)
37.270752	127.134045	30	F	3	강남동로	갈곡초교 앞 어린이보호구역(강남마을8단지삼거리→강남대입구교차로)
37.270824	127.036387	30	F	3	권광로260번길	매여울초교 앞 어린이보호구역(매탄현대힐스테이트→KBS경인방송센터)
37.270859	127.007753	30	F	3	고화로	천주교고등동성당 앞 어린이보호구역(소화유치원)(수원여고→매교역)
37.270859	127.017753	30	F	3	고화로	천주교고등동성당 앞 어린이보호구역(소화유치원)(수원여고→매교역)
37.270923	127.010319	30	F	3	향교로	매산초교 앞 어린이보호구역(수원세무서 → 팔달문)
37.270926	127.010401	30	F	3	향교로	매산초교 앞 어린이보호구역(수원세무서 → 팔달문)
37.271025	127.623761	60	F	3	웅골로	영우농원 앞 삼거리(이마트여주물류센터→여주CC)
37.271299	127.090359	50	F	3	중부대로	대호주유소 앞(수원→신갈)
37.271575	127.186138	30	F	3	성산로341번길	숲속쏠티어린이집 어린이보호구역(여수곡터널→마성3리새마을회관)
37.272362	127.198406	100	F	1	수도권제2순환고속도로	수도권제2순환고속도로(화성-광주) 15.3km지점
37.272548	127.588833	60	F	3	월평로	오계2리 버스정류장 부근(광대리→여주컨트리클럽)
37.272705	127.588905	60	F	2	월평로	오계2리 버스정류장 부근(광대리→여주컨트리클럽)
37.273124	127.093437	30	F	3	흥덕4로30번길	숲리라유치원 어린이보호구역(숲리라유치원→추원사)
37.273165	127.070952	30	F	3	흥덕1로62번길	흥덕초등학교앞삼거리 어린이보호구역(휴먼시아1단지 → 흥덕고등학교)
37.273215	127.453036	70	F	1	경충대로	신진리사거리
37.273328	127.072497	30	F	3	흥덕2로65번길	아이미래유치원 앞 어린이보호구역(휴먼시아1단지→휴먼시아3단지)
37.273387	127.072078	30	F	3	흥덕2로65번길	아이미래유치원 건너편 어린이보호구역(휴먼시아3단지→휴먼시아1단지)
37.273503	126.962613	50	F	3	금호로	금곡교 앞(탑동지하차도→호매실중학교)
37.273768	127.386337	40	F	2	이장로	엘리엘동산 앞
37.273825	127.556892	30	F	3	양화로	매류초등학교 정문 어린이보호구역(마래교→매류삼거리)
37.273845	127.557554	30	F	3	양화로	매류초등학교 정문 어린이보호구역(마래교→매류삼거리)
37.273948	128.871895	30	F	1	소금강로	백전초등학교
37.274091	128.871714	30	F	1	소금강로	백전초등학교
37.274130	127.136504	50	F	3	강남동로	강남유치원삼거리(용인강남학교→갈곡초교)
37.274499	127.136685	50	F	3	강남동로	강남유치원삼거리(갈곡초교→용인강남학교)
37.275274	127.353008	60	F	1	마도로	관1리 입구
37.275280	127.556944	30	F	3	양화로	매류삼거리 어린이보호구역(매류초교)(이천시종합운동장→매류보건진료소)
37.275291	127.557069	30	F	3	부능로	매류삼거리 어린이보호구역(매류초교)(이천시종합운동장→매류보건진료소)
37.275821	127.159359	30	F	1	동백5로	동백유치원 인근 어린이보호구역(마성→백현마을롯데캐슬사거리)
37.275826	126.958598	60	S	1	금곡로	시점 1,2차로(호매실119안전센터->화서역)
37.275839	126.958739	60	S	1	금곡로	시점 1,2차로(호매실119안전센터->화서역)
37.275864	127.161353	30	F	3	동백7로	동백유치원 어린이보호구역(산오름공원→해놀공원)
37.275925	127.559930	30	F	3	양화로	매류2리 마을회관(능여로→매류삼거리)
37.276002	127.233162	100	F	1	수도권제2순환고속도로	수도권제2순환고속도로(화성-광주) 18.7km지점
37.276322	127.823983	30	F	3	귀문로	비두리→포진2리
37.276536	127.689450	40	F	3	강천로	일각문 건너편(대순진리회→가야1리마을회관)
37.276543	126.950196	90	F	3	과천봉담도시고속화대로	과천-봉담도시고속화도로(봉담→과천)
37.276832	127.611118	30	F	3	월평로	연라초교 정문 앞 어린이보호구역(여주CC → 연라1교차로)
37.276894	127.823935	30	F	1	귀문로	궁촌1리 마을회관 앞
37.276914	127.689435	40	F	3	강천로	일각문 건너편(대순진리회→가야1리마을회관)
37.276952	127.098356	60	F	3	신수로	GS용인서일주유소(신갈터널→흥덕교차로)
37.276962	127.610774	30	F	3	월평로	연라초교 앞 어린이보호구역(이마트여주물류센터→여주CC)
37.276963	127.443645	30	F	2	경충대로	이천남초교 사거리
37.277016	127.611216	30	F	3	월평로	연라초교 앞 어린이보호구역(이마트여주물류센터→여주CC)
37.277090	127.399729	70	F	1	서이천로	장생이삼거리
37.277127	127.098148	60	F	3	신수로	현대오일뱅크주유소 앞(흥덕교차로→신갈터널)
37.277176	127.051915	30	F	3	광교중앙로	소화초교 앞 어린이보호구역(경기아트센터→광교중앙로사거리)
37.277411	127.078616	30	F	3	흥덕2로118번길	샘말초교앞 어린이보호구역(영덕1동행정복지센터→흥덕중학교)
37.278457	127.051441	50	F	3	광교중앙로	법원지하차도 입구(수원컨벤션센터→효원공원)
37.278803	127.564220	30	F	3	양화로	매류1리버스정류장(매류초교) (세종대왕릉역 → 매류교)
37.278941	127.036117	30	F	3	권광로367번길	팔달초교 정문 앞 어린이보호구역(동수원사거리→효성사거리)
37.279013	127.035956	30	F	3	권광로367번길	팔달초교 정문 앞 어린이보호구역(동수원사거리→효성사거리)
37.279053	127.564451	30	F	3	지방도341	매류1리 버스정류장 앞(세종대왕릉역→매류초교)
37.279093	126.969166	60	F	2	수인로	탑동지하차도 출구 지나 100m지점(권선구청->성균관대역)
37.279326	127.690517	40	F	3	강천로	대순진리회 앞(굴암리->이호리)
37.279605	127.107533	30	F	3	용구대로2152번길	기흥해맑은어린이집 어린이보호구역(신갈중학교입구오거리→기흥구청)
37.279606	126.992885	50	F	3	덕영대로	영광아파트 앞(수원역→월암IC)
37.279643	126.993043	50	F	3	덕영대로	영광아파트 앞(수원역→월암IC)
37.279652	127.107123	30	F	3	용구대로2152번길	기흥해맑은어린이집 어린이보호구역(기흥구청→신갈중학교입구오거리)
37.279681	127.635197	30	F	3	세종로	세종초교 건너편 어린이보호구역(세종로→여주예일세띠앙아파트)
37.279768	127.634983	30	F	3	세종로	세종초교 앞 어린이보호구역(여주예일세띠앙아파트→세종로)
37.279854	127.635016	30	F	3	세종로	세종초교 건너편 어린이보호구역(세종로→여주예일세띠앙아파트)
37.279875	127.504741	60	F	3	황무로	부발농협미곡처리장 앞(가산리→부발읍)
37.280121	127.465085	60	F	2	구만리로	안흥2동삼거리
37.280127	126.968360	60	E	3	금곡로	종점 1,2차로(호매실119안전센터->화서역)
37.280161	127.474447	70	F	1	중부대로	복하2교사거리
37.280564	127.433779	70	F	1	경충대로	설봉아파트삼거리
37.280760	127.233117	30	F	3	포곡로	라온제나어린이집 입구 어린이보호구역(광주시청→둔전역)
37.281023	127.453425	50	F	1	애련정로	이천중학교삼거리
37.281083	127.233329	30	F	3	포곡로	라온제나어린이집 입구 어린이보호구역(둔전역→광주시청)
37.281118	126.972229	60	E	3	금곡로	종점 1,2차로(호매실119안전센터->화서역)
37.281219	127.432467	70	F	2	경충대로	이천소방서앞
37.281537	127.001127	30	F	3	화양로38번길	화서초교 앞 어린이보호구역(팔달산→서호공원)
37.281537	127.011127	30	F	3	화양로38번길	화서초교 앞 어린이보호구역(팔달산→서호공원)
37.281999	127.666103	70	F	3	주내로	매룡리마을입구(여주시청→연양교차로)
37.282372	126.834747	60	F	1	해안로	안산갈대습지공원 앞 삼거리(안산시청→매송IC)
37.282521	127.151519	60	F	2	동백죽전대로	동백궁 앞
37.282642	127.016303	50	F	3	팔달로	도담소 앞 교차로(수원여고→화서공원)
37.282642	127.006303	50	F	3	팔달로	도담소 앞 교차로(수원여고→화서공원)
37.282717	127.172925	60	F	3	석성로	동백터널 진입전(광교상현IC→마성2리마을회관)
37.282774	127.436314	40	F	3	영창로	양정여고삼거리
37.283585	126.804869	70	F	1	남양초지로	오름지하차도 입구(화성시청->안산)
37.283708	127.452822	30	F	1	향교로	설봉초교앞
37.283827	127.452010	30	F	3	향교로	설봉초교 앞
37.284042	127.167965	100	F	3	영동고속도로	영동고속도로 47.6km 1차로
37.284533	127.055853	50	F	2	광교중앙로	광교중앙로사거리 50m전 지점(경기아트센터→상현역)
37.284714	127.441857	30	F	3	향교로	이천초교 앞
37.284845	126.847488	30	F	3	향가울로	이편한세상상록 어린이보호구역(초당초교)(장화운동장→한양대학교)
37.284966	127.441734	30	F	1	향교로	이천초교 후문
37.285122	126.900518	100	S	1	서해안고속도로	서해안고속도로 318.0km 시점 3차로
37.285125	126.900504	100	S	1	서해안고속도로	서해안고속도로 318.0km 시점 1,2차로
37.285336	126.992828	30	F	3	덕양대로697번길	화서주공4단지입구 어린이보호구역(숙지초교)(화서역→고양골사거리)
37.285365	127.456520	60	F	2	증신로	이현고사거리
37.285560	127.207397	50	F	1	마성로	전대교차로 전 100m지점(마성IC→에버랜드역)
37.286121	127.489233	30	F	2	무춘로	부발초교 앞
37.287028	127.004284	30	F	2	수성로258번길	화홍초등학교 앞 어린이보호구역(정자시장→화서문)
37.287028	127.014284	30	F	2	수성로258번길	화홍초등학교 앞 어린이보호구역(정자시장→화서문)
37.287104	126.981904	30	F	3	정자천로32번길	율현초교 정문 맞은편 어린이보호구역(정천중학교→율현중학교)
37.287517	127.489690	70	F	1	중부대로	부발사거리
37.287647	127.022400	30	F	3	창룡대로103번길	연무초교 앞 (삼일상고 → 창룡문)
37.287744	127.022525	30	F	3	창룡대로103번길	연무초교 후문 앞 어린이보호구역(창룡문→화홍문)
37.287749	127.022557	30	F	3	창룡대로103번길	연무초교 후문 앞 어린이보호구역(창룡문→화홍문)
37.288103	127.194599	50	F	3	마성로	에버랜드진입로(마성IC→전대교차로)
37.288283	127.454517	60	F	1	증신로	증포중학교사거리
37.288629	127.490719	60	F	2	황무로	부발중하교앞
37.289110	129.302970	30	F	1	용화안길	장호초등학교
37.289444	127.453026	60	F	1	이섭대천로	증포사거리
37.289499	127.014416	50	F	3	팔달로	장안문로터리(수원교육지원청→화서문교차로)
37.289643	127.146236	60	F	3	석성로	구성IC 전(광교상현IC→동백터널)
37.289694	127.156181	30	F	2	석성로521번길	행복한유치원 앞 어린이보호구역(물푸레마을→동막교차로)
37.290056	127.487918	60	F	1	황무로	무촌고가교(부발읍→송정동)
37.290194	127.506395	70	F	2	중부대로	쌍용해장국앞
37.290356	127.062368	50	F	3	광교중앙로	센트럴파크로사거리 100m전 (용인→매탄동)
37.290481	126.828180	70	F	2	해안로	경기테크노파크 건너편(안산호수공원->본오동)
37.290509	127.003685	50	F	3	장안로	정자사거리 앞(화서문→수원중부경찰서)
37.290692	126.876581	60	F	3	해안로	(본오1동 주민센터→수인로)
37.291124	127.449463	50	F	3	증신로	거무골삼거리
37.291535	127.086322	100	S	3	영동고속도로	영동고속도로 40.2km 시점 1,2차로(용인IC→군포IC)
37.291550	127.460850	30	F	3	갈산로	한내초교 앞
37.291566	127.468396	70	F	1	황무로	갈산교차로
37.291566	127.468396	60	F	2	황무로	큰산아파트삼거리
37.291566	127.115710	100	E	2	영동고속도로	영동고속도로 42.9km 종점 1,2차로
37.291621	127.115710	100	E	1	영동고속도로	영동고속도로 42.9km 종점 3,4차로
37.291640	127.990900	100	F	2	중앙고속도로	제천→춘천
37.291669	127.512642	70	F	1	중부대로	신원슈퍼앞
37.291677	127.115710	100	E	3	영동고속도로	영동고속도로 42.9km 종점 5차로
37.291836	127.448949	50	F	1	아리역로	수칸사거리
37.292055	127.029733	50	F	2	창룡대로	퉁소바위사거리(창룡문사거리→경기남부경찰청)
37.292175	126.991972	30	F	3	송정로	수원서부교회 앞 어린이보호구역(송정초교)(정자초교→장안문지구대)
37.292207	126.820691	30	F	3	해양1로	푸르지오907동앞 어린이보호구역(청석초교)(수노을교삼거리→청석초교)
37.292255	127.264247	30	F	3	금어로	수피아전원마을 앞 어린이보호구역(세움어린이집)(용인시청→도척면)
37.292292	126.957749	70	F	3	수인로	서수원IC 부근(안산→수원역)
37.292309	127.425143	60	F	3	경충대로	유원상사 앞(이천소방서→신둔면행정복지센터)
37.292352	127.517383	70	F	3	중부대로	원적골 입구
37.292372	126.957484	70	F	3	수인로	서수원IC 부근(안산→수원역)
37.292876	127.681482	50	F	3	강문로	창무도예 앞(이호1리마을회관→가정리)
37.292880	127.424080	60	F	3	경충대로	유원상사 앞
37.292915	127.520925	90	E	2	국도3	종점 3차로(광주→장호원)
37.292934	127.520957	90	E	3	국도3	종점 2차로(광주→장호원)
37.292951	127.520991	90	E	3	국도3	종점 1차로(광주→장호원)
37.293051	127.681569	50	F	3	강문로	창무도예 앞(이호1리마을회관→가정리)
37.293059	127.079026	60	F	3	광교호수로	영동고속도로 하동통로 전방 50m 앞(광교복합체육센터→상현동성당)
37.293527	127.528149	70	F	2	중부대로	고백산업단지앞
37.293563	127.456134	30	F	3	이섭대천로	대우2차아파트 삼거리, 증포초교
37.293602	126.995760	30	F	3	대평로52번길	명인초교 정문 어린이보호구역(두견마을3단지→장안고사거리)
37.293641	127.128803	30	F	2	언남로29번길	뉴현대맨션 앞 어린이보호구역(언동초교)(경찰대체력단련장→청람아파트)
37.293680	126.995694	30	F	3	대평로52번길	명인초교 정문 어린이보호구역(두견마을3단지→장안고사거리)
37.294149	127.396222	70	F	2	서이천로	신둔일반산업단지 앞(서이천IC->신둔면사무소)
37.294184	127.433376	30	F	2	영창로	송정초교 앞
37.294506	127.095821	60	F	2	광교호수로	삼막곡제2지하차도 전 200m지점(이의동->구성동)
37.294563	127.418547	70	F	1	경충대로	관촌순두부앞
37.294573	127.442924	60	F	2	증신로	아리사거리
37.294887	127.392757	40	F	2	서이천로	고척1교차로
37.294971	127.643329	30	F	3	여흥로	여흥초교 후문 어린이보호구역(여흥동행정복지센터→영월그린공원)
37.295076	127.643489	30	F	3	여흥로	여흥초교 후문 어린이보호구역(여흥동행정복지센터→영월그린공원)
37.295671	127.412189	70	F	2	경충대로	도예촌사거리
37.295745	127.115540	30	F	3	구성로53번길	구성초교 앞 어린이보호구역(구성고교→구성초교삼거리)
37.296044	126.933019	70	F	2	수인로	안산테콤공업단지 전 100m지점(수원->인천)
37.296559	127.457270	60	F	2	이섭대천로	이마트사거리
37.296716	127.058912	100	F	2	영동고속도로	(북수원IC->용인IC)
37.297193	127.938069	30	F	1	용수골길	서곡초등학교
37.297504	127.572438	30	F	3	양화로	능서초교 건너편 어린이보호구역(세종대왕릉역→세종대왕면행정복지센터)
37.297512	127.572372	30	F	3	양화로	능서초교 건너편 어린이보호구역(세종대왕릉역→세종대왕면행정복지센터)
37.297595	126.914530	70	F	3	서해로	양촌IC 교차로 앞(화성→군포)
37.298199	127.438436	60	F	1	증신로	동양아파트앞
37.298274	126.800452	50	F	3	해안로	GS반월열병합발전 앞(오이도→안산호수공원)
37.298365	127.401463	70	F	2	서이천로	수남삼거리
37.298461	127.056838	80	F	3	수원북부순환로	이의터널 입구(용인→북수원)
37.298610	127.586731	70	F	3	우암로	여주중앙교회 앞 어린이보호구역(여주유치원)(도장교차로→여주시청)
37.298821	126.800375	50	F	3	해안로	반월패션칼라타운 입구(안산호수공원→오이도)
37.298829	127.636519	30	F	3	강변로	여주초교 앞 어린이보호구역(세종여주병원→세종고교)
37.298985	127.635908	30	F	3	강변로	여주초교 앞 어린이보호구역(세종여주병원→세종고교)
37.299238	126.969377	30	F	3	율전로	율전초교 정문 어린이보호구역(이안아파트→성균관대역)
37.299256	126.969288	30	F	3	율전로	율전초교 정문 어린이보호구역(이안아파트→성균관대역)
37.299478	127.012069	50	F	3	경수대로	장안지하차도 입구(수원시청→의왕시청)
37.299904	126.958081	90	F	3	과천봉담도시고속화대로	과천-봉담도시고속화도로(과천→봉담)
37.300087	126.996124	30	F	3	장안로	정자초교사거리 어린이보호구역(만석공원사거리→효자문사거리)
37.300367	127.568629	70	F	3	중부대로	능서삼거리 전 300m지점(서여주IC->이천)
37.301087	126.996124	30	F	3	장안로	정자초교사거리 어린이보호구역(만석공원사거리→효자문사거리)
37.301238	127.006170	30	F	3	정조로1060번길	송죽초교 앞 어린이보호구역(만석공원→장안구청)
37.301253	127.006120	30	F	3	경수대로939번길	송죽초교 앞 어린이보호구역(장안구청→만석공원)
37.301253	127.016120	30	F	3	경수대로939번길	송죽초교 앞 어린이보호구역(장안구청→만석공원)
37.301304	127.016223	30	F	3	정조로1060번길	송죽초교 앞 어린이보호구역(만석공원→장안구청)
37.301623	127.617458	80	F	3	여주북로	세종대교 남단(여주역→대신면행정복지센터)
37.301958	127.083479	30	F	3	광교호수로	상현동성당 앞 어린이보호구역(지예슬유치원)(서원중학교→상현2동주민센터)
37.301999	127.083317	30	F	3	광교호수로	갈릴리교회 앞 어린이보호구역 (지예슬유치원)(현대성우아파트→서원중)
37.302028	127.016698	30	F	3	금당로	조원초교 정문 앞 어린이보호구역(중부경찰서어린이집→수성초교)
37.302079	127.447855	70	F	2	황무로	능안교사거리
37.302277	127.451832	70	F	2	황무로	능안말입구
37.302291	127.016319	30	F	3	금당로	조원초교 정문 앞 어린이보호구역(수성초교→중부경찰서어린이집)
37.303274	127.331287	30	F	2	노곡로	도척초등학교 앞 어린이보호구역(도척면행정복지센터→도척성당)
37.303340	127.330906	30	F	2	노곡로	도척초교 정문 앞 어린이보호구역(독척성당->독척면행정복지센터)
37.303365	127.124127	30	F	3	마북로154번길	어린이보호구역(숲속향기생태어린이집)(코오롱인재개발센터→한성cc)
37.303523	127.088765	30	F	3	만현로133번길	상현LG자이아파트 정문(소현초교→상현2동행정복지센터)
37.304304	127.425280	70	F	1	황무로	송정2교차로
37.304305	127.042891	80	F	3	수원북부순환로	광교IC 500m 전(북수원→용인)
37.304491	127.014059	30	F	3	금당로	수성초교 앞 어린이보호구역(조원공원→조원고교)
37.304524	127.013973	30	F	3	금당로	수성초교 앞 어린이보호구역(조원공원→조원고교)
37.304758	127.377147	60	F	3	황무로	인후2리사거리(곤지암읍→신둔면행정복지센터)
37.304896	127.376719	60	F	1	황무로	인후리마을회관앞
37.304964	126.727871	50	F	1	시화호수로	안산별망어촌문화관(반달섬→거북섬)
37.304974	127.085285	30	F	3	만현로	수자원공사삼거리(소현초교→상현2동행정복지센터)
37.305234	126.969137	30	F	3	상률로12번길	상률초교 후문 어린이보호구역(밤꽃마을→영생고등학교)
37.305566	127.085126	30	F	3	만현로	수자원공사삼거리 어린이보호구역(상현공원→소현초교)
37.305724	127.413647	70	F	2	황무로	남정1리삼거리
37.306064	126.914731	60	F	3	서해로	유안분재원 앞(군포IC→양촌IC)
37.306834	126.904281	30	F	3	건건5길	창촌초교 후문 어린이보호구역(반달공원→반월로)
37.306970	126.903748	30	F	3	건건5길	창촌초교 후문 어린이보호구역(반월로→반달공원)
37.306978	127.111491	30	F	3	신촌로	구성시립어린이집 어린이보호구역(죽전스타클래스→용인서부경찰서)
37.307041	127.643559	30	F	3	도예로	오학초등학교 정문 어린이보호구역(오학사거리→오학체육공원)
37.307221	127.464087	70	F	3	이여로	점촌교차로
37.307362	127.130012	50	F	3	동백준전대로	법화터널 입구(죽전동→동백동)
37.307462	127.011215	30	F	3	수일로	송원공원 앞 어린이보호구역(송원초교)(수성초교→수일여자중학교)
37.307548	127.463708	70	F	1	이여로	점촌교차로
37.307679	127.482875	30	F	2	청백리로	도지초교 앞
37.307710	129.283100	80	E	1	동해대로	초곡쉼터 50M 전(울진→삼척) 종점
37.307721	127.357271	110	S	1	제2중부고속도로	제2중부고속도로 333.8K 시점 1,2차로(이천→하남)
37.307856	127.231686	70	F	3	포곡-능원 신설도로	포곡교 앞(분당구청→포곡교차로)
37.308339	127.111105	30	F	3	신촌로73번길	보정초등학교 정문 어린이보호구역(보정성당→포스홈타운2단지)
37.308662	126.996286	50	F	1	경수대로	택시공제경기회관 맞은편(수원시청->의왕)
37.308825	127.129090	50	F	3	동백준전대로	마북터널 입구(동백동→죽전동)
37.308962	127.230791	110	F	2	평택시흥고속도로	시점 3차로(광주→안성)(용인시 초부리 산 116-12)
37.309137	127.080137	30	F	3	심곡로	라임카운티빌라 앞 삼거리 어린이보호구역(이룸교회→심곡초교)
37.309250	129.281700	80	S	1	동해대로	초곡쉼터 앞(삼척→울진) 시점
37.309639	127.555373	60	F	2	홍천로	신근교차로 노인보호구역(흥천면행정복지센터→신근리삼거리)
37.309833	127.553654	30	F	3	흥천로	신근교차로(흥천중학교→신근리삼거리)
37.310137	127.401156	70	F	2	경충대로	남정삼거리
37.310613	127.437627	60	F	1	원적로	금산2교차로
37.310911	127.092939	30	F	1	이헌로	이현초교 후문 앞 어린이보호구역(한국지역난방공사->솔뫼마을)
37.310993	126.852843	50	F	3	충장로	한대앞역 앞(안산버스터미널→한대앞역)
37.311286	128.390748	60	F	1	원동재로	(평창→영월)
37.312191	127.005187	100	E	3	영동고속도로	영동고속도로 32.3km 종점 1,2차로(용인IC→군포IC)(수원시 송죽동 산 22)
37.313494	127.021604	80	F	3	수원북부순환로	조원IC 전 200m 지점(광교→북수원)
37.313949	127.026359	80	F	3	수원북부순환로	신광교터널 입구(북수원→광교)
37.314351	127.437415	60	F	2	원적로	벌말교차로
37.315130	127.101813	30	F	3	이현로30번길	GC차일드케어어린이집 어린이보호구역(수지지구대→신갈동)
37.315164	127.101929	30	F	3	이현로30번길	GC어린이집 어린이보호구역(자연유치원→녹십자연구소 정문)
37.315561	127.553601	60	F	3	흥천로	신근리물류센터(신근리삼거리 → 홍천중학교)
37.315763	127.409912	60	F	2	남정로	남정1리마을입구
37.315960	126.856410	70	F	1	수인로	노적봉폭포공원 앞(시흥->수원)
37.316270	127.086225	30	F	3	정평로13번길	수지초교 앞 어린이보호구역(정평공원→풍덕고교)
37.316559	127.078055	30	F	3	성복2로78번길	성복초교 입구 어린이보호구역(성복초→성복역)
37.316747	127.095637	30	F	3	진선로66번길	풍천초등학교 앞 사거리 어린이보호구역(풍천초교삼거리→이현중학교)
37.316760	127.083303	30	F	3	풍덕천로22번길	예승교회 어린이보호구역(수지초교)(수지초교→성복역)
37.316844	127.083701	30	F	3	풍덕천로22번길	예승교회 어린이보호구역(수지초교)(성복역→수지초교)
37.317003	127.095564	30	F	3	진선로66번길	풍천초등학교 앞 사거리 어린이보호구역(이현중학교→풍천초교삼거리)
37.317042	126.988365	50	F	1	경수대로	그린에너지(SK-LPG충전소) 앞(오산→서울)
37.317284	127.627222	80	F	3	고매로	현암램프앞(월송교차로→기산리)
37.317342	126.988314	50	F	3	경수대로	그린에너지(SK-LPG충전소) 앞(오산→서울)
37.317395	127.974921	80	F	1	외곽순환대로	(원주혁신중흥S클래스 APT 앞, 원주→문막)
37.317523	127.627466	80	F	3	여주북로	현암램프앞(월송교차로→기산리)
37.317544	127.089477	30	F	3	정평로	한국유치원 앞 어린이보호구역(풍덕고교사거리→지역난방공사 용인지사)
37.318084	127.085570	30	F	3	풍덕천로	동행하는교회 앞 어린이보호구역(수지초교)(이마트사거리→정평중학교)
37.318115	127.627570	80	F	3	우암로	여주중앙교회 앞 어린이보호구역(여주유치원)(여주시청→도장교차로)
37.318779	127.096753	30	F	3	진선로	삼성열린생태어린이집 앞 어린이보호구역(한국지역난방공사→죽전역)
37.319110	127.424821	90	S	3	국도3	시점 3차로(광주→장호원)
37.319127	127.424835	90	S	3	국도3	시점 2차로(광주→장호원)
37.319143	127.424852	90	S	3	국도3	시점 1차로(광주→장호원)
37.319461	127.441900	30	F	3	원적로	도암초교 앞 교차로 전
37.319491	127.441991	30	F	3	원적로	도암초교 앞 교차로 전 어린이보호구역(두산베어스파크→도암2교차로)
37.319493	127.441381	30	F	3	원적로	도암초교 앞 교차로 전 어린이보호구역(도암2교차로→두산베어스파크)
37.319528	127.649621	60	F	3	여양로	넥스로지텍 여주공장 입구(오학동주민자치센터→세라지오CC)
37.319560	127.056847	30	F	3	성복2로	숲속이레어린이집 앞 어린이보호구역(버들치마을사거리→서수지IC)
37.319576	127.649789	60	F	3	여양로	넥스로지텍 여주공장 입구(오학동주민자치센터→세라지오CC)
37.319785	127.441768	30	F	3	원적로	도암초교 앞 교차로 전
37.320264	126.959251	30	F	2	장안로	의왕푸르지오포레움 203동앞(의왕파크푸르지오->의왕푸르지오포레움)
37.320315	127.471063	60	F	2	이여로	한솔아파트삼거리
37.320406	127.220926	70	F	3	포곡-능원 신설도로	신원교차로 부근(포곡교차로→분당구청)
37.320713	127.571032	110	F	3	중부고속도로	중부내륙고속도로276Km(북여주IC→서여주IC)
37.321092	127.570678	110	F	3	중부고속도로	중부내룍고속도로(작은은골→구암3교)
37.321303	126.948829	50	F	2	철도박물관로	의왕역 2번출구 앞(부곡교차로→부곡초교)
37.321633	126.817435	50	F	2	화랑로	안산와스타디움 앞(단원구청→안산시청)
37.322601	127.498633	60	F	1	청백리로393번길	프리즘에프에스 물류센터 입구 전 100m지점(백사면행정복지센터→우곡리)
37.322780	127.081512	30	F	3	신봉1로48번길	지구촌교회 앞 어린이보호구역(신리초교)(서홍마을벽산불루밍→신리초교)
37.322804	127.498551	60	F	1	청백리로393번길	프리즘에프에스 물류센터 입구 전
37.323538	126.848168	30	F	3	충장로	경일초교 앞 삼거리 어린이보호구역(성포도서관→성포동행정복지센터)
37.323892	127.080062	30	F	3	신봉2로14번길	홍천초등학교 입구 어린이보호구역(홍천초교→신봉1교)
37.324893	127.104494	60	F	3	포은대로	풍덕천삼거리(죽전역→수지구청)
37.325515	127.555130	50	F	3	흥천로	흥천중학교 후문(흥천중사거리→귀백사거리)
37.325795	127.219993	70	F	3	국지도57	버스정류장(분당구청→포곡읍)
37.325898	127.099482	30	F	3	풍덕천로171번길	아이유치원 앞 어린이보호구역(풍덕천공영주차장→풍덕천로)
37.326018	127.939890	30	F	1	남원로	서원주초등학교
37.326766	127.075722	30	F	3	신봉2로48번길	신봉자이2차후문 앞 어린이보호구역(신일초교)(신일초교→신일초교삼거리)
37.327222	127.926944	100	F	1	중앙고속도로	고속도로313.3km
37.327234	126.791047	60	F	3	중앙대로	안산역 앞 삼거리 (초지역→신길온천역)1,2차로
37.327315	126.791117	60	F	3	중앙대로	안산역 앞 삼거리 (초지역→신길온천역)3,4차로
37.327822	127.940006	30	F	1	남원로	서원주초등학교
37.327974	127.067946	30	F	3	신봉3로	수원서서갈비 앞 어린이보호구역(신봉초교)(신봉고교→신봉초교)
37.328201	127.138386	50	F	2	포은대로	용인 쉴낙원 맞은편(광주시청->수지구청)
37.328452	126.795476	30	F	3	원곡초교길	원곡초교 정문 어린이보호구역(백운동행정복지센터→신길동)
37.328664	127.068822	30	F	3	신봉1로172번길	신봉초교사거리 50m 전 어린이보호구역(양지말어린이공원→신봉중학교)
37.328794	127.092620	30	F	3	수풍로	동부A삼거리 어린이보호구역(오즈어린이집)(수지건영A삼거리→CJ빌리지)
37.328862	127.132839	30	F	3	디지털벨리로	현암고교 정문 건너편(단국대학교→현암고교삼거리)
37.329379	127.092243	30	F	3	수풍로	수지CJ빌리지 어린이보호구역(오즈어린이집)(수지고고→동부A삼거리)
37.329430	127.221470	60	F	3	곡현로	중촌마을 버스정류장 앞(광주시청->용인시청)
37.329498	126.670322	60	F	3	대부황금로	MTV입구 삼거리 부근(오이도→대부도)
37.329579	127.679166	30	F	3	여양2로	북내초교 앞 어린이보호구역(북내체육공원→북내파출소)
37.329605	127.679228	30	F	3	여양2로	북내초교 앞 어린이보호구역(북내파출소→북내체육공원)
37.329611	127.679179	30	F	3	여양2로	북내초교 앞 어린이보호구역(북내파출소→북내체육공원)
37.330202	126.799221	30	F	2	원선로	안산서초교 앞 교차로 어린이보호구역(선부광장→안산역)
37.330294	126.799735	30	F	3	원선로	안산서초교 앞 어린이보호구역(안산역→선부광장)
37.331050	128.531750	60	F	1	서동로	(정선→평창)
37.331118	127.097677	50	F	3	수지로	우성빌라삼거리 3,4차로(동천체육공원→풍덕초교)
37.331718	127.093380	30	F	3	수풍로	키드빌리지유치원 앞 어린이보호구역(수지고교→수지중학교)
37.331764	126.815416	30	F	3	화정로	단원어린이도서관 어린이보호구역(화랑초교)(화랑초교→선부역)
37.332256	127.159900	50	F	3	포은대로	예림마을 건너편 (광주 → 죽전)
37.332341	127.093491	30	F	3	수풍로	키드빌유치원 건너편 어린이보호구역(수지중학교→수지고등학교)
37.332725	126.846381	30	F	3	안산천서로	광덕초교 입구 삼거리 어린이보호구역(중앙역→안산IC)
37.332752	127.992050	30	F	1	세계로	봉대가온초등학교
37.332767	127.055250	30	F	3	신봉1로	서봉마을회관앞 어린이보호구역(숲속다예린유치원)(서봉교→서봉2교)
37.332876	127.939114	30	F	1	한지공원길	치악초등학교
37.333086	127.110496	30	F	3	용구대로2772번길	죽전초등학교 앞 (바로빌딩 → 죽전중고교앞사거리)어린이보호구역
37.333211	126.981950	60	F	3	경수대로	지지대고개(수원→안양)1,2차로
37.333228	126.981990	60	F	3	경수대로	지지대고개(수원→안양)3,4차로
37.333468	127.594395	40	F	3	영릉로	능북초교입구(백석교차로→여주보)
37.333590	127.594240	40	F	3	영릉로	능북초교 입구 어린이보호구역(백석교차로→여주보)
37.333608	127.594264	40	F	3	영릉로	능북초교 입구 어린이보호구역(여주보→백석교차로)
37.333854	127.594169	30	F	3	영릉로	능북초교입구(여주보→백석교차로)
37.333934	127.708765	50	F	3	당전로	북내초등학교 운암분교장 앞 어린이보호구역(복내면사무소→중암리)
37.334079	127.986497	30	F	1	혁신로	봉대초등학교 (봉황사거리→항새장이사거리)
37.334140	127.709116	50	F	3	당전로	북내초등학교 운암분교장 건너편 어린이보호구역(중암리→복내면사무소)
37.334520	129.246500	80	F	1	동해대로	(울진방면)
37.335208	127.203192	70	F	3	태재로	동림IC교 앞(포곡교차로→분당구청)
37.335237	127.251937	30	F	3	외대로26번길	성일맨션 앞 어린이보호구역(왕산초교)(모현읍행정복지센터→광주)
37.335438	126.774045	60	F	3	중앙대로	신길샛뿔삼거리(신길고가교→안산역)
37.335780	129.246600	80	F	1	동해대로	동막IC 600M(울진→삼척)
37.336107	126.763414	30	F	3	신길중앙로3길	능길초교 앞 어린이보호구역(정왕신길로→신길온천역)
37.336591	128.371380	60	F	1	서동로	천동교차로
37.336754	126.692059	50	F	2	오이도로	오이도박물관 지나 150m(오이고가교->오이도선착장)
37.337179	127.490208	30	F	1	현방로	백사초교앞
37.337203	127.750477	30	F	3	지방도349	북내초등학교 도전분교장 건너편 어린이보호구역(황골터널→반계저수지)
37.337203	127.916139	100	F	2	중앙고속도로	고속도로313.7km
37.337213	127.750596	30	F	3	지방도349	북내초등학교 도전분교장 앞 어린이보호구역(반계저수지→황골터널)
37.337404	127.750401	30	F	3	원양1로	북내초등학교 도전분교장 건너편 어린이보호구역(황골터널→반계저수지)
37.337570	128.787815	30	F	1	소금강로	화동초등학교
37.337654	128.787624	30	F	1	그림바위길	화동초등학교
37.338159	127.490670	30	F	2	현방로	백사초교 앞
37.338257	127.194168	70	F	3	국지도57	능원교차로(분당→광주)
37.338382	127.972564	30	F	1	오리현길	반곡초등학교
37.339388	126.800135	30	F	3	지곡로	선일초교 앞 어린이보호구역(선부고교→선부역)
37.339556	126.827560	30	F	3	와동로	갈비나라 앞 어린이보호구역(덕인초교)(열녀문사거리→와동행정복지센터)
37.339967	127.072113	30	F	3	동천로	아뜰리에자연학교 입구 어린이보호구역(광교산→한빛중학교)
37.339972	127.463437	60	F	3	원적로	이천산수유마을 입구(백사면행정복지센터→두산베어스파크)
37.340041	127.463258	60	F	1	원적로	산수유마을 입구
37.340375	127.325644	110	S	1	중부고속도로	중부고속도록 338.5km 시점 1,2차로(호법→하남)
37.341145	126.821407	30	F	3	와동공원로	와동공원 건너편 어린이보호구역(선부역→별빛공원)
37.341269	128.474064	60	F	1	서동로	창리교차로
37.341687	126.826623	30	F	3	선부로	시립와동어린이집 어린이보호구역(안산운전면허시험장→와동행정복지센터)
37.342027	127.068587	30	F	3	동천로	원진금속 앞 어린이보호구역(하늘숲어린이집)(광교산→용인한빛중학교)
37.342267	126.940779	30	F	1	용호2로	당동 용호초교 정문 앞
37.342282	127.174519	30	F	3	충렬로8번길	능원초교 앞 어린이보호구역(오포서부파출소→죽전동)
37.342425	127.174727	30	F	3	충렬로8번길	능원초교 건너편 어린이보호구역(죽전동→오포서부파출소)
37.342539	126.940336	30	F	3	용호2로	용호초교 앞 어린이보호구역(용호사거리→평생학습원사거리)
37.342710	127.211300	50	F	3	오포로	남한산성면행정복지센터 전 100m지점(하남시청→광주시청)
37.343875	126.945291	30	F	1	용호2로	옥천초교 정문
37.344087	127.063114	30	F	3	동천로	동천교 앞(광교산→한빛중학교)
37.344160	126.945472	30	F	3	용호로	옥천초교 정문 앞 어린이보호구역(쌍용아파트→군포시노인복지관)
37.344182	127.493253	60	F	3	국지도70	외사사거리 앞(이천시청→흥천이포TG)
37.344301	127.493180	60	F	3	이여로	외사사거리 앞(이천시청→흥천이포TG)
37.344908	127.493557	60	F	3	이여로	외사사거리 앞(흥천이포TG→이천시청)
37.345067	127.513345	60	F	3	남산로	상대리 입구(다대리→상대리)
37.345211	127.513376	60	F	3	남산로	상대리 입구(다대리→상대리)
37.345249	127.537186	50	F	3	남신로	골든플레이스(계신리→다대리)
37.345493	127.537131	50	F	3	남신로	골든플레이스(계신리→다대리)
37.345966	127.942281	30	F	1	남산로	일산초등학교
37.346193	126.998111	30	F	3	왕곡로	숲속어린이집 앞 어린이보호구역(백운산→왕곡초교)
37.346472	127.179389	70	F	1	태재로	오포베르빌아파트 108동 앞(광주→분당)
37.346571	126.954760	30	F	2	고산로	당정초교 앞 삼거리
37.346682	126.956001	30	F	3	고산로151번길	당정초교 입구 앞 삼거리 어린이보호구역(당정마을삼거리→호영아파트)
37.346807	127.958238	30	F	1	신무로	신평초등학교
37.346870	126.955997	30	F	3	고산로151번길	신세기프라자 빌딩 앞 어린이보호구역(당정초교)(경기외국어고교→군포
37.346889	128.383788	60	F	1	서동로	유동교차로
37.346940	126.956107	30	F	2	고산로	당정동 신세기프라자 빌딩 앞
37.347132	126.750570	30	F	3	정왕천로427번길	군서초교 정문 어린이보호구역(정왕동체육공원→정왕본동행정복지센터)
37.347170	127.175256	70	F	2	태재로	오포베르빌아파트 앞(분당->모현읍)
37.347334	126.841737	50	F	3	가루개로	현대안산주유소앞(면허시험장삼거리→안산TG)
37.347768	126.943079	30	F	3	군포로	군포초교 앞 어린이보호구역(당동우체국사거리→군포초교사거리)
37.347800	126.859807	100	E	1	서해안고속도로	서해안고속도로 326.5km 종점 3,4차로
37.347802	126.859789	100	E	1	서해안고속도로	서해안고속도로 326.5km 종점 1,2차로
37.348009	127.338583	30	F	1	곤지암로	한우리지역아동센터 앞 어린이보호구역(곤지암초교)(도척면→곤지암농협)
37.348238	126.941928	30	F	1	군포로	군포초교 앞
37.348800	127.358729	70	F	3	광여로	유석철강 앞(곤지암역→곤지암119안전센터)
37.349779	127.109077	60	F	3	성남대로	미금역사거리(오리역→정자역)
37.349910	128.941713	40	F	1	백두대간로	광동삼거리
37.350213	127.108772	60	F	3	성남대로	미금역사거리(정자역→오리역)
37.350238	126.812704	100	F	3	영동고속도로	(서안산IC → 안산IC)
37.350369	127.167638	30	F	3	능평로	능평교 앞 어린이보호구역(능평초교)(우림필유골드135→글로비스자동차경매장)
37.350434	127.930424	30	F	1	평원초교길	20 평원초등학교
37.350443	127.167641	30	F	3	능평로	능평교 건너편 어린이보호구역(능평초교)(글로비스자동차경매장→우림필유골드135)
37.350869	126.805864	100	F	3	영동고속도로	(안산IC → 군자TG)
37.352357	127.909840	50	F	1	기업도시로	상봉삼거리 전
37.352445	127.714360	50	F	3	당전로	중암리마을입구(도전5리→복내면사무소)
37.352499	127.498448	60	F	3	국지도70	외사사거리 앞(흥천이포TG→이천시청)
37.352553	127.714095	50	F	3	당전로	중암리마을입구(도전5리→복내면사무소)
37.352568	126.927120	50	F	2	고산로	군포소방서단일로(후면)
37.353904	127.103390	110	E	1	경부고속도로	경부고속도로 401.8km 종점 1,2차로
37.353904	127.103452	110	E	1	경부고속도로	경부고속도로 401.8km 종점 3,4차로
37.353904	127.103515	110	E	1	경부고속도로	경부고속도로 401.8km 종점 5차로
37.354046	127.104538	80	F	1	분당수서간도시고속화도로	두산위브아파트 101동 앞)(용인→분당경찰서)
37.354054	126.986160	30	F	3	백운로	지구촌어린이집 앞 어린이보호구역(백운호수→의왕시청)
37.354457	127.114717	30	F	3	성남대로172번길	즐거운유치원 앞 어린이보호구역(구미1동행정복지센터→미금역)
37.356584	127.327572	30	F	1	평촌길	킴스빌1층상가 앞 어린이보호구역(삼리초교)(삼리초교→신대리)
37.356719	127.326824	30	F	2	평촌길	곤지암킹스빌지상가 앞 어린이보호구역(삼리초교)(신대리->삼리초교)
37.357711	127.557598	30	F	3	지방도333	상백1리 버스정류장 부근(복대리→율극리)
37.357795	127.557701	30	F	3	능북로	상백1리 버스정류장 부근(복대리→율극리)
37.358318	127.511604	40	F	3	이여로	문장교차로 어린이보호구역(문장초교)(외사리복지회관→이포고교)
37.358383	128.122447	40	F	1	태종로	강림초등학교
37.358620	127.512493	40	F	3	이여로	문장교차로 어린이보호구역(문장초교)(외사리복지회관→이포고교)
37.358987	126.970879	30	F	3	보식골로	대명솔채아파트 앞 어린이보호구역(모락초교)(모락초교→보석골로어린이공원)
37.359040	127.896740	50	F	3	신무로	신평사거리→만종교차로
37.359042	127.513492	40	F	3	이여로	문장교차로 어린이보호구역(문장초교)(이포고교→외사리복지회관)
37.359189	127.935416	30	F	1	원문로	단계초등학교
37.359197	127.215814	30	F	1	오포안로	현은빌라 건너편 어린이보호구역(오포초교)(고산동→문형동)
37.359399	126.917875	30	F	3	수리산로	수리초교삼거리 어린이보호구역(수리중학교→수리고교)
37.359502	126.992290	40	F	3	백운로	우리가계 앞 (백운호수→의왕시청)
37.359776	127.514872	30	F	3	이여로	문장교차로 앞 어린이보호구역(문장초교)(이포고교→외사리복지회관)
37.360143	129.231311	80	F	1	동해대로	시점 1차로
37.360169	129.231412	80	F	1	동해대로	종점 1차로
37.360396	126.918079	30	F	1	수리산로	수리초교삼거리
37.360798	126.787218	50	F	3	황고개로	태양전력(주) 앞(시흥경찰서→신길온천역)
37.361176	127.554302	50	F	3	지방도333	상백2리마을회관 앞(여주시청→복대리)
37.361320	127.554395	50	F	3	능북로	상백2리마을회관 앞(여주시청→복대리)
37.362024	128.596435	60	F	1	정선로	정선→평창)
37.362110	128.597177	60	F	1	정선로	평창→정선)
37.362262	126.966437	30	F	3	포도원로	해모로아파트 107동 앞 어린이보호구역(의왕초교)(의왕초교→포도원사거리)
37.362896	127.217886	30	F	2	오포안로	오포어린이집 앞 어린이보호구역(오포초교)(문형동→고산동)
37.364491	126.728582	60	F	3	서해안로	문영교차로(오이도→시흥프리미엄아울렛)
37.364503	127.314905	50	F	3	산수로	늑현교 앞(늑현리→산이리)
37.364833	126.727969	60	F	3	서해안로	문영교차로(시흥프리미엄아울렛→오이도)
37.365680	127.409602	30	F	1	내선길	만선초교 입구 어린이보호구역(연곡리->이선리)
37.366546	127.232053	70	S	3	국도43	장수돌침대 앞(광주→죽전)
37.366557	127.231973	70	F	3	국도43	장수돌침대 건너편 포은대로(죽전동→광주시청)
37.367520	127.125269	30	F	3	돌마로356번길	수내초교 후문 앞 어린이보호구역(수내역→수내3동행정복지센터)
37.367788	126.951500	50	F	3	흥안대로	평촌두산위브리버뷰아파트 앞(근포시청→안양농수산물도매시장)
37.367814	126.951624	50	F	1	안양로	평촌두산위브리버뷰아파트 앞(근포시청→안양농수산물도매시장)
37.368931	128.702999	60	F	1	칠현로	월통1교차로100m전
37.368933	127.604006	30	F	1	여양로	장풍2리마을회관 입구 노인보호구역(경기관광고교↔대신고교)&lt;양방향>
37.369860	128.674200	60	F	1	칠현로	범바위교 앞
37.370083	127.300638	30	F	3	도곡길22번길	도곡초교 앞 어린이보호구역(도곡초교→경충대로)
37.370514	126.661486	30	F	1	송도교육로	인천송도꿈유치원 앞
37.370657	126.929165	30	F	1	산본로	산본동 목련아파트 1210동앞
37.370696	127.140051	30	F	3	장안로25번길	건영장안유치원앞 어린이보호구역(서당초등학교→태현공원)
37.370876	126.958973	60	F	1	경수대로	호계사거리 전 100m지점(안양농수산물도매시장→군포시청)
37.371021	127.299132	30	F	3	경충대로	도곡초교 후문 앞 어린이보호구역(롯데낙천대2단지아파트->도곡초교)
37.371313	126.961802	60	F	3	흥안대로	호계사거리 전 100m지점(안양농수산물도매시장→군포시청
37.371321	127.111696	30	F	3	느티로65번길	백현초교 후문 어린이보호구역(양지마을→백현중학교)
37.371531	126.928394	30	F	1	산본로482번길	한양목련(아) 1210동 앞 삼거리 어린이보호구역(태을초교)(태을초교→옥담길삼거리)
37.371878	127.247930	30	F	2	양벌로	매곡초등학교 앞 어린이보호구역(양벌리낚시터→경안천)
37.373142	127.138777	30	F	3	불정로386번길	미래타운 603동 앞 어린이보호구역(양영초)(장안타운 건영→양영중학교)
37.373325	126.932964	30	F	2	고산로	산본동 곡란초교 앞
37.373681	126.932946	30	F	3	고산로677번길	곡란초교 앞 어린이보호구역 (산본IC → 어린이도서관삼거리)
37.373765	126.808697	50	F	3	시흥대로	장현지하차도 출구(시흥시청역→시흥능곡역)
37.373777	126.808791	50	F	3	시흥대로	장현지하차도 입구(시흥능곡역→시흥시청역)
37.374502	127.940021	30	F	3	우산공단길	우산공단사거리→우산공단삼거리
37.374695	127.588232	30	F	3	여양로	대신초교 앞 어린이보호구역(경기관광고등학교→대신체육공원)
37.374950	127.135255	30	F	3	돌마로476번길	서당초교 앞 어린이보호구역(서현역→분당등기소)
37.375465	127.519144	60	F	3	이여로	이포중고등학교 정문(문장리 → 이포리)
37.375704	126.997744	90	F	3	과천봉담도시고속화대로	과천의왕간고속화도로 학의분기점 전 3,4차로(의왕→과천)
37.375787	127.519462	60	F	3	이여로	이포중고등학교 건너편(백사면행정복지센터→금사면행정복지센터)
37.376619	127.491985	100	F	3	광주-원주고속도로	광주-원주고속도로14.6km(동곤지암IC→홍천이포IC)(여주시
37.376694	127.491780	100	F	2	광주-원주고속도로	(동곤지암IC→홍천이포IC)
37.377288	126.867926	100	F	3	서해안고속도로	(목감IC → 조남JC)
37.377496	127.002189	40	F	1	백운로	백운호수삼거리 전 400m지점(청계IC->포일동)
37.377634	127.316990	30	F	3	산수로	선동초교 앞 어린이보호구역(퇴촌면->곤지암)
37.377716	127.000792	40	F	2	백운로	백운호수삼거리 지나 300m지점(포일동->청계IC)
37.377825	127.295613	70	F	3	경충대로	광주초월동광모닝스카이아파트(광주시청→초월역)
37.377858	126.984955	50	F	3	문화예술로	예술공원삼거리갈미한글공원(모락터널→계원예대)
37.377935	126.967567	30	F	3	흥안대로249번길	대안중학교 앞 어린이보호구역(안양남초교)(갈뫼초교→자유공원)
37.377983	126.965878	30	F	2	동안로	대안중학교 앞 어린이보호구역(안양남초교)(평촌성당→대안여자중학교)
37.378024	126.967482	30	F	3	양화로	대안중학교 앞 어린이보호구역(안양남초교)(갈뫼초교→자유공원)(안양남초)
37.378507	126.966144	30	F	3	안양로	대안중학교 어린이보호구역(안양남초교)(대안여중학교→천주교평촌성당)
37.378550	126.965956	30	F	3	평촌대로40번길	대안중학교 앞 어린이보호구역(안양남초교)(평촌성당→대안여자중학교)
37.378856	126.965982	30	F	3	평촌대로40번길	대안중학교 어린이보호구역(안양남초교)(대안여중학교→천주교평촌성당)
37.379438	126.957126	30	F	3	동안로	무궁화건영아파트 702동 앞(농수산물도매시장→호계중학교)
37.379637	127.131388	30	F	3	중앙공원로40번길	분당어린이공원 어린이보호구역(분당초교)(서현역→분당어린이공원)
37.380191	126.959827	30	F	3	평촌대로	무궁화건영아파트 702동 앞 (자유공원사거리 → 신기사거리)
37.380530	129.225830	30	F	1	삼척로	근덕초등학교
37.380774	128.659858	30	F	1	비봉로	정선초등학교
37.380814	128.659990	30	F	1	비봉로	정선초등학교(조양강→정선우체국)
37.381742	127.523723	60	F	3	이여로	(이포고등학교→이포초등학교)
37.381939	126.694220	40	F	3	인천신항대로	(인천신항 → 공단2단지4)
37.382058	127.128160	30	F	3	중앙공원로39번길	삼성한신상가 앞 어린이보호구역(서현초교)(양영중학교→서현역)
37.382064	127.524012	60	F	3	이여로	이포고등학교→이포초등학교
37.382140	127.523933	50	F	3	이여로	궁리삼거리 전 300m지점(금사면사무소->흥천이포IC)
37.382713	128.630461	60	F	1	서동로	정선↔평창)
37.383144	126.785769	60	F	3	동서로	진말삼한한진아파트 106동 앞(월곶동→물왕호수)
37.383489	126.817115	60	F	3	동서로	장연주유소 앞(경기도립노인전문시흥병원→물왕호수)
37.384188	126.635135	30	F	1	컨벤시아대로	인천송일초등학교 앞
37.384188	126.635181	30	F	1	컨벤시아대로	인천송일초등학교 앞
37.384829	126.801778	60	F	3	동서로	둔대고가차도 지나 100m지점(조남동→장곡동)
37.384940	126.631240	30	F	1	컨벤시아대로	인천예송초등학교 앞
37.384976	126.635029	30	F	3	컨벤시아대로	송일초교 건너편 (컨벤시아대로 → 예송초교)
37.385010	127.088193	60	F	3	국지도57	하산운지하차도 전 100m지점(서판교IC→한국잡월드)
37.385113	126.699423	60	F	3	아암대로	남동공동물류센터 부근 (면허시험장 → 외암4)
37.385199	126.734972	50	F	3	해송십리로	배곧센텀베이1차아파트 107동 건너편(달월역→오이도)
37.385381	127.890603	50	F	1	신무로	신평교차로
37.385470	127.137995	60	F	3	돌마로	새마을사거리 전 300m지점(야탑동→수내동)
37.385540	127.235151	70	F	2	회안대로	광주시청소년수련관 맞은편(광주시청→용인시청)
37.385554	127.235502	70	F	2	회안대로	광주청소년수련관 앞(고산IC->태전교차로)
37.385644	126.951319	60	F	1	경수대로	범계지하차도 전 200m지점(의왕->서울)
37.385658	127.290314	30	F	3	무들로	초월청명어린이집 건너편 어린이보호구역(신일교→초월읍행정복지센터)
37.385781	127.600570	60	F	3	대신1로	초현1리마을입구(양평 → 대신면)
37.385888	127.600534	60	F	1	대신1로	초현1리마을입구(양평 → 대신면)
37.386077	126.633462	30	F	1	컨벤시아대로	인천예송초등학교 앞
37.386080	126.691044	80	E	3	아암대로	송도고속화도로 구간 종점 3,4차로 (송도IC → 고잔TG)
37.386229	127.091635	30	F	3	판교원로	판교초교정문 앞 어린이보호구역(낙생고교→판교초삼거리)
37.386453	126.951084	60	F	1	능곡로	범계지하차도 전 200m지점(의왕->서울)
37.386525	126.660731	60	F	3	송도국제대로	캠퍼스타운역 앞 (외암도4 → 테크노파크역)
37.386566	126.688973	80	S	3	아암대로	송도고속화도로 구간 시점 3,4차로 (고잔TG → 송도IC)
37.386800	126.954391	30	F	3	평촌대로180번길	범계초교 앞 어린이보호구역(평촌초교→목련9단지아파트)
37.386891	127.529895	30	F	3	국지도70	이포초교 입구 어린이보호구역(이포대교→흥천이포IC)
37.387022	127.529534	30	F	3	이여로	이포초교 입구 어린이보호구역(이포대교→흥천이포IC)
37.387519	126.953781	30	F	2	동편로	범계초교 앞 어린이보호구역(평촌초교→목련9단지아파트)
37.387551	126.641048	50	F	3	컨벤시아대로	인천스타트업파크 앞 (해양경찰청 → 인천대입구역)
37.387805	127.111988	30	F	3	동판교로	신백현초교 앞 어린이보호구역(판교어린이도서관→화랑초교)
37.387870	127.078335	60	F	3	국지도57	생태복원터널 앞(한국잡월드→서판교IC)
37.388083	127.111413	30	F	3	동판교로	백현동행정복지센터 어린이보호구역(신백현초교)(화랑초교→판교어린이도서관)
37.388378	127.557860	60	F	3	여양로	천서리→보통리
37.388567	127.557726	60	F	3	여양로	(보통리→천서리)
37.388581	127.557744	60	F	3	여양로	(천서리 → 보통리)
37.388786	127.075447	30	F	3	판교원로82번길	판교원2사거리 어린이보호구역(산운초교)(서판교터널→운중도서관)
37.390394	127.883220	50	F	1	신평석화로	신평초교사거리→도산이고개)
37.390799	127.881543	100	F	2	제2영동고속도로	고속도로50.2km
37.390854	126.729914	50	F	3	아암대로	에코메트로 10단지 앞 (소래포구 → 면허시험장)
37.390859	127.061877	60	F	3	안양판교로	운중교차로 앞(의왕→판교)
37.391019	127.227165	30	F	3	태봉로42번길	태전한솔유치원 앞 어린이보호구역(태전2교→광남2동행정복지센터)
37.391336	126.914587	30	F	1	능곡로	신안초교 정문 (신안중학교 → 안양예술고교) <어린이보호구역>
37.391710	126.905167	30	F	3	병목안로130번길	양지초교 앞 어린이보호구역(효성아파트→양지초교정문)
37.391710	126.928492	30	F	3	박달우회로	안양초교 앞 어린이보호구역(만안로→현충사거리)
37.391932	126.928201	30	F	3	현충로	한솔아파트 102동앞 어린이보호구역(안양초교)(안양119안전센터→안양천)
37.392034	126.928255	30	F	3	현충로	안양초교 앞 어린이보호구역(만안로→현충사거리)
37.392439	126.929065	30	F	3	달안로	한솔아파트 102동앞 어린이보호구역(안양초교)(안양119안전센터→안양천)
37.392626	127.109102	60	F	3	서현로	알파리움2단지 205동 앞(현대백화점→판교TG)
37.392777	128.601496	30	F	1	벽탄길	벽탄초등학교
37.392986	127.420555	50	F	3	국지도98	다사랑교회 앞(동곤지암IC→용담리)
37.393052	127.072348	30	F	3	산운로	판교샘유치원 어린이보호구역(신운길2삼거리→신운길3삼거리)
37.393056	127.031418	60	F	3	안양판교로	하오고개 내리막길(판교→안양)
37.393243	127.420919	50	F	3	광여로	다사랑교회 앞(동곤지암IC→용담리)
37.393306	126.654188	30	F	1	해돋이로	인천먼우금초등학교 앞
37.393460	126.914046	30	F	2	안양천서로	성원유치원 앞 삼거리 어린이보호구역(신안초교)(프라자아파트→흥화아파트)
37.393507	127.130329	30	F	3	이매로	동명유치원 어린이보호구역(돌마로→이매역사거리)
37.393572	126.914199	30	F	3	장내로	성원유치원 앞 삼거리 어린이보호구역(신안초교)(흥화아파트→프라자아파트)
37.393592	127.532809	30	F	3	이여로	성실교회입구<노인보호구역>(이포대교→이포초등학교)
37.393609	126.914181	30	F	3	장내로	성원유치원 앞 삼거리 어린이보호구역(신안초교)(프라자아파트→흥화아파트)
37.393837	126.980895	30	F	3	동편로	벌말초교 정문 앞 어린이보호구역(삼성래미안아파트→꿈열매유치원)
37.393870	126.980074	30	F	3	학의로408번길	벌말초교 정문 건너편 어린이보호구역(꿈열매유치원→삼성래미안아파트)
37.394114	126.980290	30	F	3	학의로408번길	벌말초교 정문 앞 어린이보호구역(삼성래미안아파트→꿈열매유치원)
37.394400	128.600015	30	F	1	가리왕산로	벽탄초등학교
37.394560	126.947789	30	F	3	달안로	부흥초교 정문 맞은편 어린이보호구역(부흥고교→부림중학교)
37.394581	126.940697	60	F	2	경수대로	비산힐스테이트아파트 102동 앞(서울→의왕)
37.394597	126.940288	60	F	2	경수대로	비산힐스테이트아파트 102동 앞(서울→의왕)
37.394609	126.663627	80	E	3	아암대로	송도고속화도로 구간 종점 3차로 (고잔TG → 송도IC)
37.394760	126.946509	30	F	3	덕천로	부흥초교 정문 맞은편 어린이보호구역(부흥고교→부림중학교)(부흥초)
37.395678	127.047515	100	S	2	수도권제1순환고속도로	수도권제1순환고속도로 123.3km 시점 3,4차로
37.395709	127.047503	100	S	2	수도권제1순환고속도로	수도권제1순환고속도로 123.3km 시점 1,2차로
37.395746	126.929042	30	F	3	태평로	덕천어린이공원 앞 (안양역 → 명학역)
37.396454	126.938950	60	F	2	만안로	안양중앙초교 건너편 (부흥고교 → 비산사거리)
37.396582	126.938874	60	F	2	경수대로	안양중앙초교 건너편(부흥고교→대림대학교)
37.396670	126.976915	50	F	3	학의로	벌말오거리(한국전력공사→평촌역)
37.396712	126.976821	50	F	2	학의로	벌말오거리 (포일교사거리 → 평촌역사거리)
37.397250	127.432487	50	F	3	광여로	렉스필드CC 입구(상품중학교→곤지암IC )
37.397272	127.432470	50	F	3	광여로	렉스필드CC 입구(곤지암IC→상품중학교)
37.397329	126.644491	30	F	1	아트센터대로	신정초등학교 앞
37.397410	127.432907	50	F	3	광여로	렉스필드CC입구(상품중학교→곤지암IC)
37.397579	126.659319	80	S	3	아암대로	송도고속화도로 구간 시점 3,4차로 (송도IC → 고잔TG)
37.397589	126.641528	30	F	1	해돋이로	송도자이하버뷰 2단지 아파트 앞
37.397649	127.276938	30	F	2	경춘대로1422번길	동성1차아파트 105동 앞 어린이보호구역(쌍령초교)(쌍령초교->서울물류)
37.398189	129.212868	30	F	1	삼척로	맹방초등학교
37.398637	126.643797	30	F	1	아트센터대로	송도더샵16단지그린워크1차아파트 앞
37.399030	126.959433	30	F	3	귀인로	부림초교 정문 어린이보호구역(부림초삼거리→부안초교)(부림초)
37.399347	126.960185	30	F	3	달안로	부림초교 정문 어린이보호구역(부림초삼거리→부안초교)
37.399570	126.645519	30	F	1	아트센터대로	채드윅송도국제학교 앞
37.399910	126.639141	30	F	1	해돋이로	연송초등학교 앞
37.400019	127.082788	100	E	2	수도권제1순환고속도로	수도권제1순환고속도로로 126.8km 종점 3,4차로
37.400042	127.082755	100	E	2	수도권제1순환고속도로	수도권제1순환고속도로 126.8km 종점 1,2차로
37.400170	126.718413	50	F	3	청능대로	논현꿈에그린아파트 611동 앞 (청능로4 → 호구포길4)
37.400458	127.291777	70	E	3	포은대로	광주홈런셀프주유소 건너편(광주시청→죽전역)
37.400823	127.247233	70	F	1	경춘대로	역동주유소 앞(성남시청→곤지암읍)
37.400898	127.442870	50	F	3	상품로	금사농협산북지점 앞(상품2리마을회관→상품초교)
37.400901	127.442707	50	F	3	상품로	금사농협산북지점 앞(상품2리마을회관→상품초교)
37.401177	126.793303	60	F	3	마유로	하중교차로 앞(은행동→정왕동)
37.401420	126.950710	30	F	3	덕천로	양지초교 앞 어린이보호구역(효성아파트→양지초교정문)(양지초)
37.401879	126.653520	60	F	3	아암대로	송도IC부근 (송도3교 → 송도2교)
37.402985	126.896284	50	S	3	박달우회로	박달1교 시점(대림한숲타운아파트→안양대교)
37.403029	126.896271	50	F	2	박달우회로	박달1교 종점(안양대교→대림한숲타운아파트)
37.403142	126.896298	50	E	3	박달우회로	박달1교 종점(안양대교→대림한숲타운아파트)
37.403188	127.008785	40	F	1	청계로	청계자유발도로프학교 앞(청계사→백운호수)
37.403192	127.546000	60	F	3	여양1로	천서사거리(이포대교→송촌초등학교)
37.403200	126.883390	50	F	3	관악대로	호현삼거리 전 400m지점(시흥→안양역)
37.403304	126.883547	50	F	3	박달로	호현삼거리 전 400m지점(시흥→안양역)
37.404358	126.880201	100	F	3	서해안고속도로	(목감IC → 일직JC)
37.405071	126.688995	50	F	1	청능대로	번영로제2사거리 (사리골4→연수4)
37.405757	126.969147	30	F	2	일동로	관악초교 앞 (동편마을사거리 → 관양고교) <어린이보호구역>
37.405777	126.969086	30	F	3	일동로	관악초교 앞 어린이보호구역(동편마을사거리→관양고교)
37.405804	127.503461	30	F	3	금품1로	이포초등학교 하호분교장 건너편 어린이보호구역(상호리→금사리)
37.405806	127.503359	30	F	3	금품1로	이포초등학교 하호분교장 앞 어린이보호구역(금사리→상호리)
37.405818	127.503473	30	F	3	금품1로	이포초등학교 하호분교장 건너편 어린이보호구역(상호리→금사리)
37.405935	126.958233	30	F	2	충훈로	관양초교 앞(관양고교→관양사거리)
37.406283	126.958274	30	F	3	관평로	관양초교 앞(관양고교→관양사거리)
37.406865	126.907646	50	F	1	박달우회로	박달1교 종점 (대림한숲타운아파트→안양대교)
37.406987	126.907659	50	E	3	박달우회로	박달1교 종점(대림한숲타운아파트→안양대교)
37.407061	126.711799	50	F	3	호구포로	논현휴먼시아1단지 앞 (논현1지구4 → 호구포육교4)
37.407089	126.907602	50	S	3	박달우회로	박달1교 시점(안양대교→대림한숲타운아파트)
37.407200	126.615900	100	E	3	인천대교고속도로	종점 3차로 (인천대교TG → 연수JC)
37.407247	127.103800	100	S	2	수도권제1순환고속도로	수도권제1순환고속도로 0.9km 시점 3,4차로(청계TG→성남TG)
37.407300	126.615900	100	F	3	인천대교고속도로	시점 3차로 (연수JC → 인천대교TG)
37.407405	126.682831	60	F	3	경원대로	경원고가교 (동춘역4 → 원인재역3)
37.407414	127.264581	50	F	3	청석로	청석공원(상령교→쌍령교앞교차로)
37.407525	126.682670	60	F	3	경원대로	경원고가교 (원인재역3 → 동춘역4)
37.408131	128.149190	50	F	1	서동로	안흥성당 앞
37.408157	126.659927	60	F	3	미추홀대로	동춘터널 출구 (청학공고4 → 송도2교4)
37.408574	126.660698	60	F	3	미추홀대로	봉재산 물놀이장 앞 (컨벤시아교 → 동춘터널)
37.408736	127.255412	30	F	1	경안로	금호리첸시아아파트 앞 어린이보호구역(광주초교)(광주종합터미널->경안그린공원)
37.409267	127.143716	50	F	3	돌마로	성은학교 앞 어린이보호구역(상탑사거리→도촌사거리)
37.409290	126.413500	50	F	3	무의대로	무의대교 (잠진도 → 무의도)
37.409855	127.236334	30	F	3	회안대로	벌원초교 앞 어린이보호구역(광주장지동벽산블루밍1단지→경남아너스빌2단지)
37.409934	127.118441	80	F	2	분당-수서간고속화도로	탄천운동장 앞 분당-수서간고속화도로(탄천IC->분당구청)
37.410155	126.616225	30	F	1	아카데미로	인천송담초등학교 앞
37.410212	127.202758	50	F	3	순암로	삼지곡길 삼거리(광주 → 성남)
37.410346	127.118631	80	F	2	분당수서간도시고속화도로	탄천운동장 앞) 1,2차로(분당구청→탄천IC)
37.410460	127.250513	30	F	3	문화로85번길	경안대우아파트 앞 어린이보호구역(경안초교)(경안초교→광주시립중앙도서관)
37.410716	127.569269	30	F	1	국지도70	송촌초교 건너편 어린이보호구역(이포대교→곡수초교)
37.410736	127.569234	30	F	3	여양1로	송촌초교 건너편 어린이보호구역(이포대교→곡수초교)
37.410824	127.569233	30	F	3	국지도70	송촌초교 앞 어린이보호구역(곡수초교→이포대교)
37.411230	129.106220	50	F	1	강원남부로	미로중학교 앞
37.411327	126.904560	30	F	3	양화로217번길	화창초교 정문 앞 어린이보호구역(석수도서관→충훈터널사거리)
37.412119	126.725448	50	F	3	논고개로	도림주유소 부근 (논현4 → 도림4)
37.412325	126.905595	30	F	3	박달우회로	화창초교 정문 앞 어린이보호구역(석수도서관→충훈터널사거리)
37.412558	128.856359	50	F	1	벡두대간로	문래보건소 50m후방
37.412600	128.856430	50	F	1	백두대간로	문래보건소 50m전방
37.413370	126.760302	60	F	3	서해안로	방산교차로 3,4차로(방산대교→신천IC)
37.413724	126.675286	50	F	3	청능대로	먼우금4 (청학중학교 → 연수구청4)
37.413795	127.086075	110	F	2	경부고속도로	경부고속도로 409.1km
37.414001	126.760580	60	F	3	서해안로	방산교차로 3,4차로(신천IC→방산대교)
37.414870	127.196746	70	F	3	경충대로	SK주유소 앞(성남→광주)
37.415210	126.908885	30	F	3	석천로197번길	한림유치원 어린이보호구역(석수동현대APT→석수2행복센터)
37.415272	126.908775	30	F	2	병목안로182번길	한림유치원 어린이보호구역(석수동현대APT→석수2행복센터)
37.415285	126.756930	60	S	3	비류대로	구간 시점 3차로 (시흥 → 도림4)
37.415285	126.756930	60	E	3	비류대로	구간 종점 3차로 (도림4 → 시흥)
37.415330	126.807914	30	F	3	매화1로	매화초교 앞 어린이보호구역(매화초교정문→매화우회로)
37.415389	126.808283	30	F	3	매화1로	매화초교 앞 어린이보호구역(매화우회로→매화초교정문)
37.416165	126.808541	30	F	3	매화우회로	시흥매화초교 앞 어린이보호구역(매화초교후문→매화초교정문)
37.416231	128.204325	50	F	1	서동로	안흥→방림)
37.416307	126.677225	50	F	3	먼우금로	연수고가차도 (먼우금4 → 문남초교)
37.416341	126.677113	50	F	3	먼우금로	연수고가차도 (문남초교 → 먼우금4)
37.416431	127.963730	60	F	1	외곽순환대로	(흥양R→선녀골3)
37.416821	126.917808	30	F	2	예술공원로	증초사교 사거리 (관악수목원 → 예술공원사거리)
37.417120	126.906277	50	F	3	병목안로	송림아파트 건너편(석수역 → 만안구청)
37.417251	126.685982	30	F	1	새말로	중앙초등학교 앞
37.417304	126.684095	30	F	1	새말로	문화공원 앞
37.417670	129.113350	40	F	1	미로강변로1길	미로초등학교
37.418071	128.666105	50	F	1	서동로	덕송삼거리
37.418748	127.300752	110	E	1	제2중부고속도로	제2중부고속도로 347.4K 종점 1,2차로(이천→하남)
37.418796	127.610186	30	F	3	여양1로	곡수초교 사거리 어린이보호구역(계림리→옥현리)
37.418865	126.413135	50	F	3	무의대로	무의대교 (무의도 → 잠진도)
37.419663	127.153203	60	F	3	희망로	꽃마을앞(대원터널→야탑)
37.420240	128.164989	40	F	1	서동로	안흥초등학교
37.420596	126.646538	50	F	3	능허대로	옥련성당 앞 (송도로터리 → 능허대공원)
37.420762	128.855763	60	F	1	백두대간로	문래2리마을회관 앞
37.420821	127.154467	90	S	3	국도3	시점 3차로(성남→이천)
37.420823	126.637850	40	F	3	아암대로	아암1교 앞 (송도3교4 → 옹암교차로)
37.420838	127.154496	90	S	3	국도3	시점 2차로(성남→이천)
37.420856	127.154578	90	S	3	국도3	시점 1차로(성남→이천)
37.420917	126.734656	60	S	3	비류대로	구간 시점 3차로 (도림4 → 시흥)
37.420991	126.996068	60	F	1	과천대로	과천대로(의왕→서울)
37.421038	126.734666	60	E	3	비류대로	구간 종점 3차로 (시흥 → 도림4)
37.421088	126.667564	60	F	3	미추홀대로	서해아파트 앞 3,4차로 (청학4 → 청능교차로)
37.421157	126.995415	60	F	3	과천대로	래미안 슈르 315동 앞(과천시장애인복지관→안양)
37.421232	126.667602	60	F	3	미추홀대로	서해아파트 앞 1,2차로 (청학4 → 청능교차로)
37.421301	126.995539	60	F	2	과천대로	과천대로(서울→의왕)
37.421399	126.731513	60	F	3	비류대로	도림4 (도림고가교 → 큰방죽4)
37.421439	127.124448	70	F	1	여수대로	SK셀프주유소 앞(탄천고가교->여수지하차도)
37.421603	126.681731	30	F	3	먼우금로	문남초교 건너편 (연수고가차도 → 함박뫼4)
37.422170	126.719347	50	F	3	비류대로	농산물도매시장 1GATE 앞 (도림4 → 큰방죽4)
37.422243	127.155284	70	F	3	경충대로	E1가스충전소 앞(성남IC→광주)
37.422259	126.694902	50	F	1	비류대로	인천연수초등학교 앞
37.422292	127.123567	100	E	2	수도권제1순환고속도로	수도권제1순환고속도로 3.7km 종점 1,2차로(청계TG→성남TG)
37.422434	126.709235	50	F	3	비류대로	남동산단입구4 (큰방죽4 → 선학역4)
37.422957	127.174976	70	F	3	경충대로	갈현동 버스정류장 앞(광주 → 갈현IC)
37.424143	126.700697	30	F	1	선학로	선학초등학교 앞
37.424342	126.678865	50	F	3	비류대로	함박초교 앞 (청학4 → 수리봉4)
37.424344	127.308787	50	F	3	산수로	광영스틸도어(지월공단→퇴촌면)
37.424348	126.771555	60	F	3	서해안로	바우네농원 앞 3,4차로(월곶→시흥IC)
37.424427	126.994820	30	F	3	별양로	문원초교 후문 앞 어린이보호구역(문원중학교→별양동주민센터)
37.425174	127.476562	60	F	3	국지도98	대석2리 입구(세월초교↔산북면행정복지센터)양방향
37.425544	126.717416	50	F	3	호구포로	농산물도매시장 3GATE 앞 (선수촌4→ 큰방죽4)
37.425786	127.145223	70	F	2	성남이천로	여수터널 전 300m지점(광주->성남시청)
37.425840	126.913852	50	F	3	삼막로	(호암터널→삼막삼거리)
37.425953	126.636563	60	F	3	아암대로	옹암지하차도 앞 (송도3교4 → 정비단지입구3)
37.425995	127.094400	80	F	2	분당내곡간도시고속화도로	(내곡IC->동판교IC)
37.426763	128.391502	30	F	1	서동로	방림초등학교
37.427553	127.001989	30	F	3	아랫배랭이로	예지유치원 앞 어린이보호구역(장애인복지관→문원동주민센터)
37.427568	127.143427	70	F	3	경충대로	여수사거리 전 400m 지점(광주시청→성남IC)
37.427594	127.305924	50	F	3	경안천로	무갑배수펌프장 앞(경안천교→서하교)
37.428347	126.763850	50	F	3	서창방산로	(신천IC3 → 장아초교)
37.428352	127.252014	50	F	1	행정타운로	광주시청 입구(회덕동->문화스포츠센터)
37.429071	127.000946	60	F	3	과천대로	과천자이아파트 625동 앞 4,5차로(국립과천과학관→과천IC)
37.429500	127.144474	30	F	3	원터로	검단초교 앞 어린이보호구역(성남중학교→둔촌대로)
37.430388	127.002238	60	F	1	과천대로	상아벌지하차도 전 450m 지점 (의왕 → 서울) 4, 5차로
37.430414	127.002104	60	F	1	과천대로	상아벌지하차도 전 450m 지점 (의왕 → 서울) 1, 2차로
37.430675	126.846896	50	F	1	광명로	에쓰-오일대북주유소 100m전 지점(시흥->광명IC)
37.430883	128.663385	30	F	1	송석길	남평초등학교
37.431050	127.307961	50	F	1	해공로	서하리 마을회관 입구(무갑리->광주IC)
37.431522	127.202909	50	F	2	이배재로	이배재터널 지나 300m지점(성남→광주)
37.431595	127.136047	50	F	1	제일로	(성남동 3760) 성남종합운동장 건너편
37.431899	126.773878	60	F	3	서해안로	시흥화훼도매단지 앞(시흥IC→월곶)
37.431932	127.308046	50	F	2	해공로	서하리 마을회관 입구(광주IC->무갑리)
37.432119	126.914857	50	F	3	호암로	삼막지하차도진입전 (호암2터널 → 삼막사거리)3,4차로>
37.432133	126.914891	50	F	3	호암로	삼막지하차도진입전 (호암2터널 → 삼막사거리)1,2차로>
37.432274	126.672753	60	F	3	미추홀대로	문학터널 입구 (청학4 → 문학터널)
37.432377	126.751185	100	F	3	제2경인고속도로	(서창JC → 남인천TG)
37.432449	126.672231	60	F	3	미추홀대로	문학터널 입구 (문학터널 → 청학4)
37.432590	126.751882	100	F	3	제2경인고속도로	(남인천TG → 서창JC)
37.432669	127.160331	60	F	2	희망로	대원사거리 앞(갈원IC->단대오거리역)
37.433277	127.159585	60	F	3	둔촌대로	대원사거리(중원청소년수련관→상대원119안전센터)
37.433455	127.160314	60	F	3	둔촌대로	대원사거리(상대원119안전센터→중원청소년수련관)
37.433588	126.914193	50	F	2	관악대로	삼막지하차도진입전 3,4차로(호암2터널 → 삼막사거리)
37.433680	126.732135	40	F	3	소래로	남동체육관 앞 (담방마을4 → 도림방죽3)
37.434114	129.152970	100	F	2	동해고속도로	고속도로6.6km
37.434213	126.634208	60	F	3	아암대로	옹암지하차도 앞 (정비단지입구3 → 송도3교4)
37.434238	127.128627	60	F	3	성남대로	모란역 9번 출구 앞(태평역→성남시청)
37.434279	127.132886	60	F	3	산성대로	모란고가교 지나 200m(탄천IC→수진역)<3,4차로>
37.434404	127.143085	20	F	3	원터로	동광중학교 정문 앞 어린이보호구역(성남중앙초교)(수진역→성남중학교)
37.435111	128.420940	60	F	1	서동로	방림교차로50m 전방
37.435462	127.315983	30	F	2	산수로	푸른숲발도르프학교 입구 어린이보호구역(초월읍->퇴촌면사무소)
37.436399	126.993171	30	F	3	관악산길	온온사입구 어린이보호구역(과천초교)(과천성당→과천중학교)
37.436955	127.493988	30	F	3	세월길	세월초교 앞 삼거리 어린이보호구역(세월초교→양평군청)
37.437624	126.411452	30	F	3	마시란로	바다어린이집 건너편 (용유동 주민자치센터→미꼴정크아트캠핑장)
37.437692	127.166914	30	F	3	사기막골로31번길	중원초교 앞 어린이보호구역(상대원3동행정복지센터→파리크라상공장)
37.437783	127.159545	40	F	3	금상로	상대원교회 앞(금상초교→상대원시장앞)
37.437816	126.411250	30	F	3	마시란로	바다어린이집 앞 (미꼴정크아트캠핑장→용유동 주민자치센터)
37.437980	128.024670	60	F	1	치악로	치악골가든앞
37.438444	127.279826	50	F	1	해공로	하번천리경로당 앞(무갑리->광주IC)
37.438506	126.693297	50	F	3	매소홀로	문학경기장 앞 (문학초교 → 교통공원4)
37.438792	127.279600	50	F	2	해공로	하번천리경로당 앞(광주IC->무갑리)
37.438816	127.121938	80	F	3	분당-수서간고속화도로	분당-수서간고속화도로(복정역→탄천IC)
37.438816	127.122205	80	F	3	분당-수서간고속화도로	분당-수서간고속화도로(탄천IC→복정역)
37.438986	127.164579	30	F	3	금상로58번길	대일초교 앞 어린이보호구역(금상로→중원초교)
37.439529	126.434867	80	F	3	공항연결로	(제1여객터미널 → 제2여객터미널)
37.439659	126.999336	60	F	3	과천대로	어린이교통공원 앞(관문사거리→안양방향)
37.439678	126.649524	50	F	3	독배로	OCI부근 (옥골4 → 교통방송4)
37.439683	126.434744	80	F	3	공항연결로	(제2여객터미널 → 제1여객터미널)
37.439752	126.774114	60	F	2	서해안로	신천고가차도 지나 200m지점(시흥IC→월곶동)
37.439895	126.670901	50	F	3	매소홀로	백학초교 건너편 (문학지하차도 → 학산4)
37.439962	126.792954	30	S	1	대은로	시점 금모래초교 어린이보호구역(119안전센터삼거리->은계중학교)
37.440956	128.037970	60	F	1	치악로	이리실삼거리 (장작터삼거리→교향삼거리)
37.441101	128.086240	80	E	1	영동고속도로	고속도로144.8km
37.441344	127.171065	30	F	3	금상로	성남시중원구보건소 건너편 노인보호구역(금상초교→공단오거리)
37.441750	126.840785	60	F	2	범안로	SK광명제일주유소 맞은편(광명우체국→부천)
37.441789	126.907755	30	F	1	시흥대로	금산초교 앞
37.441916	127.284317	110	E	1	중부고속도로	중부고속도로 350.5km 종점 1,2차로(호법→하남)
37.441973	126.620046	60	F	3	서해대로	(수도권제2순환고속도로 → 남향교차로)
37.442009	127.169225	30	F	1	금상로	황송노인종합복지관 노인보호구역(중원구보건소→금상초교)
37.442139	126.895015	50	F	3	하안로	소하지하차도 앞(광명테크노파크→성채IC)
37.442755	126.845540	30	F	3	아방리2길	온신초교 후문 어린이보호구역(밤일로사거리→능촌지하차도)
37.442760	126.845606	30	F	3	아방리2길	온신초교 후문 어린이보호구역(능촌지하차도→밤일로사거리)
37.442944	126.827256	50	F	3	범안로	계수터널 지나 300m지점 (부천시청→광명)
37.443306	126.743122	80	F	3	무네미로	만수현대아파트 부근 (장수고가교 → 서창JC)
37.443352	127.171500	30	F	1	금빛로2번길	오리엔트바이오 앞 노인보호구역(황송공원→중원경찰서)
37.443615	126.795655	30	E	1	대은로	종점 금모래초교 어린이보호구역(119안전센터삼거리->은계중학교)
37.444499	126.635828	80	F	3	제2경인고속도로	(학익JC → 능해IC)
37.444760	129.175250	30	F	1	정살로3길	정라초등학교
37.445065	127.309484	50	F	3	지방도325	정지2리 입구(초월읍→퇴촌면사무소)
37.445180	126.682128	30	F	3	주승로	한울타리어린이집 건너편 (관교여중 → 학익여고)
37.445977	126.411880	30	F	3	용유로	용유초교 부근 (오성터널 → 용유초교)
37.446133	126.790652	30	F	1	복지로	중앙산부인과 앞 어린이보호구역(대야초교)(시흥대야역->신천역)
37.446546	127.267673	30	F	3	해공로	번천초등학교 앞 어린이보호구역 (경기광주TG앞교차로→하번천리)
37.446652	127.267543	30	F	3	해공로	상번천초등학교 앞 어린이보호구역(하번천리->경인TG앞교차로)
37.447568	126.905684	30	F	1	시흥대로	백산초교 앞
37.447593	126.905283	30	F	1	시흥대로	백산초교 건너편
37.447791	126.733799	50	F	3	소래로	만수초교정문앞 (담방마을4 → 남동구청4)
37.448006	127.170076	30	F	3	황송로77번길	신구대학교 평생교육원2관 앞(숭신여자고등학교→하원초등학교)
37.448094	127.173834	30	F	3	황송로	금광삼거리(성남래미안금광아파트→대원중학교)
37.448318	126.736740	50	F	3	인주대로	남동구청역 앞 (독곡4 → 남동구청4)
37.448397	127.129621	30	F	3	태평로	성남서초교 앞 어린이보호구역(수정구청→가천대역)
37.448438	126.728713	50	F	3	인주대로	태웅빌딩 앞 (작은구월4 → 남동구청4)
37.448726	127.162221	30	F	3	산성대로420번길	성남동초교 후문 앞 어린이보호구역(성남동중학교→산성대로)
37.449065	126.819521	50	F	1	범안로	안골마을 입구(광명->부천)
37.449341	126.454575	30	F	3	공항로	공항제1터미널 1GATE앞 (동편주차장 → 서편주차장)
37.449838	126.914822	30	F	1	금하로	시흥2동주민센터 건너편
37.450018	126.916358	30	F	1	금하로	동일여고 앞
37.450803	127.148690	30	F	3	수정로306번길	신흥2동행정복지센터 앞 어린이보호구역(성남북초교)(희망대공원→포레스티아)
37.450953	127.125582	80	F	1	분당-수서간도시고속화도로	가천대역환승정류장 뒤(탄천IC→서울)
37.451147	126.901049	30	F	1	시흥대로	홈플러스스페셜 건너편
37.451289	127.010337	80	F	1	우면산로	(과천-봉담간고속화도로)
37.451416	126.676985	50	F	3	인주대로	국민건강보험공단 앞 (용일4 → 신기4)
37.451458	129.169341	50	F	1	봉황로	현대아파트 150M 전
37.451582	127.150301	30	F	3	희망로	성남북초교 앞 어린이보호구역(단대오거리→산성동삼거리)
37.451811	127.305994	50	F	3	지방도325	정지1리 입구(퇴촌면사무소→초월읍)
37.451987	126.914017	30	F	2	탑골로	탑동초교입구
37.452021	127.157821	30	F	3	단대로15번길	코오롱하늘채아파트 앞 어린이보호구역(단대초교)(단대초교→단대푸르지오)
37.452551	127.173414	50	F	3	순환로	(서울→광주)
37.452761	126.647775	50	F	3	독배로	용현119안전센터 건너편 (용현4 → 인하대역)
37.452787	126.628985	30	F	3	매소홀로	낙섬교앞 (낙섬사거리→신용보증기금사거리)
37.452791	126.654727	50	F	3	인천대로	(인천IC → 도화IC)
37.452919	127.162661	30	F	3	자혜로17번길	선경유치원 앞 어린이보호구역(삼익금광1차아파트→상원초교)
37.453048	127.156526	30	F	3	단대로	단대초교 후문 어린이보호구역(단대공원→남한산성입구역)
37.453834	126.748084	70	F	3	무네미로	인천대공원 앞(장수4 → 장수IC)
37.454170	126.659512	50	F	2	인천대로	(도화IC → 인천IC)
37.454324	128.673023	30	F	1	서동로	북평초등학교
37.455897	127.016892	30	F	1	양재대로	서초유치원 건너편
37.455919	126.418352	80	F	3	공항연결로	(제1여객터미널 → 제2여객터미널)
37.456359	129.118246	60	F	1	강원남부로	하늘정원 장례식장 앞(태백→동해)
37.456616	129.117533	60	F	1	강원남부로	하늘정원 장례식장 앞(동봉동 315, 동해→태백)
37.456802	126.708049	50	F	3	구월로	석천초교 앞 (시청역4 → 정각4)
37.457298	127.533011	60	F	3	개군로	예비군훈련장 입구(양평군청→여주시청)
37.457340	127.022465	30	F	1	양재대로	LH서초아파트 301동 건너편
37.457872	126.887931	30	F	2	한내로	안천초교 건너편
37.458489	126.677921	50	F	3	경인로	농협은행 건너편 (주안4 → 옛시민회관4)
37.458990	126.873880	60	F	2	범안로	(하안동 301-5) 단독필지사거리 지나 100m지점
37.459474	128.630251	60	F	1	오대천로	정선↔평창)
37.459670	126.987823	50	F	1	과천대로	남태령고개
37.460170	126.638199	60	F	3	아암대로	숭의역 앞 (인하대병원4 → 숭의역)
37.460442	126.907484	30	F	2	독산로	한빛무궁화아파트 건너편:스쿨존(신흥초)(시흥동, 여민교회→신흥초교)
37.460500	126.520300	100	S	3	인천대교고속도로	시점 3차로 (인천대교TG → 연수JC)
37.460500	126.520300	100	F	3	인천대교고속도로	시점 1, 2차로 (인천대교TG → 연수JC)
37.460500	126.520400	100	F	3	인천대교고속도로	종점 3차로 (연수JC → 인천대교TG)
37.460571	128.061433	30	F	1	수남로	우천초등학교
37.460690	127.103900	30	F	1	헌릉로	서울요양원 건너편:실버존(세곡동, 데시앙파크5단지→대왕공원)
37.460741	127.172659	50	F	1	순환로	산성지하차도 전 300m 지점(은행중학교→산성역)
37.461226	126.632062	80	E	3	제2순환고속도로	(남청라IC → 남항교차로)
37.461607	127.050271	30	F	2	염곡말길	치매안심센터 앞
37.461795	127.052312	30	F	2	염곡말길	현대양재어린이집 건너편
37.462046	126.932075	30	F	1	호암로	신우초교 앞
37.462112	126.632508	80	S	3	제2순환고속도로	(남항교차로 → 남청라IC)
37.462130	128.847500	50	F	1	백두대간로	하장→임계
37.462156	127.125779	60	F	2	성남대로	동서울대학교 앞(서울->성남시청)
37.462580	128.846900	50	F	1	백두대간로	임계→하장
37.462738	127.027066	30	F	1	태봉로	서초네이처힐아파트 314동 앞
37.462880	127.155600	30	F	3	남한산성로	남한산성로 입구(산성터널→산성역)
37.463018	127.125326	100	F	3	수도권제1순환고속도로	(송파IC→성남TG)
37.463040	126.751850	60	F	3	무네미로	수현3 (구산4 → 장수4)
37.463081	127.141203	50	F	3	헌릉로	창곡교차로 앞(산성역→남위례역)
37.463128	126.808997	60	F	1	서해안로	계수교 앞 (시흥IC → 서울)
37.463207	127.160895	50	F	2	수정로	양지터널 지나 200m지점(은행중학교→산성역)
37.463230	127.161214	50	F	1	수정로	양지터널 전 200m지점(산성역→은행중학교)
37.463259	126.808548	60	F	2	서해안로	일루미스테이트4단지 416동 앞(서울→시흥IC)
37.463300	126.809044	60	F	3	서해안로	계수교 앞 (시흥IC → 서울)
37.463330	126.926864	30	F	1	광신길	신림주공2단지아파트 앞
37.463370	127.021952	30	F	2	형촌길	서초네이처힐2단지아파트 앞
37.463542	127.252048	50	F	2	회안대로	광지원초교 앞 어린이보호구역(광주IC->하남경찰서)
37.463563	127.021760	30	F	2	형촌길	서초네이처힐아파트201동 건너편
37.463795	127.021237	30	F	2	형촌2길	네이처힐가든 앞
37.463798	126.636499	30	F	3	제물량로	신광초교 부근 (숭의역 → 신광4)
37.464033	126.708371	50	F	3	남동대로	스카이타운 앞 (석천4 → 간석5)
37.464181	126.825118	30	F	3	양지로	옥길버들초교 정문 건너편 어린이보호구역(옥길한신더휴→옥길중학교)
37.464250	126.487715	80	F	3	공항대로	(공항신도시JC → 신불IC)
37.464279	127.942710	100	F	1	중앙고속도로	고속도로329.7km 제천방향
37.464303	128.154981	40	F	1	덕성로	안흥초등학교 덕천분교
37.464331	127.018259	60	E	2	우면산로	우면산터널 출구
37.464816	126.635689	30	F	3	제물량로	신광초교 부근 (신흥4 → 능안3)
37.464849	126.926755	30	F	1	광신길	광신고교 건너편
37.465019	127.973778	30	F	1	횡성로	성남초등학교
37.465025	127.095719	60	F	1	헌릉로	세곡푸르지오@ 건너편
37.465116	126.664612	50	F	3	경인로	현대도화충전소 앞 (수봉공원입구3 → 도화초교4)
37.465327	126.635737	30	F	3	제물량로	신광초교 부근 (신광4 → 신흥4)
37.465482	126.886345	60	F	1	서부간선도로	동원홈푸드 DSCK센터 앞
37.465550	129.162210	30	F	1	새천년도로	중앙초등학교
37.465900	126.404900	80	F	3	공항내부연결도로	(항공단지지하차도(북) → 항공단지지하차도(남))
37.465980	126.988833	30	F	2	전원말2길	남태령어린이집 건너편
37.466059	126.927014	30	F	2	광신길	광신고교 앞:스쿨존(신림동, 원신초교→호암로)
37.466393	126.885590	80	E	2	서부간선지하도로	금천IC 방향
37.466404	126.885803	80	S	1	서부간선지하도로	성산대교 방향
37.466593	126.927040	30	F	2	난곡로	원신초교 건너편
37.466650	126.891953	50	F	2	범안로	두산초교 앞(독산동, 말미사거리→금천교교차로)
37.467090	127.097590	30	F	2	헌릉로	은곡유치원 건너편
37.467240	126.851983	30	F	3	도덕로28번안길	광문초교 후문 앞 어린이보호구역(광명스피돔→관문중학교)
37.467282	126.644580	50	F	3	참외전로	인천축구전용경기장 앞 (유동3 → 숭의시장4)
37.467377	126.891467	30	F	2	범안로	두산초교 앞
37.467692	126.807961	30	F	3	은성로	복사초교 앞 어린이보호구역(시온고교→범박고교)
37.467838	126.817570	30	F	3	양치로166번길	옥길유치원 앞 단일로 어린이보호구역(부천소사경찰서→범박고교)
37.467951	126.801458	30	F	3	부일로	동성아파트 앞 어린이보호구역(동곡초교)(역곡역→온수역)
37.468018	126.674050	50	F	3	인천대로	(도화IC → 가좌IC)
37.468065	128.720232	60	F	1	서동로	꽃벼루교차로전 200
37.468065	126.813440	30	F	3	양지로166번길	글로벌샤인유치원 앞 어린이보호구역(범박초교)(범박초교→옥길유치원)
37.468103	126.798566	30	F	3	소사로102번길	소사청구아파트 101동 앞 어린이보호구역(복사초교)(소사중학교→
37.468110	126.798926	30	F	1	소사로102번길	소사청구아파트 101동 앞 어린이보호구역(복사초교)(소사중학교→한울빛도서관)
37.468390	126.939470	20	F	2	대학7길	관악아파트 건너편
37.468569	126.813334	50	F	3	서해안로	범박2교 지나 100m지점(오류동역->시흥IC)
37.468792	127.306850	50	F	3	산수로	천지타운 앞(퇴촌면행정복지센터→퇴촌남종통합보건지소)
37.468819	126.941688	30	F	1	신림로	서초그린아파트 103동 앞
37.469045	128.123294	80	S	1	영동고속도로	고속도로151.5km
37.469359	128.742966	60	F	1	서동로	임계→정선)
37.469500	127.091732	30	F	2	자곡로	세명초교 앞
37.469596	126.628962	30	F	3	제물량로	신흥초교 앞 (신흥4 → 답동4)
37.470140	126.906691	30	F	1	독산로	정심초교 입구
37.470349	127.667065	50	F	1	금의길	지평에코빌리지 입구(양동면→월산저수지)
37.470385	126.648934	50	F	1	새천년로	박문로터리
37.470410	129.115710	40	F	1	강원남부로	벽오마을회관 앞
37.470445	126.917577	30	F	1	난곡로	굴참마을주민쉼터 앞
37.470764	126.372494	70	S	3	영종해안북로	구간 시점 (왕산해수욕장 → 용유IC)
37.470764	126.372494	70	E	3	영종해안북로	구간 종점 (용유IC → 왕산해수욕장)
37.470820	129.140145	60	F	1	동해대로	동해대로 대구마을 입구 (동해 →삼척)
37.470853	127.089738	30	F	2	자곡로	강남힐스테이트아파트 앞
37.470967	126.810147	30	F	3	범안로129번길	범박초교 앞 어린이보호구역(범박지구대→양지사거리)
37.470980	126.649399	50	F	1	새천년로	박문로터리
37.471212	127.316733	30	F	3	도수길	도수초교 앞 어린이보호구역(도수초교사거리→도수삼거리)
37.471251	128.849407	50	F	1	백두대간로	낙천1리마을회관
37.471326	126.814655	60	F	3	서해안로	범박1교 전 서해안로(시흥IC→오류동역)
37.471354	127.289381	70	F	3	천진암로	아랫도마리(광동교→도마삼거리)
37.471466	127.044039	30	F	2	동산로	언남중학교 앞
37.471616	127.048394	30	F	1	논현로	포이동성당 건너편
37.471644	127.048375	30	F	2	논현로	포이동성당 앞
37.471959	126.937113	30	F	1	신림로	신성초교 앞
37.471981	127.175749	30	F	3	남한산성로	남문매표소 버스정류장(산성터널→산성역)
37.472087	127.049158	30	F	1	논현로	은광빌딩 앞
37.472280	126.700528	50	F	3	열우물로	농협은행 건너편 (십정초교 → 동암역)
37.472483	128.727307	30	F	1	서동로	여량초등학교
37.472501	127.479562	30	F	3	강상로353길	강상초교 입구 어린이보호구역(강상면사무소→신화1리새마을회관)
37.472531	126.513214	70	S	3	하늘대로	구간 그린나래지하차도 시점 3,4차로 (영종IC교차로 → 하늘초교)
37.472561	126.512940	70	E	3	하늘대로	구간 그린나래지하차도 종점 3,4차로 (하늘초교 → 영종IC교차로)
37.472690	126.647402	50	F	1	동산로	동산중학교 앞
37.472945	126.975261	30	F	1	남현길	우림루미아트아파트 앞
37.473037	126.647228	50	F	2	동산로	동산중학교 건너편
37.473340	126.691259	50	F	3	백범로	십정4 (가좌IC → 석정중학교)
37.473618	127.043551	30	F	2	동산로	언남고교 앞
37.473621	126.625266	30	F	3	홍예문로	인성초교 앞 (홍예문 → 제물량로)
37.473624	127.046233	30	F	1	언남16길	버들어린이공원 앞
37.473796	126.638249	30	F	1	송림로	송림초교 후문
37.473804	126.974752	30	F	1	남현6길	사당초교 앞
37.473837	126.636409	30	F	1	화도진로	송림초교정문 건너편
37.473849	126.638694	30	F	2	송림로	송림초교 후문 맞은편
37.474002	127.033208	30	F	2	바우뫼로	양재초교 앞
37.474125	126.648787	50	F	1	새천년로	동산중·고등학교 정류장 앞
37.474366	126.646628	30	F	1	금곡로	서림초교 정문 앞
37.474383	127.135239	50	F	2	탄천동로	위례중앙지하차도 진출부
37.474498	127.135218	50	F	1	탄천동로	위례중앙지하차도 진입전 1,2차로
37.474519	126.648628	50	F	2	새천년로	송림3.5동 행정복지센터 앞
37.474606	126.803204	30	F	3	은성로	창영초교삼거리 어린이보호구역(소사초교→시온고교)
37.474753	126.700078	30	F	3	이규보로	하정초교 건너편 (백운공원 → 열우물로)
37.474831	126.802836	30	F	2	은성로	창영초교삼거리 어린이보호구역(시온고교→소사초교)
37.474852	126.802579	30	F	3	은성로	창영초교삼거리 어린이보호구역(신온고교→소사초교)
37.475090	126.797493	30	F	3	은성로62번길	소사초교 앞 어린이보호구역(소새울역→소사구청)
37.475141	126.797244	30	F	3	은성로	소사초교 정문 앞 어린이보호구역(부천배드민턴전용체육관→시온고교)
37.475160	126.964210	30	F	1	남부순환로	원당어린이공원 건너편
37.475179	126.615824	50	F	3	인중로	우회고가4 (만석3차아파트 → 인천중부경찰서)
37.475195	127.000123	30	F	1	방배로1길	대우로얄빌라트 건너편
37.475416	126.990043	20	F	1	효령로	GS25방배래미안점
37.475532	126.700201	30	F	3	이규보로	하정초교 앞 (열우물로 → 백운공원)
37.475587	126.643597	30	F	1	송림로	송림오거리
37.475598	127.126753	50	F	2	송파대로	송파IC 입구
37.475758	126.951857	30	F	1	관악로	청룡초교 앞
37.475788	126.644412	30	F	2	송림로	송림오거리
37.475903	126.616312	50	F	3	인중로	우회고가4 (인천중부경찰서 → 만석3차아파트)
37.475969	126.961375	30	F	1	낙성대역길	인헌초교 건너편
37.476222	126.633770	30	F	1	화도진로	동인천역북광장 앞
37.476269	126.816468	30	F	3	양지로	양지어린이공원 삼거리(웃고얀근린공원→양지초교)
37.476342	126.917430	30	F	2	난우길	난우초교 건너편
37.476644	127.121099	50	F	1	탄천동로	위례중앙지하차도 진출부
37.476658	127.120799	50	F	2	탄천동로	위례중앙지하차도 진입전 1,2차로
37.477100	126.913670	30	F	1	문성로	라이프아파트 건너편
37.477104	126.896598	30	F	2	시흥대로	덕산아파트 건너편
37.477378	126.985145	20	F	2	방배천로	이수초교 건너편:스쿨존(방배동, 동작대로→청두곶길)
37.477439	126.940932	30	F	1	참숯5길	영그린유치원 건너편
37.477613	126.792635	30	F	3	호현로	부원초교 앞 어린이보호구역(소사역→시흥)
37.477644	126.650854	50	F	1	송림로	송림파인앤유아파트 앞
37.477737	126.872392	30	F	3	철산로	광성초교 앞 어린이보호구역(철산3동우체국→철산3동행정복지센터)
37.477749	126.896092	30	F	1	남부순환로	가산초교 앞
37.477755	126.651632	50	F	3	송림로	부근 (송림5 → 송림3)
37.477770	128.044480	50	F	1	한우로	한옥마을앞
37.477839	126.651152	50	F	2	송림로	송림파인앤유아파트 맞은편
37.477908	126.983897	20	F	2	방배천로4길	이수초교 앞
37.478058	127.184649	30	F	2	남한산성로	남한산초교 앞 어린이보호구역(광주->남한산성행궁)
37.478076	126.772731	30	F	3	마니로	도원초등학교 앞 어린이보호구역(도원초교→부천남중학교)
37.478078	126.772904	30	F	1	마니로	도원초등학교 앞 어린이보호구역(도원초교→부천남중학교)
37.478417	129.130470	60	F	1	대동로	대동로 농업인회관 앞
37.478609	127.129971	30	F	2	충민로	생명나무유치원 앞
37.478660	126.812203	30	F	3	안곡로	부안초교 앞 교차로 어린이보호구역(양지초교→소사역)
37.478681	126.985214	20	F	1	청두곶길	이수초교 앞
37.478719	126.812466	30	F	3	안곡로	부안초교 앞 교차로 어린이보호구역(소사역→양지초교)
37.478820	129.113337	60	F	1	동해대로	동해대로 이도사거리 신성천막 앞(단봉삼거리→효가사거리)
37.478853	126.403318	80	F	3	공항내부연결도로	(IBC-2교 → 항공단지지하차도(북))
37.478951	126.989569	30	F	2	도구로	서원빌라 앞
37.478976	126.424035	70	F	3	제2터미널대로	(제3국제업무단지IC → 제2여객터미널)
37.479012	127.366955	60	F	3	정영로	염치고개(광주→양평)
37.479079	126.645236	30	F	1	샛골로	샛골로 서흥초교 건너편
37.479148	129.113142	60	F	1	동해대로	신성천막 앞
37.479202	127.039858	30	F	2	바우뫼로	텀블랜드어린이집 앞
37.479218	126.683252	50	F	3	백범로	현대오일뱅크주유소 건너편 (가좌IC → 십정4)
37.479272	126.699583	30	F	3	상정로	상정초교 건너편 (백영2차아파트→서희스타힐스부평센트럴)
37.479420	126.645383	30	F	2	샛골로	샛골로 서흥초교 앞
37.479539	127.009105	30	F	2	효령로	신중초교 앞
37.479602	126.769531	30	F	3	성주로	성주초교 앞 어린이보호구역(부천고교→부천남중학교)
37.479611	126.696580	50	F	3	경원대로	상정고등학교 앞 (아트센터입구3 → 열우물4)
37.479759	128.603643	60	F	1	오대천로	정선↔평창)
37.479807	126.636550	30	F	1	송현로	송현동주공1차 정문 건너편
37.479946	126.636830	30	F	2	송현로	송현동주공1차 정문 앞
37.480032	126.763843	30	F	3	성주로	송내동신아파트 1동 앞(부천여자중학교→부천고등학교)
37.480126	126.763829	30	F	3	성주로	송내동신아파트 1동 앞 건너편(부천고등학교→부천여자중학교)
37.480131	128.847629	60	F	1	백두대간로	임계사거리→임계농협)
37.480177	128.847743	60	F	1	백두대간로	임계농협→임계사거리)
37.480219	126.632878	30	F	3	송화로	송현초교 앞(화평4 → 송현초교)
37.480330	126.632892	30	F	2	송화로	송화로 송현초교 앞
37.480604	126.633061	30	F	1	송화로	송현초교 정문 앞
37.480688	127.010517	30	F	1	남부순환로	신중초교 앞
37.480712	126.645931	30	F	2	인중로	황금고개사거리
37.480812	126.982641	30	F	1	방배천로	서초구립서정어린이집 앞
37.480920	126.957011	30	F	2	행운1길	원당초교 앞
37.481037	126.943400	30	F	2	청룡4길	관악초교 앞:스쿨존(봉천동, 쑥고개로11길→꿈꾸는교회)
37.481109	126.815414	30	F	3	안곡로	양지초교 정문 건너편 어린이보호구역(유한대학교→괴안동행정복지센터)
37.481168	126.783090	30	F	3	하우로	부천제일교회 앞 어린이보호구역(부천남초교)(시흥→부천역)
37.481173	126.783100	30	F	3	하우로	부천제일교회 건너편 어린이보호구역(부천남초교)(부천역→시흥)
37.481184	126.815703	30	F	3	안곡로	양지초교 정문 어린이보호구역(괴인동행정복지센터→유한대학교)
37.481343	126.521142	30	F	3	남디로	이튼유치원 앞 (숲쟁이로 → 오감도공원)
37.481369	126.521217	30	F	3	남디로	이튼유치원 건너편 (오감도공원 → 숲쟁이로)
37.481552	127.548689	70	F	1	경강로	대흥교 전 500m지점(홍천->서울)
37.481570	126.781940	30	F	3	성주로	부천남초교 앞 어린이보호구역(부천역→성주산)
37.481581	126.634700	30	F	1	화수로	송현초교 정문
37.481797	126.979440	30	F	2	사당로	남사초교 앞
37.481837	126.849989	30	F	2	개봉로	개봉대상아파트 102동 앞
37.481892	126.984726	30	F	2	방배천로	동호하우스 건너편
37.481935	126.634334	30	F	2	화수로	송현초교 정문
37.481962	126.647622	60	F	2	중봉대로	중봉대로 인천펌프장 입구4
37.481979	126.506536	50	F	3	영종대로	금호어울림아파트 건너편 (은골4 → 영종IC)
37.482085	126.775774	30	F	3	심곡로	행복이가득한어린이집앞 사거리 어린이보호구역(부천대학교→경기경영고교)
37.482200	126.627400	30	F	2	화도진로	화수동성당 건너편
37.482301	129.123282	30	F	1	오일장1길	북평초등학교
37.482600	126.627200	30	F	2	화도진로	화수동성당 앞
37.482642	126.761993	30	F	3	경인로60번길	송일초교 정문 앞(부천여중→경인로)
37.482661	127.012154	60	S	2	우면산로	우면산터널 입구
37.482700	126.658600	50	F	2	봉수대로	이마트 트레이더스 건너편
37.482733	126.978274	30	F	1	사당로	남사초교 앞
37.482800	126.659300	50	F	2	봉수대로	이마트 트레이더스 앞
37.483019	126.762461	30	F	3	경인로60번길	송일초교 정문 앞 어린이보호구역(부천여자중학교→경인로)
37.483077	126.421090	70	F	3	제2터미널대로	(제2여객터미널 → 제3국제업무단지IC)
37.483292	129.125104	30	F	1	오일장1길	오일장1길 북평초교 어린이보호구역 (북평사거리→주공2단지)
37.483395	126.651003	50	F	3	염전로	한결자동차공업사 건너편 (가구단지4 → 송림체육관)
37.483750	126.812873	30	F	3	부광로	현대7차아파트 입구(양지초교→역곡역)
37.483817	126.729099	60	F	3	장제로	만월산터널 출구 (간석4 → 동소정4)
37.483979	126.631802	30	F	1	화수로	화도진중학교 건너편
37.484002	129.102195	60	F	1	서동로	청운교차로
37.484132	126.909081	30	F	2	조원로	현대아파트 앞
37.484201	126.631570	30	F	2	화수로	화도진중학교 앞
37.484257	126.627108	30	F	2	제물량로	제물량로 만석초교 건너편
37.484416	127.028273	30	F	1	서운로	시내산교회 앞
37.484447	126.627481	30	F	1	제물량로	제물량로 만석초교 앞
37.484472	127.022115	20	F	1	남부순환로	서일초교 앞
37.484518	126.948696	30	F	2	양녕로	신봉초교 앞
37.484663	126.888558	30	F	2	디지털로	CU남구로사랑점 앞
37.484669	126.993075	30	F	1	방배로	훼미리타운 건너편
37.484730	127.046600	30	F	2	남부순환로	대치중학교 건너편:실버존(도곡동, 매봉역교차로→강남수도사업소교차로)
37.484763	127.022014	20	F	2	남부순환로	서일초교정문 건너편
37.484766	127.575841	70	F	2	경강로	용문터널 전 700m지점(홍천→서울)
37.484811	126.670704	50	F	3	백범로	가좌3 (가좌IC → 봉수대로4)
37.484817	126.747435	50	F	3	경인로	일신동 행정복지센터 건너편 (구산4 → 황굴3)
37.484856	126.882701	30	F	1	남부순환로	영일초교 앞
37.484940	126.958770	30	F	2	관악로	관악우성아파트 102동 앞
37.485039	126.972256	30	F	2	사당로	문화어린이집 건너편
37.485137	126.973407	30	F	2	사당로	대림아파트 건너편
37.485502	126.706730	50	F	3	경원대로	신촌초교 건너편 (열우물입구4 → 신촌4)
37.485540	127.998219	60	F	1	경강로	마산교차로100m 전방
37.485579	126.751637	30	F	3	경인로1185번길	솔안초교 정문 건너편 어린이보호구역(두리어린이공원→송내역)
37.485592	126.651787	50	F	3	방축로	부근 (산업용품센터4 → 방축3)
37.485677	126.727141	30	F	3	동수로	인천예림학교 앞(동수지하차도 → 인천성모병원)
37.485734	126.997395	30	F	2	방배로	방일초교 앞
37.485899	126.630121	50	F	1	인중로	화수사거리
37.485941	126.650706	50	F	3	방축로	연료전지 앞 (방축3 → 산업용품센터4)
37.485948	126.630040	50	F	1	인중로	인중로 화수사거리
37.485995	126.504853	50	F	3	영종대로	영종고등학교입구4 (그린나래지하차도 → 운서역)
37.486031	126.650807	50	F	1	방축로	송현119안전센터 앞
37.486055	126.781400	50	F	3	부일로	CGV부천역점 앞(부천시민회관→소사역)
37.486125	129.105558	30	F	1	청운1로	청운1로 청운초교 어린이보호구역 (청운지하도 →나안삼거리)
37.486131	126.812091	50	F	3	부일로	역곡북부역사거리(온수역→소사역)
37.486143	127.082961	30	F	2	일원로	밀알학교 앞
37.486184	126.753966	30	F	2	송내대로30번길	송내테그노밸리 앞(뉴서울아파트->송내지하차도)
37.486321	126.804988	30	F	3	지봉로	부천동초교앞교차로 어린이보호구역(역곡지구대사거리→카톨릭대성심교정)
37.486345	126.906045	30	F	1	신대방1다길	구립신대방누리어린이집 앞:스쿨존(신대방동, 도림천→시흥대로)
37.486354	129.066960	30	F	1	삼화로	삼화로 삼화초교 어린이보호구역 (삼화교 →무릉교)
37.486359	127.031254	30	F	1	남부순환로	서초구청직장어린이집 앞
37.486373	126.805347	30	F	3	지봉로	부천동초교앞교차로 어린이보호구역(카톨릭대성심교정→역곡지구대사거리)
37.486415	127.497401	30	F	3	시민로24번길	양평유치원 입구 어린이보호구역(양평역→창대2리)
37.486550	127.850221	30	F	1	서원로	서원초등학교
37.486562	126.650259	50	F	1	염전로	대한자동차 공업사 맞은편
37.486666	127.497524	30	F	3	남북로	양평유치원 앞 어린이보호구역(양평유치원→양평고교)
37.486726	126.987927	30	F	1	방배중앙로	방배초교 앞
37.486804	126.760662	30	F	3	중동로71번길	푸르지오센트비엔 206동 앞(송내역→중동역)
37.486940	126.405636	80	F	3	공항연결로	(제2여객터미널 → 제1여객터미널)
37.486966	126.621525	50	F	1	인중로	만석부두입구 사거리
37.486973	126.622058	50	F	2	인중로	만석부두입구 사거리
37.487133	128.453676	60	F	1	평창대로	대화농협산지유통센터건너편
37.487274	126.714426	30	F	3	안남로	무지개유치원 건너편 (동수역 → 부평공원)
37.487387	127.023612	30	F	2	효령로	푸르니서초어린이집 건너편(서초동, 사임당로→효령로)
37.487545	127.980545	30	F	1	교항북로	횡성초등학교
37.487562	126.991304	30	F	2	서초대로	방배4동어린이집 건너편
37.487709	126.897870	50	F	1	도림천로	구로1교교차로
37.487915	126.987041	30	F	2	방배중앙로15길	아가야어린이집 앞
37.488099	126.460074	60	F	3	공항동로	공항지원단지입구 (자유무역지역4 → 삼목교차로)
37.488188	126.894210	20	F	1	도림로	영서초교 앞
37.488201	126.894286	20	F	2	도림로	영서초교 앞
37.488254	126.955115	30	F	2	은천로	두리하나국제학교 앞
37.488268	127.145265	30	F	1	양산로	거원초교 앞
37.488303	126.907308	40	F	1	대림로	동작상떼빌아파트 건너편
37.488320	126.915046	60	F	1	봉천로	신대방역(신림동, 구로디지털단지역→당곡사거리)
37.488398	126.654751	50	F	1	방축로	백두전력 맞은편
37.488529	126.751646	30	F	3	경인로1185번길	솔안초교 정문 앞 (송내역 → 송내IC) <어린이보호구역>
37.488797	126.739115	30	F	3	부일로	부개역 부근 (부개서초교 → 부일3)
37.488816	126.959995	30	F	2	청림5길	청림유치원 건너편
37.488942	126.532944	30	F	3	운남로	중구청앞4 (운남초교 → 운남교차로)
37.488979	126.964517	30	F	1	사당로	신남성초교 앞
37.489055	126.991887	30	F	1	서초대로23길	방배보건지소 건너편
37.489057	126.788132	30	F	3	원미로57번길	원미초등학교 후문 어린이보호구역(부천시보건소→소명여자중학교)
37.489321	127.112081	30	F	2	중대로	가원초교 앞
37.489401	127.105433	80	F	2	분당-수서간 고속화도로	수서한아름@앞
37.489475	126.751254	30	F	3	부일로191번길	극동아파트 후문 교차로 어린이보호구역(부인초교)(건영아파트→극동아파트)
37.489583	126.857904	20	F	2	개봉로	개봉초교 앞
37.489664	126.815690	30	F	3	지봉로	대주피오레 앞 어린이보호구역(동곡초교)(동곡초교→카톨릭대학교성심교정)
37.489718	126.930594	30	F	2	봉천로	당곡초교 앞
37.489763	126.807980	30	F	3	역곡로57번길	역곡초교후문삼거리 어린이보호구역(역곡중학교→역곡지구대)
37.489783	126.839161	20	F	1	서해안로	오류남초교 건너편
37.489817	126.929093	30	F	2	당곡길	당곡초교입구
37.489819	126.751314	30	F	3	부일로191번길	부천자생한방병원 앞 교차로 어린이보호구역(부인초교)(송내역→건영아파트)
37.489826	126.808420	30	F	3	역곡로57번길	역곡초교후문삼거리 어린이보호구역(역곡지구대→역곡중학교)
37.489902	126.816049	30	F	3	지봉로	대주피오레 앞 어린이보호구역(동곡초교)(카톨릭대학교성심교정→동곡초교)
37.489982	127.117413	30	F	2	중대로	호순이어린이공원 앞:스쿨존(가원초)(문정동, 가락시장역→동남로)
37.490018	126.680068	30	F	3	원적로	나은병원 앞 (건지4 → 가재울4)
37.490064	126.917755	50	F	2	봉천로	시립남부장애인복지관 앞
37.490081	126.770079	30	F	3	심중로97번길	중동초교 앞 어린이보호구역(부천중학교→부천시민회관)
37.490095	126.546189	70	E	3	하늘대로	구간 해찬나래지하차도 종점 3,4차로 (영종IC교차로 → 하늘초교)
37.490100	126.816627	30	F	3	안곡로	동곡초교앞 어린이보호구역(역곡고가사거리→역곡고교)
37.490136	127.073670	50	F	1	영동대로	디에이치자이개포아파트 804동 앞
37.490278	126.770244	30	F	3	심중로97번길	중동초교 어린이보호구역(부천시민회관→부천중학교)
37.490452	126.810452	30	F	3	역곡로58번길	역곡중학교 앞(역곡초교사거리→예원아파트)
37.490571	126.875015	50	F	1	남부순환로	사성교 진입 전
37.490760	127.101220	30	F	1	광평로	수서초교 앞
37.490779	126.811071	30	F	3	역곡로58번길	역곡중학교 앞(예원아파트→역곡초교사거리)
37.490831	126.705485	50	F	3	마장로	산곡유치원 건너편 (신촌4 → 마장로3)
37.490833	126.986670	30	F	1	동광로12길	아람마주어린이집 건너편
37.490859	127.117293	30	F	1	중대로	호순이어린이공원 건너편:스쿨존(가원초)(문정동, 동남로→가락시장역)
37.490906	126.758832	30	F	3	상일로	법원후문사거리 어린이보호구역(송내초교)(인천검찰청부천지청→부천상동시장)
37.490976	126.728729	50	F	3	경원대로	굴다리5 (부평역4 → 부개서초교)
37.491062	126.758326	30	F	3	상일로	법원후문사거리 어린이보호구역(송내초교)(부천상동시장→인천검찰청부천지청)
37.491317	126.547149	70	S	3	하늘대로	구간 해찬나래지하차도 시점 3,4차로 (하늘초교 → 영종IC교차로)
37.491589	127.992000	30	F	1	태기로	성북초등학교
37.491597	126.980335	30	F	1	동작대로	이수어린이집 앞
37.491611	126.749081	30	F	3	상일로	부인중앞교차로 어린이보호구역(부인초교)(인천지방법원부천지원→상동고교)
37.491846	126.728706	30	F	3	대정로	사랑의요양원 3호점 앞 (시장로터리 → 굴다리5)
37.491855	126.813348	30	F	3	안곡로	한국아파트 정문 어린이보호구역(예원유치원)(역곡중학교→동곡초교)
37.491944	127.018171	30	F	2	사임당로	서초연꽃어린이집 앞
37.491975	126.813047	30	F	3	안곡로	한국아파트 정문 건너편(동곡초교→역곡중학교)
37.492044	126.959287	30	F	1	관악로	현대유치원 앞
37.492051	126.728960	30	F	3	대정로	사랑의요양원 3호점 건너편 (굴다리5 → 시장로터리)
37.492070	126.979634	30	F	2	동작대로	이수푸르지오아파트 건너편
37.492119	127.986710	30	F	1	태기로19번길	성모유치원
37.492300	126.410582	70	E	3	영종해안북로	구간 종점 (왕산해수욕장 → 용유IC)
37.492300	126.410582	70	S	3	영종해안북로	구간 시점 (용유IC → 왕산해수욕장)
37.492419	126.687185	30	F	3	장고개로	가정초교 앞(가재울4 → 장고개3)
37.492476	126.963017	50	F	2	사당로	사당롯데캐슬골든포레아파트 113동 앞
37.492583	126.976693	30	F	1	동작대로	성천교회 앞
37.492690	126.790954	30	F	3	원미로	원미사거리 어린이보호구역(부천북초교)(소명여고사거리→원미중학교)
37.492776	126.980310	30	F	2	동작대로	이수푸르지오아파트 106동 앞
37.492789	128.003740	40	F	1	마산로	진성어린이집 앞
37.492904	126.980572	30	F	1	동작대로	이수푸르지오아파트 108동 앞
37.492985	128.456560	50	F	1	평창대로	대화교 50m 전방
37.493057	126.788328	30	F	3	조종로	부천북초교앞교차로 어린이보호구역(부천시보건소→향림사)
37.493107	126.906491	30	F	2	디지털로	살레시오청소년센터 건너편:스쿨존(대림동, 디지털로→대림삼거리)
37.493246	127.018002	30	F	2	서초대로	서초1동하은어린이집
37.493251	126.754693	50	F	3	송내대로	반달마을삼익아파트 1832동 앞(부천터미널소풍→송내역)
37.493262	127.021265	30	F	1	서초대로	아남아파트 건너편
37.493277	126.906350	30	F	1	디지털로	살레시오청소년센터 앞
37.493340	128.036835	40	F	1	한우로	창림초등학교
37.493530	126.534242	30	F	3	운중로	중구청앞4 (중구청 → 중산교차로)
37.493614	126.772478	30	F	3	부흥로272번길	부곡초등학교 맞은편 어린이보호구역(계남고교→부천시민회관)
37.493619	127.063643	50	F	1	삼성로	강남구민회관어린이집 앞:스쿨존(대치동, 개포동역→대치역)
37.493755	126.772672	30	F	3	부흥로272번길	부곡초등학교 정문 어린이보호구역(부천시민회관→계남고교)
37.493826	126.757588	30	F	3	장말로	사랑마을앞 교차로 어린이보호구역(상도초교)(상도중학교→복사골문화센터사거리)
37.493832	126.533089	30	S	3	운남서로	중구청앞4 (중산교차로 → 중구청)
37.493845	126.722228	30	F	3	부평문화로	부평서초교 부근 (부평동아아파트 → 문화4)
37.494262	126.744109	30	F	3	장말로	전원사거리 어린이보호구역(상미초교)(부개2동행정복지센터→상동119안전센터)
37.494299	126.893200	20	F	1	구로중앙로	동구로초교 앞
37.494311	126.916361	30	F	2	여의대방로	동작구민체육센터
37.494419	126.985417	30	F	2	동광로	남부종합시장 앞
37.494720	127.078150	30	F	2	개포로	대청아파트 306동
37.494840	127.027094	30	F	2	서초대로	우성5차아파트
37.494854	129.129456	60	F	1	대동로	동해역삼거리 후방 100m
37.494930	126.997740	30	F	1	동광로	방배중학교 앞
37.494943	126.753574	30	F	3	부흥로	민영유치원앞 (상원초교삼거리 → 민영유치원앞교차로)<어린이보호구역>
37.495101	127.065882	50	F	1	남부순환로	대곡초교 앞:스쿨존(대치동, 대치역교차로→학여울역교차로)
37.495202	129.123310	30	F	1	동해역길	동해역길 송정초교 어린이보호구역 (동해항오거리 →동해역)
37.495273	127.153124	30	F	2	마천로	마천초교 앞
37.495304	128.848645	30	F	1	서동로	임계초등학교
37.495336	126.743909	30	F	3	상일로	상미초교 앞 어린이보호구역(상일고교→상동고교)
37.495457	127.025790	30	F	2	강남대로	풍림아이원매직오피스텔 앞
37.495518	126.990184	20	F	2	방배로	서래초교 앞:스쿨존(방배동, 세화아파트→방배로)
37.495553	126.744125	30	F	3	상일로	상미초교 앞 어린이보호구역(상동고교→상일고교)
37.495594	126.916477	30	F	1	여의대방로	보라매초교 앞
37.495608	126.782851	20	F	3	조마루로366번길	중앙초교삼거리 어린이보호구역(삼원중학교→부천시보건소)
37.495662	128.847942	30	F	1	서동로	임계초등학교
37.495677	126.845239	30	F	1	경인로	코레일오류동어린이집 앞
37.495690	127.026576	30	F	1	강남대로	삼성화재 건너편
37.495692	126.570972	30	F	3	두미포로	행복누리어린이집앞 교차로 (중산초교 → 중산중학교)
37.495731	129.102328	30	F	1	지양길	지양길 북삼초교 어린이보호구역 (양지원룸 →한중대)
37.495753	127.301072	30	F	1	산수로	분원초교 앞 어린이보호구역(양평->퇴촌면)
37.495836	127.409830	30	F	3	운심길	강하초교 정문 어린이보호구역(양평농협강하지점→강하생활체육공원)
37.495858	127.409553	30	F	3	운심길	강하초등학교 앞 어린이보호구역(강하생활체육공원→양평농협)
37.495970	126.433931	80	F	3	제2터미널대로	(용유IC → 제3국제업무단지IC)
37.496126	126.435961	80	F	3	제2터미널대로	(제3국제업무단지IC → 용유IC)
37.496131	126.953533	50	F	2	상도로	숭실대입구역 2번출구
37.496378	126.781708	30	F	3	옥산로	부천중앙초교 후문 앞 어린이보호구역(부천시보건소→원미고교)
37.496461	127.142550	30	F	2	오금로	영풍초교 앞
37.496949	126.822786	30	F	2	부일로	서울정진학교 건너편
37.496980	128.224740	100	E	1	영동고속도로	고속도로161.9km
37.496996	126.996909	30	F	1	사평대로	반포어린이집 건너편
37.497034	127.128525	30	F	2	오금로	가주초교 건너편
37.497067	126.757538	30	F	3	부흥로	신도초교앞 어린이보호구역(계남고교→상원고교)
37.497279	126.841669	30	F	2	고척로	새롬마을어린이집 앞
37.497379	128.455887	30	F	1	대화중앙로	대화초등학교 앞로
37.497626	127.000521	30	F	1	서래로6길	반포4동주민센터 앞
37.497830	127.523737	70	F	1	경강로	백운봉휴게소 앞(홍천→서울)
37.497883	126.950170	30	F	2	상도로	샛별유치원 건너편
37.497986	126.895546	30	F	1	가마산로	영남중학교 앞
37.498091	126.921339	30	F	2	여의대방로	동작노인회관 앞
37.498157	126.884112	30	F	1	구로동로	505약국 앞
37.498332	127.084176	50	F	1	남부순환로	대치지하차도 진입 전(일원2동, 수서IC→대치지하차도)
37.498371	126.678161	50	F	3	건지로	건지3 (석남4 → 건지4)
37.498426	126.793228	30	F	3	원미로182번길	부일초교 앞 어린이보호구역(부천시립원미도서관→부일초교삼거리)
37.498444	129.131108	60	F	1	대동로	대동로 송정삼거리 (용정삼거리 →동해역삼거리)
37.498465	126.793689	30	F	3	원미로182번길	원미중학교 앞 어린이보호구역(부일초교)(부일초교삼거리→원미공원)
37.498553	127.359715	70	F	2	경강로	마룡1교 전 250M(서울→홍천)
37.498557	129.115458	60	F	1	용정로	용정로 북평중학교 삼거리 (동해자이아파트 → 송정)
37.498575	126.924649	30	F	2	여의대방로	신대방2동주민센터 건너편
37.498608	126.792513	30	F	3	원미로	부일초교삼거리 어린이보호구역(부천종합운동장역→조마루삼거리)
37.498745	126.792889	30	F	3	원미로	부일초교삼거리 어린이보호구역(조마루삼거리→부천종합운동장역)
37.498847	127.102543	30	F	2	송파대로	해누리초교 건너편
37.498989	129.130493	60	F	1	대동로	송정삼거리
37.499250	126.778640	30	F	3	조마루로317번길	어울림공원 앞 어린이보호구역(심원초교)(원미경찰서→부천시보건소)
37.499297	126.959909	30	F	2	서달로	구립흑석어린이집 앞
37.499364	127.053610	30	F	1	선릉로	도곡초교 앞:스쿨존(대치동, 선릉로→삼성로)
37.499454	126.895385	30	F	2	대림로	신영초교 앞
37.499505	126.670000	30	F	3	건지로	석남서초교 앞 (석남로 → 건지로)
37.499519	126.900773	30	F	1	대림로	도신초교 앞
37.499575	126.778724	30	F	3	조마루로317번길	어울림공원 앞 어린이보호구역(심원초교)(부천시보건소→원미경찰서)
37.499595	127.024788	30	F	2	서초대로	서초초교 앞
37.499848	126.781019	30	F	3	옥산로	심원초교 앞 어린이보호구역(옥산초교→부천중앙초교)
37.499882	127.506894	70	F	1	경강로	양평소방서 앞(홍천→서울)
37.499941	126.884879	30	F	1	구로중앙로	샛별어린이집 앞
37.499989	127.506257	70	F	2	경강로	양평소방서 건너편(서울→홍천)
37.500094	126.856407	30	F	2	경서로	고척초교입구
37.500153	127.106972	30	F	1	송파대로	가락초교 앞
37.500340	126.925457	30	F	2	대방동길	대림초교 앞
37.500480	126.862566	30	F	1	중앙로	고척중학교 건너편
37.500559	126.783203	30	F	3	계남로	근로자종합복지관 어린이보호구역(심원초교)(심원고교→원미고교)
37.500612	126.936772	30	F	1	성대로	상도초교 앞
37.500618	127.019713	80	F	1	경부고속도로	서초푸르지오써밋아파트 앞(서초동, 서초IC→반포IC)
37.500802	126.944178	30	F	1	장승배기로	신상도초교 앞
37.500892	126.783136	30	F	3	계남로	근로자종합복지관 어린이보호구역(심원초교)(원미고교→심원고교)
37.500941	126.855711	30	F	2	고척로	다메섹교회 앞
37.500997	128.011508	50	F	3	태기로	말미교차로→옥동교차로
37.501025	127.010822	30	F	2	서초중앙로	하나푸르니반포어린이집
37.501220	127.009546	30	F	1	고무래로	서초성모어린이집 앞
37.501237	126.797328	50	F	3	소사로	운동장삼거리(소사역→부천종합운동장역)
37.501345	126.945592	30	F	1	양녕로	상도역롯데캐슬파크엘아파트 앞
37.501511	126.768722	50	F	3	중동로	터미널사거리(중동역→중흥고교)
37.501814	126.997324	30	F	1	신반포로	잠원초교 앞
37.501990	127.070131	50	F	2	도곡로	탄천2교 앞
37.502117	127.092111	30	F	1	백제고분로	삼전초교 앞
37.502143	126.796953	50	F	3	소사로	운동장삼거리(부천종합운동장역→소사역)
37.502184	127.632194	50	F	2	국지도70	송현3리마을회관 앞(지평역→용문초교)
37.502274	126.909268	30	F	1	신길로	살레시오성미유치원 앞
37.502301	127.022248	30	F	2	서운로	서초4동주민센터
37.502316	126.762721	50	F	3	석천로	포도마을사거리(순천향대학교부천병원→부천시청역)
37.502443	127.606833	70	F	3	경강로	마룡교차로(홍천 → 양평)
37.502519	126.564122	60	F	3	하늘대로	한신더휴아파트 부근 3,4차로 (해찬나래지하차도 → 연륙교)
37.502578	126.707631	30	F	3	마장로272번길	부곡초교 건너편 (금호이수마운트밸리아파트 → 산곡고등학교)
37.502641	127.103966	30	F	1	가락로	석촌초교 앞
37.502668	126.707078	30	F	3	마장로	부곡초교 앞 (산곡고등학교 → 금호이수마운트밸리아파트)
37.502838	127.016594	30	F	1	사평대로	서원초교 건너편
37.502936	126.896988	30	F	2	대림로	파란나라유치원 건너편
37.503088	126.906748	30	F	2	신길로	대영초교 앞
37.503276	126.736422	30	F	3	충선로	드림유치원 앞 (부광중학교 → 충선4)
37.503305	126.918565	30	F	2	여의대방로	대방초교 건너편
37.503348	126.678443	30	S	3	서달로	구간 천마초교 시점 (건지3 → 서인천IC)
37.503715	126.771917	50	F	3	길주로	여의도순복음중동교회 앞
37.503975	126.786903	50	F	3	부천로	춘의사거리(도당중학교→원미구청)
37.504089	127.064451	30	F	1	역삼로	대현초교 앞:스쿨존(대치동, 언남빌딩→역삼로)
37.504096	126.771898	50	F	3	길주로	순복음중동교회 앞(부천종합운동장->부천시청)
37.504173	126.848533	30	F	1	고척로	세곡초교 앞:스쿨존(고척2동, 고척로→오류중학교)
37.504227	126.762902	50	F	3	석천로	포도마을사거리(부천시청역→순천향대학교부천병원)
37.504255	127.140218	30	F	2	동남로	거여초교 앞
37.504346	126.893358	60	F	2	도림천로	신도림고가차도종점
37.504540	126.997640	30	F	1	신반포로	계성초교 앞
37.504606	126.923167	30	F	2	여의대방로	꿈나무어린이집 앞
37.504712	126.995679	30	F	2	신반포로	신반포교회 건너편
37.504750	126.995500	30	F	2	신반포로	신반포교회 앞
37.504838	126.488586	80	F	3	제2여객터미널 진입로	진입로 9.4km(운북IC → 운서IC)
37.504841	127.120199	30	F	2	오금로	예은유치원 건너편:스쿨존(송파동, 미성아파트앞교차로→가락중학교)
37.504893	126.844733	30	F	2	고척로	매봉초교 앞
37.504907	126.952159	30	F	2	흑석로	강남초교입구 앞
37.505016	126.766621	30	F	3	중동로279번길	푸른솔유치원 맞은편 어린이보호구역(경기예술고교→신중동역)
37.505046	126.916079	30	F	2	가마산로	신길삼성래미안아파트 앞
37.505050	126.921717	30	F	2	가마산로	성모유치원 앞
37.505081	126.766620	30	F	3	중동로279번길	푸른솔유치원 앞 어린이보호구역(신중동역→경기예술고교)
37.505117	127.013745	30	F	1	사평대로	원촌초교 건너편
37.505140	126.748383	50	F	3	순환동로	중동IC 교차로 앞(건강사거리->길주삼거리)
37.505150	128.103863	40	F	1	경강로	정금초등학교
37.505357	127.013424	30	F	1	사평대로	원촌초교 앞
37.505562	127.011125	30	F	2	사평대로	산성교회 건너편
37.505700	126.952198	30	F	2	강남초등길	강남초교 앞
37.505846	126.725559	30	F	1	주부토로	신트리공원 앞 (신트리공원4 → 부평동초교)
37.505905	127.109518	30	F	1	백제고분로	송파여성문화회관 앞
37.505936	126.519946	30	F	3	백운로	금산어린이집 앞 (신일교 → 자연대로)
37.505949	126.995292	30	F	1	신반포로	신반포중학교 앞
37.506059	126.519726	30	F	3	백운로	금산어린이집 건너편 (자연대로 → 신일교)
37.506100	126.678400	50	F	3	길주로	석남제1고가교4 (원적산터널 → 석남역)
37.506123	127.002625	30	F	2	신반포로	반포르엘아파트 앞
37.506187	126.955410	30	F	1	흑석로	중앙사대부속유치원 건너편
37.506224	126.906962	30	F	2	가마산로	신길새마을금고 건너편
37.506230	126.661647	60	F	3	봉수대로	SK인천석유화학 앞 (원신터널 → 모래방죽4)
37.506292	126.761314	30	F	3	석천로209번길	부광초교정문 앞 어린이보호구역(신중동행정복지센터→계남공원)
37.506359	126.761526	30	F	3	석천로209번길	부광초교정문 앞 어린이보호구역(계남공원→중4동행정복지센터)
37.506580	127.134599	30	F	1	중대로	신흥운수 건너편
37.506584	126.877205	30	F	2	구로중앙로	사랑유치원 앞
37.506615	126.785318	30	F	3	길주로391번길	신흥초교정문앞 어린이보호구역(춘의역5번출구→부천공구상가)
37.506648	126.785331	30	F	3	길주로391번길	신흥초교정문앞 어린이보호구역(춘의역5번출구→부천공구상가)
37.506732	126.699718	30	F	3	산곡로	산곡초교 부근 (산곡중학교 → 산곡역)
37.506770	126.921266	30	F	1	여의대방로	신길7동주민센터 건너편
37.506800	126.709095	30	F	3	안남로	마장초교 앞 (부평전화국4 → 산곡4)
37.506866	127.001068	30	F	1	반포대로	반포센트럴자이
37.506886	127.954810	60	F	1	경강로	영동주유소앞
37.506986	127.083499	30	F	1	올림픽로	잠전초교 앞
37.507041	126.908276	30	F	1	신길로	신길3동주민센터 건너편
37.507042	126.991574	80	E	2	올림픽대로	서래섬 부근 3,4차로
37.507089	126.772729	30	F	3	계남로	부천중3동우체국 앞 어린이보호구역(중흥초교)(중흥고교→부천세무서)
37.507177	127.000340	50	F	1	반포대로	래미안원베일리아파트 건너편 1,2차로(잠원동, 서울성모병원교차로→반포대교)
37.507293	127.000314	50	F	1	반포대로	래미안원베일리아파트 건너편 3,4차로(잠원동, 서울성모병원교차로→반포대교)
37.507481	126.721085	50	F	3	길주로	부평구청4 (신트리공원4 → 산곡4)
37.507669	127.021238	30	F	2	사평대로	반포복지관 경로당 앞
37.507855	126.766871	30	F	3	계남로	부천부흥초교 앞 어린이보호구역(부천세무서→석천중학교)
37.508123	127.026994	30	F	2	봉은사로	논현초교 앞
37.508250	127.027009	30	F	1	봉은사로	논현초교 건너편
37.508400	127.122560	30	F	2	오금로	코오롱아파트 앞
37.508440	126.761839	30	F	3	계남로	반석유치원 앞 교차로 어린이보호구역(석천중학교→중흥고교)
37.508485	126.761814	30	F	3	계남로	반석유치원 앞 교차로 어린이보호구역(중흥고교→석천중학교)
37.508685	127.011289	30	F	2	신반포로	동아아파트 앞
37.508790	127.026768	30	F	1	강남대로	논현초교 앞:스쿨존(논현동, 논현까치공원→논현개나리공원)
37.508808	126.702529	50	F	3	길주로	부근 (산곡4 → 원적산터널)
37.509001	126.901638	30	F	2	도림로	돈보스꼬유치원 앞
37.509157	126.769789	30	F	3	중동로	동화유치원 맞은편 어린이보호구역(부천시청→삼정초교)
37.509268	126.960670	30	F	2	흑석로	흑석동성모교육원 앞:스쿨존(명수유치원)(흑석동, 흑석지구대→흑석로)
37.509675	127.002893	30	F	2	신반포로	반원초교 건너편
37.509885	127.018408	30	F	1	사평대로	반포1동어린이집 앞
37.509915	126.751433	30	F	3	계남로	석천초교 앞 어린이보호구역(석천중학교→길주삼거리)
37.509941	126.959522	30	F	1	흑석로	구립도레미어린이집 앞
37.510289	126.898459	30	F	2	도영로	도림고가차도 하부
37.510604	127.121079	30	F	2	위례성대로	SK방이주유소 앞
37.510652	126.953450	20	F	1	노량진로	본동초교 앞
37.510886	126.843262	30	F	2	신정로	한성교회 앞
37.510930	126.763455	30	F	3	도약로	중원초교 앞 어린이보호구역(중원고교→도당동)
37.511053	126.927342	30	F	1	알마타길	신길초교 앞
37.511153	126.522392	60	F	3	자연대로	금산제1교차로 (예단포 → 운남교차로)
37.511417	127.039560	20	F	2	선릉로	학동초교 앞:스쿨존(논현2동, 선릉로→언주로)
37.511573	126.728828	50	F	3	굴포로	갈산초교 건너편 (한국지엠3 → 갈삼4)
37.511628	126.854311	30	F	1	신정로	신기초교 앞
37.511642	129.119225	30	F	1	봉오주택길	봉오주택길 동해초교 어린이보호구역 (동해기상대 →행복드림(아)
37.511709	129.124283	60	F	1	해안로	해안로 범주성지 앞 (천곡→송정)
37.511749	126.954003	50	F	1	양녕로	상도터널 북단(본동, 상도역교차로→한강대교남단교차로)
37.511899	126.807405	30	F	3	까치로	바람모퉁이공원 앞 어린이보호구역(성곡초교)(까치울역→원종동)
37.512033	126.758668	30	F	3	도약로	상인초교 앞 어린이보호구역(중원고교→굴포로사거리)
37.512191	126.626272	80	E	3	제2순환고속도로	(남항교차로 → 남청라IC)
37.512646	126.627057	80	S	3	제2순환고속도로	(남청라IC → 남항교차로)
37.512687	128.215818	30	F	1	돈내로	둔내초등학교
37.512931	127.046660	20	F	1	봉은사로	삼릉초교 앞:스쿨존(삼성동, 봉은사로→언주중학교)
37.514224	126.917007	30	F	2	영등포로	신길우성4차아파트 앞
37.514353	126.841640	30	F	1	신정로	벽산블루밍1단지아파트
37.514430	126.773350	30	F	3	수도로	약대초교앞 어린이보호구역(약대오거리→수돗길사거리)
37.514490	126.773451	30	F	3	수도로	약대초교앞 어린이보호구역(약대오거리→수돗길사거리)
37.514567	126.855246	50	F	2	중앙로	신정3동주민센터 앞
37.514848	127.643842	80	F	3	경강로	봉상검문소 전방 200m (금곡교차로 → 삼가교차로)
37.515439	127.161481	30	F	3	신우실길	서부초교 정문 앞 어린이보호구역(서하남로→감북동 행정복지센터)
37.515989	126.733514	30	F	3	장제로340번길	영선초교 후문 건너편 (삼산중→햇살공원)
37.516082	126.922779	80	E	2	올림픽대로	여의교 앞 3,4차로
37.516085	126.679199	30	E	3	서달로	구간 가석초교 서구문화회관 종점 (건지3 → 서인천IC)
37.516091	126.885252	30	F	1	선유로	문래현대3차아파트 앞
37.516420	126.949920	80	F	1	올림픽대로	한강철교 전(본동, 한강대교→여의상류IC)
37.516624	126.853671	30	F	1	중앙로	로마아파트 앞
37.516638	126.974677	80	F	2	강변북로	이촌한강공원 진입램프
37.517089	126.743100	50	F	3	평천로	한길초교입구3 (영선고3 → 삼산3)
37.517254	126.803440	30	F	3	성오로	부천삼성어린이집 어린이보호구역(베리내사거리→성곡동행정복지센터)
37.517723	126.730247	50	F	3	평천로	갈산시장 입구 (갈산4 ↔ 삼산4) 양방향
37.517837	126.991395	80	S	1	강변북로	반포대교 앞 3,4차로
37.517898	126.852948	30	F	1	중앙로	목동아델리체아파트 123동 앞(신정동, 동호빌라→중앙로)
37.517950	129.113217	30	F	1	동굴로	동굴로 천곡초교 어린이보호구역 (배롱체육관 →운동장사거리)
37.518118	127.023838	50	F	2	도산대로	J타워 앞(신사동, 강남을지병원앞교차로→신사역교차로)
37.518207	126.653912	30	F	3	원창로	버스차고지 건너편 (원신터널4 → 중봉대로)
37.518335	126.784750	50	F	3	부천로	도당사거리(민방위교육장입구삼거리→내촌사거리)
37.518510	126.807372	30	F	3	소사로700번길	원종어린이공원 앞 어린이보호구역(원종초교)(부천여월초교→은데미그린공원)
37.518671	126.796952	30	F	3	성곡로63번길	여월초교 앞 어린이보호구역(여월초교앞교차로→부천백만송이장미원)
37.518778	126.814590	50	F	3	역곡로	신작동사거리(까치울역→김포공항)
37.519007	126.926172	30	F	1	여의동로	여의도자이아파트 앞:스쿨존(여의도동, 여의동로→윤중중학교앞교차로)
37.519165	126.791179	30	F	3	삼작로268번길	도당초등학교 앞 어린이보호구역(삼보아파트→부천백만송이장미원)
37.519176	129.020615	30	F	1	서동로	신흥경로당 앞 (청운교차로↔백봉령)
37.519191	126.797951	30	F	3	성곡로	여월초교 앞 교차로 어린이보호구역(여월초교)(돌산사거리→홈플러스)
37.519207	126.994172	40	F	3	녹사평대로	잠수교북단(서빙고동, 한강중교앞교차로↔세빛섬)
37.519270	129.020394	30	F	3	서동로	서동로 신흥경로당 노인보호구역(동해시내↔백봉령)
37.519281	127.133345	50	F	1	양재대로	세륜초교 앞
37.519507	126.923805	30	F	2	여의나루로	윤중초교 앞
37.519581	129.103815	60	F	1	동해대로	동해대로 주공4차 사거리 (천곡사거리 → 운동장사거리)
37.519816	126.775349	50	F	3	신흥로	내동사거리(남→북)
37.520022	126.791542	30	F	3	삼작로	도당초교앞교차로 어린이보호구역(신흥동행정복지센터→부천시립북부도서관)
37.520067	126.441711	30	F	3	신도로	공항초교 신도분교 앞 (신도선착장 → 신도4리)
37.520218	126.767722	50	F	3	삼작로	아트벙커사거리(내동지구대→열병합발전소삼거리)
37.520313	126.872813	30	F	2	신목로	미진빌딩 앞
37.520413	127.044754	20	F	1	도산대로	언북초교 앞:스쿨존(청담동, 청담영풍마드레빌아파트→도산대로)
37.520522	126.976141	30	F	1	이촌로	용강중학교 건너편
37.520718	126.975927	30	F	2	이촌로	용강중학교 앞
37.520752	126.804492	50	F	3	수도로	원종교사거리(부천IC→부천우리병원)
37.520800	126.737300	30	F	3	후정동로31번길	삼산초교 부근 (삼산초교 → 사랑샘공원)
37.520904	126.700514	30	F	3	평천로	청천초교 앞 (나비공원입구4 → 청수4)
37.520969	126.990833	30	F	1	서빙고로	서빙고초교 앞
37.521038	126.979445	50	F	1	서빙고로	용산가족공원 앞
37.521133	127.185089	50	F	2	서하남로	고골저수지 부근 (서울→하남)
37.521234	126.972957	30	F	1	이촌로	충신유치원 앞:스쿨존(이촌동, 강변북로→이촌역)
37.522132	129.120299	60	F	1	해안로	해안로 쌍용(아)앞 교차로 (동해세관 →감추사)
37.522246	127.061681	80	S	1	올림픽대로	청담대교 앞 3,4차로
37.522757	126.636628	80	F	3	봉오대로	(남청라IC → 청라지하차도)
37.522986	126.649083	60	E	3	중봉대로	중봉지하차도 종점 (경서3 → 율도입구4)
37.523016	126.649351	60	S	3	중봉대로	중봉지하차도 시점 (율도입구4 → 경서3)
37.523089	126.883932	50	F	2	영등포로	한경렉스플레이스오피스텔 앞
37.523133	126.861402	30	F	1	목동로	양목초교 앞
37.523284	127.025179	30	F	2	압구정로	신구초교 앞
37.523333	126.888083	30	F	1	영등포로	양평1동주민센터 앞
37.523781	126.897441	30	F	1	양산로	시온성교회 앞
37.524067	126.903407	30	F	1	양산로	영중초교 후문 앞:스쿨존(영등포동7가, 양산로→국회대로)
37.524104	126.811689	30	F	3	원종로	나들이사거리(고강선사유적공원→원종역)
37.524224	126.955242	80	E	1	강변북로	대림아파트 앞 3,4차로 : 종점(이촌동, 성수JC→원효대교)
37.524224	126.955285	80	E	1	강변북로	대림아파트 앞 1,2차로 : 종점(이촌동, 성수JC→원효대교)
37.524300	126.545300	100	E	3	인천국제공항고속도로	종점 3,4차로 (청라IC → 금산IC)
37.524322	128.451796	60	F	1	평창대로	대화6리 마을입구삼거리
37.524330	129.014620	50	F	1	서동로	신흥마을 버스종점인근
37.524635	126.893178	30	F	2	양산로	리드원지식산업센터 앞
37.524694	129.108937	30	F	1	천곡로	천곡로 중앙초교 어린이보호구역 (천곡사거리 →시청로터리)
37.524713	126.965509	30	F	1	한강대로	한강초교 앞
37.524900	126.965223	30	F	2	한강대로	한강초교 건너편
37.525257	127.477695	60	F	3	마유산로	모아빌아파트 입구(가평군청→양평군청)
37.525416	126.905139	80	E	1	신월여의지하도로	올림픽대로방향 3차로
37.525612	126.905611	80	S	2	신월여의지하도로	신월IC 방향 3차로
37.525773	126.850856	30	F	1	오목로	양동초교 앞
37.525926	127.112027	30	F	2	강동대로	송파세무서 앞
37.526010	127.875967	40	F	1	경강로	유현초등학교
37.526041	126.818597	30	F	3	역곡로472번길	현대파크빌라 어린이보호구역(고강초교)(경인로→고강동우체국)
37.526041	126.818851	30	F	3	역곡로472번길	명성리치빌 앞 어린이보호구역(고강초교)(부천고강동우체국→정도아파트)
37.526052	127.865498	60	F	1	경강로	횡성↔양평)
37.526109	126.649631	60	F	3	중봉대로	중봉로교차로 (율도입구4 → 청라홈플러스)
37.526109	127.112457	30	F	1	강동대로	풍성초교 앞
37.526120	129.105028	60	F	1	동해대로	천곡교차로
37.526178	126.798825	30	F	3	성오로	상신빌라 입구 어린이보호구역(대명초교)(성곡동행정복지센터→오정구청)
37.526266	126.953064	80	E	2	강변북로	한강철교 300m전 1,2차로 : 종점(이촌동, 성산대교→한강철교, 구리방면)
37.526279	126.953112	80	E	2	강변북로	한강철교 300m전 3,4차로 : 종점(이촌동, 성산대교→한강철교, 구리방면)
37.526344	126.840351	80	S	2	신월여의지하도로	여의도공원 방향 1,2차로
37.526428	126.839169	80	E	1	신월여의지하도로	신월IC 방향 1,2차로
37.526823	126.719631	30	F	3	새벌로112번길	성지초교 앞 (효성공원 → 홈플러스)
37.526857	126.719240	30	F	3	계양대로33번길	성지초교 건너편 (홈플러스 → 효성공원)
37.527054	126.797692	30	F	3	성오로160번길	대명초교 정문 앞 어린이보호구역(원종고교→덕산중학교)
37.527132	126.906567	30	F	2	국회대로	영동초교 앞
37.527211	127.913421	50	F	1	경강로	양평→공근)
37.527294	127.043834	30	F	2	압구정로	청담고교 앞
37.527296	127.915408	50	F	1	경강로	공근→양평)
37.527653	127.819256	60	F	1	경강로	횡성↔양평)
37.527729	126.730001	30	F	3	주부토로	화전초교 부근 (작전고가4 → 화전초교4)
37.527743	126.701003	50	F	3	봉오대로	효성서초교 건너편 (아나지3 → 임촌말3)
37.527877	127.107792	80	F	1	올림픽대로	서울아산병원 앞 3,4차로
37.528032	126.700593	50	F	3	봉오대로	효성서초교 앞 (임촌말3 → 아나지3)
37.528436	127.142342	30	F	1	명일로	서울한산초정문 건너편
37.528440	129.119342	70	F	1	해안로	(소방서삼거리→묵호)
37.528453	127.044241	30	F	1	압구정로	청담초교 앞
37.529177	126.760807	50	F	3	송내대로	스카이정비소 앞(부천시청→부천시자원순환센터)
37.529183	126.761061	50	F	2	송내대로	스카이정비소 앞(부천시청→부천시자원순환센터)
37.529227	127.129199	30	F	1	성내로	성일초교 건너편
37.529278	126.722356	50	F	3	계양대로	작전역 부근 (경인교대입구역 → 신대4)
37.529712	126.638414	50	F	3	청중로	출구 (해원고등학교 → 중봉대로)
37.529757	126.901567	30	F	2	당산로	당산2동은솔어린이집 건너편
37.529981	126.831016	20	F	1	남부순환로	신원초교 앞
37.530107	126.730571	50	F	3	봉오대로	중앙하이츠 아파트 앞 (작전역 → 까치말4)
37.530148	126.785749	30	F	3	오정로251번길	동산초교 맞은편 어린이보호구역(동아정밀공업→세종2차아파트)
37.530223	127.122092	30	F	2	성내로	성내초교 건너편:스쿨존(성내동, 강동구청역교차로→강동구청)
37.530239	126.814725	30	F	3	고강로	수주초교 앞 어린이보호구역(고강1동행정복지센터→수주중학교)
37.530239	126.814725	30	F	3	고강로	수주초교 앞 어린이보호구역(고강1동행정복지센터→수주중학교)
37.530308	127.076043	30	F	2	자양번영로	신자초교 앞
37.530359	126.805145	30	F	3	고강로	수주초교 어린이보호구역(수주중학교→고강1동행정복지센터)
37.530369	127.121938	30	F	2	성내로	성내1동주민센터 앞
37.530413	129.104788	60	F	1	동해대로	동해대로 묵호농협 앞 교차로 (천곡사거리 →부곡삼거리)
37.530730	127.030340	30	F	2	압구정로	압구정초교 앞
37.530790	128.455100	60	F	1	평창대로	오일뱅크 주유소 건너편
37.530880	127.031268	30	F	1	압구정로	압구정초교 건너편:스쿨존(압구정동, 금강쇼핑센터→압구정고교)
37.531059	126.805516	50	F	3	소사로	욱일6차아파트 103동 앞(원종역→김포공항)
37.531134	127.009640	60	F	1	한남대로	한남2고가차도 앞 4,5차로
37.531267	127.089045	30	F	2	뚝섬로	양남초교 건너편
37.531447	127.420203	100	E	2	수도권제2순환고속도로	수도권제2순환고속도로 304km 종점 1,2차로(화도→양평)
37.531600	126.555400	100	S	3	인천국제공항고속도로	시점 3,4차로 (금산IC → 청라IC)
37.531633	126.789167	50	F	3	오정로	봉오대로 사거리(부천IC→대장동입구교차로)
37.531802	128.290230	100	S	2	영동고속도로	고속도로168.6km
37.531874	129.112297	30	F	1	평원로	평원로 남호초교 어린이보호구역 (평릉교 →평릉공원)
37.531896	126.911632	30	F	1	여의서로	국회제2어린이집 앞
37.531969	126.905574	50	F	2	양평로	당산중교앞교차로
37.532023	126.852690	30	F	1	곰달래로	신정초교 앞:스쿨존(화곡동, 티엠타운→남부골목시장)
37.532507	127.090178	30	F	1	자양로	광진중학교 앞
37.532517	126.790064	50	F	3	오정로	봉오대로 사거리(대장동입구교차로→부천IC)
37.532797	128.561361	60	F	1	오대천로	수항터널 300m 후방
37.532941	127.061648	80	F	1	강변북로	청담대교 앞
37.533175	126.948749	70	F	1	강변북로	강변삼성스위트아파트 앞
37.533313	126.907122	60	F	1	노들로	래미안당산1차아파트 105동 앞
37.533516	126.852062	30	F	2	곰달래로	신정초교 앞
37.533567	126.950227	30	F	2	효창원로	삼성테마트상가 앞
37.533766	128.944550	60	F	1	서동로	백복령쉼터 앞
37.533990	127.203286	40	F	3	대성로	하남순복음교회 앞 삼거리(덕보교오거리 → 덕풍골입구교차로)
37.534071	127.000723	30	F	1	대사관로	한남동주민센터 앞
37.534169	126.949732	30	F	2	삼개로	일민유치원 건너편
37.534243	126.829725	50	F	1	남부순환로	서부여성발전센터 앞
37.534265	126.656347	30	F	3	청라에메랄드로	중봉2교북측3 (청라초교 → 초은고등학교)
37.534291	126.838178	30	F	1	가로공원로	화곡대림아파트 건너편
37.534366	128.007265	40	F	1	공근남로	수백초등학교
37.534446	126.971898	30	F	2	한강대로	서울맹학교 용산캠퍼스 앞
37.534530	127.257739	70	F	3	국도45	미사대로(광주→하남)
37.534693	127.226477	50	F	3	창우로	한국애니메이션고교 앞 사거리(팔당대교→하남IC)
37.535249	126.972848	30	F	2	한강대로	용산초교 앞
37.535652	126.964236	30	F	1	원효로	남정초교 앞
37.535689	126.710989	30	F	3	안남로	효성초교 앞 (효성중학교 → 대림아파트)
37.535825	126.988631	30	F	2	녹사평대로	이태원초교 앞
37.535889	126.638929	50	F	3	경제로	출구 (경연초중학교 → 중봉대로)
37.536141	126.950867	30	F	1	새창로	원효초교 앞
37.536191	126.629697	50	F	3	경제로	출구 (중봉대로 → 경연초중학교)
37.536241	128.454827	40	F	1	하송빈1길	신리초등학교
37.536487	126.744041	50	F	3	서부간선로	계양교통공원 앞 (서운4 → 용종4)
37.536633	126.636661	30	F	3	크리스탈로	경명초교 앞 (경명초3 → 크리스탈3)
37.536684	127.338418	70	F	3	국도6	경강로(두물머리→신원역)
37.536977	127.411971	100	S	1	수도권제2순환고속도로	수도권제2순환고속도로 305km 시점 1,2차로(양평→화도)
37.537020	127.062283	40	F	2	뚝섬로	롯데캐슬리버파크시그니처아파트 앞
37.537090	127.352975	70	F	1	경강로	호리원앞 버스정류장 지나 150m지점(양평군청->팔당대교)
37.537453	126.943019	60	F	1	마포대로	마포대교북단(마포동, 마포대교교차로→마포역)
37.537756	127.091670	30	F	1	강변역로	광진학교 앞
37.537811	127.144409	30	F	2	양재대로	길동초교 앞
37.537960	126.855427	30	F	1	등촌로	신곡초교 건너편
37.537965	127.057933	40	F	2	뚝섬로	두산위브@건너편
37.538207	129.110752	50	F	1	해안로	해안로 해솔학교 어린이보호구역(소방서삼거리→묵호역사거리)
37.538266	127.004581	60	F	1	한남대로	한남1고가차도 앞 3,4차로
37.538298	127.004861	20	F	2	한남대로	한남초교 앞
37.538309	127.004653	60	F	1	한남대로	한남1고가차도 앞 5차로
37.538493	127.216680	30	F	3	대청로22번길	천현초등학교 앞 어린이보호구역(하남시청→꿈동산공원)
37.538626	127.097692	30	F	1	광나루로	프라임유치원 앞(구의동, 강변역→광남초교)
37.538664	127.097425	30	F	2	광나루로	구의현대2단지아파트 앞:스쿨존(프라임유치원)(구의동, 광남초교→강변역)
37.538687	126.950991	30	F	2	도화4길	현대2차아파트 210동 건너편
37.538777	126.824237	20	F	1	남부순환로	양원초교 건너편
37.538943	127.100781	80	S	2	강변북로	올림픽대교 앞 3,4차로
37.539224	126.718419	30	F	3	계산로	해서초교 앞 (북인천중학교 → 경인교대)
37.539257	126.889725	80	S	2	서부간선지하도로	금천IC 방향
37.539518	127.246305	70	F	1	미사대로	좋은하루 카페 앞(광주시청->미사리조정카누경기장)
37.539538	127.673613	30	F	3	보령길	단월초등학교 앞 어린이보호구역(단월중학교→단월면주민자치센터)
37.539607	127.673657	30	F	3	보룡길	단월초교 어린이보호구역(단월주민센터→단월중학교)
37.540070	126.959013	50	F	2	백범로	효창파크푸르지오아파트 102동 앞(효창동, 공덕오거리→효창공원앞역교차로)
37.540318	127.222758	30	F	3	신장동로	창우초등학교 앞 어린이보호구역(스타필드하남→하남검단산역)
37.540474	126.892715	30	F	1	양평로	양평동한신아파트 앞
37.540699	127.231012	60	F	3	창우로	창우지하차도 지나 250m 지점(하남ic->팔당대교)
37.540786	126.847768	30	F	1	까치산로	화일초교 건너편
37.540799	126.735127	50	F	3	장제로	롯데마트 건너편 (임학4 → 까치말4)
37.540960	127.765953	50	F	1	경강로	갈운2리마을회관 입구(횡성군↔용두리)
37.541033	127.147062	30	F	2	명일로	한성유치원 앞
37.541092	127.015680	30	F	2	한림말길	옥정초교 앞:스쿨존(옥수동, 옥수역교차로→옥정중학교)
37.541247	127.020414	80	S	2	강변북로	옥수역 앞 1,2차로 : 시점(옥수동, 성수JC→원효대교)
37.541247	127.020415	80	S	2	강변북로	옥수역 앞 3,4차로 : 시점(옥수동, 성수JC→원효대교)
37.541298	127.033268	80	E	1	강변북로	성수대교 앞 3차로
37.541452	127.148933	30	F	1	명일로	신명초교 앞
37.541798	126.888306	80	E	1	서부간선지하도로	성산대교 방향
37.541899	127.198334	30	F	3	덕풍공원로	덕풍초등학교 어린이보호구역(덕풍공원→덕풍2동행정복지센터)
37.541920	127.219128	30	F	3	대청로59길	신장중학교 앞 삼거리 어린이보호구역(금강유치원)(하남유니온시티→백조현대아파트)
37.542038	126.946185	30	F	2	토정로	염리초교 앞
37.542468	127.221015	30	F	3	더우개로	대명아파트 119동 앞 어린이보호구역(하남유치원)(하남소방소→스타
37.542575	127.175287	30	F	3	초광로	열린어린이집 건너편 어린이보호구역(상일초교→초일동)
37.542586	127.222974	30	F	3	신장동로	새나라공원 어린이보호구역(창우초교)(하남검단산역→스타필드하남)
37.542625	127.175803	30	F	3	초일로	열린어린이집 앞 어린이보호구역(초일동→상일초교)
37.542680	127.030291	80	E	1	강변북로	성수JC 앞 3차로
37.542891	126.970634	50	F	2	청파로	신광초교 앞
37.543093	127.081437	30	F	2	광나루로	구의초교 앞
37.543235	126.874017	30	F	1	목동중앙본로	양화초교 앞
37.543464	129.102114	30	F	1	발한로	발한로 동호초교 어린이보호구역 (묵호역사거리 →부곡삼거리)
37.543473	126.929502	80	S	1	강변북로	서강대교 앞 3,4차로
37.543544	126.846748	30	F	1	초록마을로	화곡초교 건너편:스쿨존(화곡동, 한성타운→까치산로)
37.543875	126.988989	30	F	1	소월로	용암초교입구
37.543902	127.072361	50	F	2	능동로	화양초교 입구
37.543935	129.102277	30	F	1	발한로	동호초등학교
37.544141	126.718853	30	F	3	계양산로	계산초교 앞 (경인여대 → 계산초교4)
37.544194	126.950591	50	F	1	백범로	공덕오거리
37.544404	126.989882	50	S	1	녹사평대로	남산2호터널
37.544467	127.031813	80	F	2	동부간선도로	용비교 앞
37.544643	126.990047	50	E	2	녹사평대로	남산2호터널
37.544680	126.887270	60	F	1	서부간선로	성산대교 남단
37.544694	127.097571	30	F	2	워커힐로	양진초교 건너편
37.545494	127.129130	30	F	1	천중로	강동초교 앞
37.545667	126.953236	30	F	2	만리재로	공덕초교 건너편
37.545778	126.821689	50	F	1	남부순환로	서울자동차운전전문학원 건너편
37.546071	126.649998	60	S	3	중봉대로	중봉지하차도 시점 (경서3 → 율도입구4)
37.546081	126.989070	50	F	1	소월로	용암초교 앞
37.546092	126.650187	60	E	3	중봉대로	중봉지하차도 종점 (율도입구4 → 경서3)
37.546165	127.002829	50	F	1	한남대로	한남동주유소 앞(한남동, 북한남삼거리→버티고개역)
37.546227	127.098027	30	F	1	워커힐로	재한몽골학교 앞
37.546352	126.890300	80	S	1	올림픽대로	한강공원양화지구 1,2차로
37.546386	126.890214	80	S	1	올림픽대로	한강공원양화지구 3,4차로
37.546506	126.742280	30	F	3	병방로	병방초교 앞 (병방4 → 용종지하차도)
37.546582	126.742408	30	F	3	병방로	병방초교 건너편 (용종지하차도 → 병방4)
37.546651	126.860000	30	F	1	등촌로	능안공원 앞
37.547272	127.204836	30	F	3	덕풍동로	써니힐유치원 어린이보호구역(미사리경정장→하남문화예술회관)
37.547442	127.192193	50	F	3	미사강변중앙로	U1센터 사거리 전(코스트코→덕풍터널)
37.547670	127.152631	30	F	1	상암로	대명초교 앞
37.547731	126.723365	30	F	3	계양산로	경인여대 건너편 (계산초교 → 계산고등학교)
37.547828	126.723724	30	F	3	계양산로	경인여대 앞 (계산고등학교 → 계산초교)
37.547963	127.132794	30	F	1	상암로	예꿈어린이집 앞
37.548450	127.124620	30	F	2	올림픽로	화평교회 건너편
37.549027	127.124797	30	F	2	올림픽로	신암초교 앞
37.549386	127.157635	30	F	2	구천면로	한영고교 건너편
37.549712	127.012426	30	F	1	동호로	수암유치원 건너편
37.549791	126.981600	30	F	2	두텁바위로	장우오피스텔 건너편
37.549994	126.946273	30	F	1	숭문6길	정님유치원 앞
37.550739	126.700317	60	F	3	경명대로	(계산초교4 → 공촌3)
37.550759	126.698597	60	F	3	경명대로	육군부대 앞 (공촌4 → 징매이터널)
37.550865	126.838244	30	F	1	강서로	내발산초교 앞
37.550974	127.188738	30	F	3	미사강변중앙로 31번길	향기로운유치원 건너편 어린이보호구역(코스트코하남점→황산지하차도)
37.551214	128.215392	50	F	1	경강로	마암2리마을회관 앞
37.551318	127.168185	30	F	2	구천면로	고일초교 건너편
37.551332	126.872315	30	F	2	양천로	삼성하나로아파트 앞
37.551664	126.868019	30	F	1	공항대로	염창우성아파트 302동 앞
37.551716	126.981140	30	F	1	두텁바위로	후암초교 건너편
37.551728	126.981313	30	F	2	두텁바위로	후암초교 앞
37.551778	129.105410	30	F	1	해안로	해안로 묵호초교 어린이보호구역 (묵호역 →망상)
37.551869	127.135266	30	F	1	암사길	구립보람나무어린이집 건너편
37.551924	127.135140	30	F	2	암사길	구립보람나무어린이집 앞
37.551928	126.688609	60	F	3	경명대로	서부교육청 앞 (공촌정수장 → 공촌4)
37.551967	127.092350	30	F	2	자양로	슬기유치원 건너편
37.552438	126.658033	60	F	3	경명대로	연희지하차도 앞 (경서3 → 공촌4)
37.552773	126.823076	30	F	1	수명로	수명초교 앞
37.552864	126.871910	30	F	1	양천로	염동초교 앞:스쿨존(염창동, 양천로→강변코아루아파트)
37.553112	126.860668	50	F	1	공항대로	백석초교 앞
37.553478	126.960113	30	F	1	마포대로	소의초교 건너편
37.553585	127.210954	70	F	2	미사대로	신풍지하차도 전 200m지점(미사IC → 팔당대교)
37.553967	127.711768	30	F	3	청운로	청운초교 입구 어린이보호구역(용두시외버스터미널→용두교차로)
37.554025	127.097667	30	F	2	영화사로	영화사어린이집 건너편
37.554156	127.711459	30	F	3	청운로	청운초등학교 입구 어린이보호구역(용두교차로→용두시외버스터미널)
37.554199	126.923803	30	F	2	홍익로	마포평생학습관 앞
37.554240	127.142807	30	F	1	고덕로	명일초교 건너편
37.554327	126.810052	40	F	2	하늘길	김포세관화물청사B게이트 건너편
37.554466	126.748388	50	F	3	동양로	계양하우스토리 앞 (귤현역 → 용종4)
37.554784	126.925952	30	F	1	와우산로	서교초교 앞
37.554819	127.012108	30	F	1	동호로	신일유치원 건너편
37.554949	127.154283	40	F	1	고덕로	고덕역 4번출구 앞
37.555113	127.002378	50	E	1	녹사평대로	남산2호터널
37.555122	126.921668	50	F	1	양화로	홍대입구역사거리
37.555208	126.873654	80	S	2	올림픽대로	염창교 앞 3,4차로
37.555237	127.002420	50	S	2	녹사평대로	남산2호터널
37.555358	127.012273	30	F	2	동호로	신일교회 앞
37.555359	126.896084	80	S	2	강변북로	한강공원 망원지구 앞 3,4차로 : 시점(망원동, 성산대교→한강철교, 구리방면)
37.555378	126.939650	30	F	1	백범로	창천초교 앞
37.555417	126.871021	30	F	2	양천로	염경초교 건너편
37.555733	127.129267	30	F	1	고덕로	선사초교 앞
37.555738	126.967408	30	F	2	만리재로	중림어린이집 건너편
37.556400	126.622500	100	S	3	인천국제공항고속도로	시점 3,4차로 (청라IC → 금산IC)
37.556490	127.146304	30	F	1	양재대로	명덕초교 앞:스쿨존(고덕동, 명일중학교→양재대로)
37.556517	127.137979	30	F	1	고덕로	강동현대홈타운아파트 앞
37.556769	127.018540	30	F	1	매봉18길	구립금호어린이집 앞
37.556989	127.152110	30	F	1	양재대로	고덕119안전센터 건너편
37.557112	126.934314	30	F	2	연세로	창서초교
37.557207	126.934618	30	F	2	연세로	창서초교 앞
37.557351	127.189037	30	F	3	미사강변대로 54번길	미사랑유치원 어린이보호구역(하남시장애인복지관→하남시청소년수련관)
37.557380	126.947463	20	F	2	이화여대	대신초교 앞
37.557559	127.159350	30	F	1	고덕로	한국구화학교 건너편
37.557564	126.903176	30	F	1	월드컵로	동교초교 앞
37.557644	126.951868	30	F	1	신촌로	아현중앙교회 건너편
37.557712	126.677248	50	F	3	서곶로	대인고등학교 건너편 (검암4 → 공촌4)
37.557734	127.154360	30	F	2	동남로	묘곡초교 앞
37.557852	126.967510	30	F	1	중림로	중림파출소 앞
37.558036	127.015025	30	F	2	청구로	청구초교 앞
37.558163	126.652013	30	F	3	경서로31번길	경서초교 건너편 (어린이공원 → 태평아파트)
37.558187	128.107640	30	F	1	청정로	갑천초등학교 앞
37.558188	126.983292	50	F	1	소공로	회현119안전센터 앞
37.558291	126.894698	60	F	1	성산로	성산대교북단
37.558323	126.823233	30	F	2	마곡중앙	공진초교 앞:스쿨존(마곡동, 마곡하늬중학교→마곡중앙로)
37.558402	127.161316	30	F	2	동남로	강덕초교 앞
37.558490	126.822780	30	F	1	마곡중앙로	공진초교 후문 건너편
37.558495	127.326542	60	F	3	북한강로	골용진 입구(용늪삼거리→양평수난구조대)
37.558708	126.996208	30	F	1	필동로	CJ인재원 건너편
37.558873	126.947860	30	F	2	이화여대8길	대현럭키아파트104동
37.559249	127.159350	30	F	1	동남로	묘곡초교 앞
37.559530	127.011875	30	F	2	청구로	장충초교 앞
37.559562	127.070456	80	F	2	동부간선도로	군자교 부근
37.559745	127.018874	30	F	1	청구로	예수소망교회 앞(신당동, 신금호역교차로→청구역사거리)
37.560081	127.165065	30	F	1	동남로	고덕마을활력소 건너편
37.560150	127.155299	30	F	2	동남로	고덕아이파크@106동 건너편
37.560178	126.850281	30	F	2	공항대로	등원초교 앞:스쿨존(등촌동, 가양3-5단지교차로→가양지구대)
37.560246	127.001901	30	F	1	동호로	구립충무어린이집 앞
37.560259	126.637282	60	F	3	환경로	드림파크야구장 앞 (북인천IC입구4 → 국립생물자원관)
37.560302	126.901474	30	F	1	월드컵로	망원초교 앞:스쿨존(망원동, 망원휴먼빌아파트→월드컵로)
37.560440	126.900855	30	F	2	방울내로	망원초교 앞
37.560489	127.015373	30	F	2	청구로	흥인초교입구
37.560838	126.854352	30	F	1	화곡로	유석초교 앞
37.561254	127.019468	30	F	2	다산로	청구성당
37.561307	127.165729	30	F	2	고덕로	고덕초교 건너편
37.561716	126.942968	30	F	1	성산로	이화여대부속초교 앞
37.562100	126.955670	30	F	2	북아현로	북아현문화체육센터 앞
37.562169	126.888063	80	E	1	강변북로	난지센터 앞 3,4차로
37.562181	126.888047	80	E	1	강변북로	난지센터 앞 1,2차로
37.562210	126.835970	30	F	2	마곡중앙	엠밸리큰나무어린이집 건너편:스쿨존(마곡동, 양천초교→공항대로)
37.562211	127.014250	30	F	1	청구로	신당동어린이집 앞:스쿨존(신당동, 청구로→중부소방서)
37.562241	127.001183	30	F	1	퇴계로	충무초교 앞
37.562283	128.355828	100	E	2	영동고속도로	고속도로176km
37.562300	126.639500	100	E	3	인천국제공항고속도로	종점 3,4차로 (금산IC → 청라IC)
37.562398	126.836013	30	F	1	마곡중앙	엠밸리큰나무어린이집 앞:스쿨존(마곡동, 공항대로→양천초교)
37.563149	127.956581	80	F	1	영서로	영서로
37.563508	127.061151	30	F	1	한천로	군자초교 앞:스쿨존(장안동, 금성빌라→한천로)
37.563569	126.965319	50	F	1	충정로	미동초교 앞
37.563978	126.972927	20	F	2	서소문로	서울시청직장어린이집 앞
37.564001	126.953396	30	F	1	북아현로	추계초교 앞
37.564066	126.953651	30	F	2	북아현로	순복음반석교회 앞
37.564234	127.115202	60	F	2	아차산로	한국석유공사 구리지사 앞
37.564635	126.963817	30	F	2	경기대로	인창중학교 건너편
37.564656	126.963020	30	F	1	경기대로	경기초교
37.564709	126.963996	30	F	2	경기대로	인창중학교 앞
37.564746	128.348338	30	F	1	태기로	면온초등학교
37.564760	127.199530	70	F	1	미사대로	조정지하차도 지나 300m(팔당대교->미사IC)
37.564824	127.022427	30	F	2	다산로	성동고교 앞
37.564950	127.083076	30	F	1	긴고랑로	중광초교 건너편
37.565030	127.041803	30	F	1	마조로	성동노인종합복지관 건너편
37.565035	127.082936	30	F	2	긴고랑로	중광초교 앞
37.565510	127.080267	30	F	1	긴고랑로	중마초교 건너편
37.565572	127.079450	20	F	1	동일로	중마초교 앞:스쿨존(중곡동, 신성그랜드타워아파트→동일로)
37.565611	127.070979	30	F	2	답십리로	안평초교 앞
37.565721	126.912483	80	F	2	내부순환로	성산2교 2,3차로
37.566122	126.910831	50	F	2	월드컵북로	중동초교 건너편
37.566225	126.914622	50	F	2	성산로	모래내고가차도 종점
37.566285	127.205516	30	F	3	미사동로40번길	피터팬랜드어린이집 앞 어린이보호구역(팔당대교→미사대교)
37.566689	127.043524	50	F	2	마장로	마장동주민센터 교차로
37.567144	126.749792	30	F	3	양지로	계양센트레빌1단지 앞 (귤현동부4 → 귤현교회4)
37.567467	128.429631	50	F	1	평창대로	재산주유소 맞은편
37.567709	127.072374	30	F	2	답십리로	세하유치원 건너편
37.567930	127.072620	30	F	2	답십리로	세하유치원 앞
37.568022	126.893363	50	F	2	월드컵로	월드컵경기장교차로
37.568312	126.948020	50	F	2	성산로	금화터널 앞
37.568492	126.961722	30	F	2	독립문로	동명여자중학교 건너편
37.568643	126.974227	20	F	1	덕수궁길	덕수초교 앞
37.568648	127.056081	30	F	2	전농로	답십리초교 앞
37.568696	126.811632	30	F	2	금낭화로	금낭화유치원 앞
37.568717	126.960694	30	F	1	독립문로	산경아파트 앞
37.568843	126.961700	30	F	1	독립문로	동명여자중학교 앞
37.569493	127.156208	80	F	2	올림픽대로	올림픽대로 음식물재활용센터 건너편 1,2차로(고덕동, 강일IC→강동고덕IC)
37.569610	126.807399	30	F	2	양천로	신남교회 앞:스쿨존(방화동, 개화산역교차로→방화초교)
37.569736	126.933408	50	F	1	연희로	연희초교 앞
37.569834	126.840825	30	F	1	양천로	구립가양어린이집 앞
37.570265	126.840707	30	F	2	양천로	양천초교 앞:스쿨존(가양동, 다솔씨티하임아파트→양천향교역교차로)
37.570630	127.158875	60	F	2	올림픽대로	음식물재활용센터 건너편
37.570867	127.038019	50	F	1	고산자로	마장동우체국 앞
37.572251	126.962409	50	F	1	사직로	현저고가 앞(행촌동, 금화터널→사직터널)
37.572545	126.987828	30	F	2	삼일대로	낙원상가
37.572565	129.098498	60	F	1	동해대로	사문재
37.572575	126.987751	30	F	1	삼일대로	낙원상가
37.572636	127.036540	30	F	2	청계천로	햇살어린이집 앞
37.572867	127.225203	60	F	1	경강로	강북취수장 앞(팔당대교→덕소IC)
37.573256	127.073876	30	F	2	답십리로	장평초교 앞
37.573636	127.043339	30	F	1	천호대로	신답초교 앞
37.573697	127.052466	30	F	2	사가정로	동대문중학교 앞
37.573742	127.122207	60	F	1	아차산로	아치울마을 입구
37.573788	126.960450	30	F	2	통일로	독립문초교 앞:스쿨존(무악동, 린덴바움숲유치원→독립문)
37.574087	126.844745	80	E	1	올림픽대로	궁산근린공원 건너편 1,2차로
37.574121	126.844638	80	E	1	올림픽대로	궁산근린공원 건너편 3,4차로
37.574232	127.080807	30	F	2	면목로	이화어린이집 건너편:스쿨존(면목동, 중곡초교→동일로)
37.574374	127.126494	40	F	1	사가정로	아천 TG 지나 100m지점 (아천IC교차로 → 암사대교)
37.574392	127.126521	40	F	1	사가정로	아천 TG 지나 100m지점 (용마터널 → 강변북로)
37.574644	126.663482	60	F	3	봉수대로	백석대교 (아시아드4 → 백석교차로)
37.574669	127.126586	40	F	1	사가정로	아천 TG 전 100m지점 (강변북로 → 용마터널)
37.574916	127.055583	30	F	1	답십리로	예뜰어린이집 건너편
37.575511	126.975222	40	F	1	사직로	정부서울청사 앞
37.575584	127.034401	70	F	2	내부순환로	마장IC 출구부(용두동, 월곡IC→사근IC)
37.575725	126.965658	30	F	2	인왕산로	단군성전 앞
37.575790	127.194380	70	F	2	미사대로	(망월동 835) SK셀프주유소 앞
37.575902	126.978405	40	F	2	사직로	광화문 앞
37.575992	127.045317	30	F	2	황물로	동대문실버케어센터 앞(답십리동, 답십리로→신답경남아파트)
37.576028	128.339000	60	F	1	태기로	(면온리 평창돼지갈비 앞, 휘닉스파크→면온IC)
37.576201	128.421616	40	F	1	평창대로	메밀꽃유치원
37.576218	127.219759	60	F	1	경강로	도곡근린공원 건너편(서울→양평)
37.576664	127.913128	80	F	1	영서로	홍천→횡성)
37.576697	127.145581	80	F	1	강변북로	강변북로 토평삼거리
37.577000	127.076592	30	F	1	장안벚꽃로	동국대부속중학교 건너편(장안동, 장평교→장안교)
37.577097	126.969601	30	F	2	필운대로	세븐일레븐 종로배화점 건너편
37.577676	127.074275	30	F	1	답십리로	동국천문대 앞:스쿨존(장안동, 장평초교→사가정로)
37.577888	126.931237	70	F	1	내부순환로	홍연2교 2,3차로
37.578088	127.076866	80	S	1	동부간선도로	면목삼익아파트 3차로
37.578126	127.153338	70	F	1	강변북로	GS칼텍스 주유소 앞
37.578241	126.864590	30	F	1	청초로	삼정아파트 101동 건너편(덕은아파트↔덕은오프스텔)
37.578366	127.076237	30	F	2	장안벚꽃로	은석초교 앞:스쿨존(장안동, 장안교지하차도→장평교)
37.578539	127.066853	30	F	1	사가정로	배봉초교 건너편:스쿨존(전농동, 전농동사거리→배봉초교교차로)
37.578696	127.131737	100	S	1	세종포천고속도로	세종포천고속도로 0.7km 시점2,3차로(구리→포천)
37.578730	127.067418	30	F	2	사가정로	준마트 앞
37.578751	127.131653	100	F	1	구리포천고속도로	세종포천고속도로 0.7K 구리터널 입구 전 구간시점 2,3차로 (구리  → 포천)
37.579154	126.985372	30	F	2	북촌로	재동초교 앞
37.579300	126.881830	30	F	1	월드컵로	상지초교 건너편
37.579325	126.733681	30	F	3	황어로	계양초교 건너편 (이화동 → 인혜학교)
37.579396	126.810625	30	F	2	금낭화로	삼정초교 앞:스쿨존(방화3동, 삼정중학교→방화진로아파트)
37.579399	127.145867	60	F	1	벌말로	코스모스사거리
37.579495	126.881624	30	F	1	월드컵로	상지초교 앞
37.579522	127.016506	30	F	2	동망산길	청룡사 앞
37.579674	127.145932	60	F	2	벌말로	코스모스사거리 (벌말삼거리->토평삼거리)
37.580201	126.919496	30	F	1	증가로	DMC센트럴아이파크아파트106동
37.580330	126.856760	90	F	2	자유로	GL메트로시티한강지식산업센터 앞 5차로(서울→파주)
37.580638	127.088937	50	F	1	사가정로	사가정역 앞(면목동, 용마한신아파트교차로→장안교사거리)
37.581019	126.932424	30	F	1	백련사길	서대문문화체육회관 앞
37.581310	127.030550	30	F	2	무학로	종암초교 앞:스쿨존(제기동, 성일중학교→무학로)
37.581331	128.147170	40	F	1	청정로	청일초등학교
37.581753	126.997121	50	F	2	창경궁로	국립어린이과학관 앞
37.582220	128.406083	100	S	1	영동고속도로	고속도로181.4km
37.582753	127.125891	30	F	1	한다리길	두레자연유치원 앞
37.582814	127.125591	30	F	1	한다리길	두레자연유치원 어린이보호구역(한다리마을입구교차로→백교저수지)
37.582862	126.658319	60	F	3	드림로	현대자동차검사소 건너편 (왕길고가교 → 드림파크)
37.583010	126.658687	60	F	3	드림로	현대자동차검사소 앞 (드림파크 → 왕길고가교)
37.583230	127.029960	30	F	2	안암로	성북시니어클럽 앞
37.583329	127.017932	30	F	1	보문사길	동신초교 앞
37.584014	126.968513	30	F	2	필운대로	서울농학교 건너편
37.584090	126.968629	30	F	2	필운대로	서울농학교 앞
37.584208	126.671616	60	F	3	드림로	신생요양원 앞 (왕길고가교 → 독정4)
37.585018	126.971106	30	F	1	자하문로	무궁화어린이집 건너편
37.585127	126.817932	80	F	2	올림픽대로	방화차량기지앞
37.585344	126.899429	30	F	2	은평터널로	효림유치원 앞
37.585391	126.696838	50	F	2	이음1로	원당입구3 (독정4→갈현3)
37.585601	126.949103	30	F	2	통일로	새솔어린이집 앞
37.585871	126.949503	30	F	1	통일로	새솔어린이집 건너편
37.586222	127.070931	30	F	2	장안벚꽃로	휘봉초교 앞
37.586371	126.922720	30	F	2	백련산로	응암어린이집 건너편
37.586728	127.145538	60	F	1	장자대로	장자3삼거리 토평도서관 앞
37.586871	127.134744	30	F	2	장자대로	장자초교 앞
37.586965	126.920160	30	F	1	응암로	원가정의원 앞
37.587064	127.145571	50	F	1	장자대로	장자3삼거리(장지2사거리->벌말삼거리)
37.587419	127.147343	30	F	1	장자대로	토평초교 어린이보호구역(새싹공원→토평중)
37.587458	127.134514	30	F	1	장자대로	장자1사거리 교문2동행정복지센터앞
37.587466	127.147368	30	F	2	벌말로	토평초교 앞
37.587550	126.680498	60	F	3	드림로	KCC아파트 앞 (원당입구3 → 독정4)
37.587567	127.134855	40	F	1	장자대로	장자1사거리 장자초교 앞
37.587602	126.681060	60	F	3	드림로	KCC아파트 건너편 (독정4 → 원당입구3)
37.587721	127.130322	60	F	1	아차산로	도림삼거리 구리경찰서 앞
37.587751	127.131932	40	F	2	장자대로	백문초교 앞
37.588032	127.131968	30	F	2	장자대로13번길	백문초교 건너편 어린이보호구역(덕현아파트→장자대로)
37.588092	127.132054	30	F	2	장자대로	백문초교 앞
37.588698	126.945771	30	F	2	세무서	서울대성병원 앞
37.589272	126.921313	30	F	2	응암로	백련산힐스테이트아파트 409동
37.589605	126.670779	30	F	3	청마로	백석초교 앞(검단힐스테이트4차 → 당하중학교)
37.589880	127.047579	30	F	1	회기로	삼육초교 앞:스쿨존(회기동, 청량사→홍릉초교)
37.589973	127.143243	30	F	1	장자대로	부양초교 앞
37.590131	127.143659	30	F	2	장자대로	부양초교 건너편 토평중학교 앞
37.590471	127.845687	30	F	1	시동안로	매산초등학교
37.590758	127.137924	60	F	2	검배로	수택행정복지센터 앞 삼거리 (장자호수공원삼거리 → 한성아파트앞사거리)
37.590903	126.698497	30	F	3	고산후로	발산초교 앞 (원당입구3 → 원당4)
37.591036	126.946962	30	F	1	세무서	홍제역해링턴플레이스아파트 건너편
37.591161	127.030337	30	F	1	북악산로	고려대학교어린이집 앞
37.591315	127.055992	30	F	1	경희대로	청량초교 건너편
37.591352	129.090029	30	F	1	동해대로	동해대로 망상초교 어린이보호구역 (발한 →옥계)
37.591691	127.142771	30	F	2	이문안로	부양초교 건너편 (럭키아파트 앞 상가)
37.591725	127.131264	60	F	1	아차산로	정각사입구교차로
37.591902	127.142244	30	F	2	이문안로	행복주택아파트 건너편
37.592203	126.871961	80	E	2	제2자유로	현천교 종점 3차로(파주→서울)
37.592216	127.137822	30	F	1	체육관로	한성아파트앞 사거리
37.592786	126.658902	60	F	3	원당대로	구간 (롯데마트 → 안동포4)
37.593087	127.152624	30	F	2	검배로	SK신일아파트 앞
37.593200	127.220800	50	F	2	수레로115번길	예봉초교 앞(덕소삼패IC->팔당)
37.593468	126.944959	30	F	2	세검정로	홍제초교 앞
37.593829	126.673009	50	F	3	원당대로	완정4 (검단소방서 → 안동포4)
37.593940	127.012980	30	F	2	동소문로13길	돈암초교 건너편
37.593978	127.150838	50	F	2	벌말로	검배사거리 (코스모스사거리 → 검배체육문화센터)
37.594130	127.152348	60	F	2	검배로	검배2삼거리 (수택동사거리 →  가운사거리)
37.594224	126.921005	30	F	2	응암로	와우랩유치원 건너편
37.594361	127.150958	60	F	1	벌말로	검배사거리 토평주공 아파트 앞
37.594440	129.084966	60	F	1	동해도로	망상2교차로
37.594441	126.992200	30	F	2	성북로	현대빌라 건너편:스쿨존(서울다원학교)(성북동, 성북우정의공원→성북초교)
37.594455	127.150631	60	F	1	검배로	검배사거리
37.594525	127.101721	30	F	2	용마공원로	망우3치안센터 앞
37.594527	126.919588	30	F	2	응암로	응암2동마을마당 앞
37.594605	127.131279	50	F	1	아차산로	구리시청 건너편
37.595324	127.818511	30	F	1	시동안로	협신초등학교
37.595643	126.951353	70	E	2	내부순환로	홍은램프200m전방 2,3차로
37.595750	126.956284	70	S	1	내부순환로	홍지문터널입구 3차로
37.595759	127.013097	30	F	2	성북로	우촌초교 입구:스쿨존(돈암동, 우촌유아학교→동선브라운스톤아파트)
37.596110	126.861476	80	F	1	제2자유로	현천IC(서울→파주)
37.597168	127.133335	30	F	1	안골로	교문초교 건너편
37.597293	127.076160	30	F	2	중랑역로	수산유치원 앞(중화동, 봉화어린이공원→중랑역)
37.597309	126.919419	30	F	2	은평로	은명초교 앞
37.597311	127.133016	30	F	2	안골로	교문초교 앞
37.597480	126.700480	30	F	3	고산로	일영유치원 앞 (창신초교 → 원당동행정복지센터)
37.597594	127.011123	30	F	2	아리랑로	돈암2동주민센터
37.597721	127.143628	50	F	1	검배로	수택동사거리
37.597744	126.700491	30	F	3	고산로	일영유치원 건너편 (원당동행정복지센터 → 창신초교)
37.598067	126.905746	30	F	2	가좌로	상신초교 앞
37.598875	127.007407	30	F	2	북악산로	가람어린이집 앞
37.598972	127.023950	30	F	1	정릉로	희망찬유치원 앞:스쿨존(돈암동, 돈암동풍림아파트→길음역)
37.599088	127.738169	30	F	3	한서로	백양치→양덕원
37.599170	127.067804	50	F	1	한천로	주품에교회 앞
37.599699	127.173950	50	F	3	다산지금로	다산한강초교 건너편 어린이보호구역(수석IC→남양주시청제2청사)
37.599892	126.933655	30	F	1	은평로	힐스테이트녹번역아파트 앞
37.600365	127.130737	60	F	2	아차산로	교문사거리(세무서입구삼거리 → 인창삼거리)
37.600651	127.147118	30	F	1	경춘로	구리초교 어린이보호구역(검배근린공원→구리역)
37.600658	127.135804	50	F	1	경춘로	유탑유블레스시티 앞 교차로
37.600681	127.147141	30	F	2	경춘로	구리초교 앞
37.600854	126.956790	30	F	2	홍지문2길	상명사대부속초교 앞
37.601037	127.130817	60	F	2	동구릉로	교문사거리
37.601201	127.141045	50	F	1	검배로	돌다리사거리
37.601228	127.124411	50	F	1	경춘로	딸기원 입구 삼거리
37.601260	126.828938	90	F	1	자유로	자유로 3,4차로(서울→문산)
37.601530	127.029050	30	F	1	종암로	종암래미안아파트 101동
37.602332	126.915072	30	F	1	연서로	역촌초교 앞
37.602454	126.961284	50	F	2	세검정로	세검정초교 앞
37.602516	127.035656	70	E	2	내부순환로	하월곡분기점 3,4차로
37.602586	127.145015	50	F	1	경춘로	롯데백화점 앞 교차로
37.602721	127.135285	50	F	1	응달말로	포스빌아파트 건너편
37.603141	126.665027	30	F	3	검단로	능내초교 건너편 (검단도서관 → 검단고등학교)
37.603142	126.937369	30	F	2	통일로	자연유치원 건너편
37.603494	126.639122	60	F	3	중봉대로	검단오류풍림아파트 부근 (금곡교차로 → 검단1교차로)
37.603756	127.031489	70	S	1	내부순환로	이마트하월곡점 건너편 2,3차로
37.603765	126.720495	30	F	3	풍무로93번길	양도초교 정문 어린이보호구역(풍무고교→양도사거리)
37.603771	127.013091	30	F	2	서경로	숭덕초교 앞
37.603919	127.134911	30	F	2	응달말로	인창동행정복지센터 앞
37.603951	127.140246	30	F	1	건원대로	구리등기소 앞 교차로
37.604448	126.918967	30	F	1	진흥로	역촌유치원 건너편
37.604456	127.133545	50	F	1	동구릉로	인창경로식당 앞
37.604488	127.071159	80	F	2	동부간선도로	대우푸르지오@ 앞
37.604615	127.142058	30	F	1	건원대로	구리우체국 사거리
37.604628	127.114584	100	F	2	구리-포천고속도로	구리포천고속도로 4.5k 구리터널입구 전(포천->구리)
37.604675	127.114719	100	F	1	구리포천고속도로	구리포천고속도로 4.5k 구리터널 입구 전 (포천 → 구리)
37.605083	126.592550	30	F	3	학운3단로17번길	시립학운어린이집 어린이보호구역(삼도로→학운산단3로)
37.605242	127.104260	30	F	2	송림길	동원초교 건너편
37.605472	127.130736	30	F	1	인창2로	인창초교 앞
37.605488	127.130740	30	F	2	인창2로	인창초교 건너편 어린이보호구역(북부간선로→동구릉로)
37.605944	128.442472	60	F	1	경강로	진부→용평면)
37.606464	127.141809	30	F	2	장미1길	구지초교 건너편 어린이보호구역(동구초교→구리역)
37.606560	126.720527	30	F	3	승가로	중앙유치원 어린이보호구역(풍무파출소→중앙승가대학교)
37.606578	126.720873	30	F	3	승가로	중앙유치원 앞 어린이보호구역(중앙승가대학교→풍무사거리)
37.606581	127.141838	30	F	2	건원대로	구지초교 앞
37.606583	128.438222	60	F	1	경강로	용평면→진부)
37.606641	127.142871	30	F	1	건원대로	구지초교 후문 앞
37.606661	127.143335	30	F	2	건원대로	구지초교 후문 건너편
37.606915	127.034265	30	F	2	오패산로	성북청소년미래지원센터 앞:스쿨존(하월곡동, 월계로→성북트리즘빌딩교차로)
37.607388	126.819404	60	F	1	호국로	행주고가 3,4차로(행주대교→능곡사거리)
37.607536	127.134298	40	F	1	동구릉로	건원초교 어린이보호구역(인창초교->동인초교)
37.607543	126.843751	30	F	2	강매로	해달별유치원 어린이보호구역(강매역→강매IC)
37.607546	127.134308	40	F	1	동구릉로	배탈고개 삼거리
37.607813	127.130795	50	F	2	동구릉로	인창동 부영아파트 앞
37.607995	127.130846	50	F	1	인창1로	인창동 아름마을 아파트 앞
37.608200	126.417800	60	F	3	해안남로	흥왕2리마을회관 건너편 (학생교육원 → 흥왕보건소)
37.608244	127.141361	30	F	1	건원대로	동구초교 사거리 주공4단지 앞
37.608287	127.140987	30	F	2	건원대로	동구초교 사거리 예향교회 앞
37.608311	127.141187	30	F	1	건원대로	동구초교 앞
37.608478	127.019472	30	F	1	길음로	길음현대아파트
37.608625	126.842805	70	S	1	권율대로	시점 3차로(서울->고양)
37.608755	126.842412	70	E	2	권율대로	종점 3차로(고양->서울)
37.609024	127.030009	50	F	2	동소문로	미아사거리(길음동, 방천시장입구교차로→길음역교차로)
37.609036	127.053700	70	F	1	북부간선도로	래미안석관아파트 앞
37.609070	126.910840	30	F	2	갈현로	구산중학교입구
37.609449	127.262531	30	F	2	수레로	월문초교 어린이보호구역(화도->와부)
37.609465	126.915265	30	F	1	연서로	예일초교 앞
37.609617	126.812576	80	F	1	제2자유로	능곡IC(서울→파주)
37.609739	127.134126	30	F	2	동구릉로	동인초교 건너편 어린이보호구역(아름마을원일아파트→동구중)
37.609763	127.134041	30	F	2	동구릉로	동인초교 앞
37.609829	127.134176	30	F	1	동구릉로	동인초교 앞 건너편
37.610086	127.130547	30	F	1	동구릉로	자닮유치원 어린이보호구역(다우림아파트→희망찬교회)
37.610099	127.130527	30	F	1	동구릉로	자닮유치원 앞
37.610128	126.898887	60	F	2	덕양로	DMC두산위브더퍼스트아파트(도래울→신사동)
37.610311	126.737994	70	F	3	김포대로	태리교차로(김포시청->김포IC)
37.610670	126.898290	60	F	2	덕양로	DMC두산위브더퍼스트아파트 건너편(신사동->도래울)
37.610702	126.946098	50	F	1	진흥로	구기터널 서단(불광동, 구기터널삼거리→서울혁신파크교차로)
37.610878	127.132042	30	F	1	동구릉로	인창래미안 503동 앞
37.610940	126.993522	50	F	2	정릉로	국민대학교 건너편
37.610957	127.140661	60	F	1	건원대로	롯데아울렛 건너편
37.611077	129.034220	40	F	1	옥계로	옥계초등학교
37.611194	127.140125	60	F	2	동구릉로	롯데아울렛 앞 3,4차로
37.611244	126.773954	80	E	1	김포한강로	종점 3차로(강화→서울)
37.611270	126.773982	80	E	1	김포한강로	종점 2차로(강화→서울)
37.611294	126.774006	80	E	1	김포한강로	종점 1차로(강화→서울)
37.611328	126.774044	80	S	2	김포한강로	시점 1차로(서울->강화)
37.611354	126.774070	80	S	2	김포한강로	시점 2차로(서울->강화)
37.611376	126.774091	80	S	2	김포한강로	시점 3차로(서울->강화)
37.611401	127.133419	30	F	3	동구릉로	동인초교 후문 (인창2차e편한세상→인창래미안)
37.611553	129.034470	40	F	1	옥계로	옥계초등학교
37.611889	126.821584	60	F	2	행신로	행주고가사거리 전100m(능곡>행주대교)
37.612188	127.137806	50	F	1	응달말로	건영아파트 앞
37.613895	127.038054	50	F	2	월계로	동방주유소건너편(미아동,북서울꿈의숲→미아R)
37.614137	127.340598	50	F	2	북한강로	백월리입구교차로(가평→남양주)
37.614144	126.834132	30	F	2	용현로5번길	천주교행신2동성당 건너편(충장근린체육공원→용현초교)
37.614164	126.835102	30	F	2	용현로5번길	천주교행신2동성당(용현초교→충장근린체육공원)
37.614213	126.893558	60	F	1	봉산로	경동택배(덕은교교차로→용두초교)
37.615143	126.639339	50	F	3	봉수대로	한사랑어린이집 앞 (왕길지하차도 → 해병2사단입구)
37.615466	126.741003	80	E	1	국도48	(태장로) 종점 3차로
37.615471	126.741179	80	S	2	국도48	(태장로) 시점 3차로
37.616474	127.097732	70	F	2	북부간선도로	신내IC 후방 500m(신내동, 묵동IC→중랑IC)
37.616538	127.137889	60	F	1	동구릉로	추담골 남원추어탕앞
37.616929	127.034592	30	F	2	오현로	예원어린이집 앞
37.617131	126.622963	30	F	3	황금로	보듬이나눔이어린이집 어린이보호구역(자연앤데시앙아파트→이젠지식산업센터)
37.617210	126.890800	60	F	1	덕양로	(서울->고양)
37.617943	129.049726	60	F	1	동해대로	옥계역앞교차로
37.618021	127.274724	50	F	2	수레로	쉴모텔 앞 (차산초교->덕소)
37.618064	127.143690	50	F	1	왕숙천로	인창해모르아파트 삼거리(인창고삼거리→구리119구조구급대)
37.618074	127.006241	30	F	2	솔샘로	정릉풍림아이원아파트 114동 건너편
37.618105	126.721692	30	F	3	돌문로	사우어린이집 어린이보호구역(김포시종합운동장→사우삼거리)
37.618309	126.721350	30	F	3	돌문로	사우어린이집 앞 어린이보호구역(사우고교→김포종합운동장)
37.618378	126.749913	30	F	3	상미3로	물빛유치원 어린이보호구역(향산초교→풍곡리)
37.618619	126.916742	30	F	2	연서로	갈현초교 앞
37.619224	127.768042	30	F	1	양덕원로	명덕초등학교
37.619249	127.139797	60	F	1	동구릉로	동창마을삼거리
37.619757	127.768237	30	F	1	양덕원로	명덕초등학교
37.619826	126.812156	60	F	3	호국로	(일산→서울)
37.619959	126.812265	60	F	3	호국로	(서울→일산)
37.620052	127.158047	30	F	3	다산순환로	다산새봄초교 어린이보호구역(미금중→남양주다산유치원)
37.620362	127.167731	60	F	2	진관로	2, 3차로(진관IC→남양주시청제2청사)
37.620445	127.173686	50	F	3	다산지금로	다산한강초교 어린이보호구역(남양주시청제2청사→수석IC)
37.620600	126.831267	30	F	1	행신로143번길	글로벌동심유치원 건너편 어린이보호구역(무원초교→신능초교)
37.620656	127.580188	50	F	3	약산로	(김포항공일반산업단지→대벽교차로)
37.620971	126.724985	30	F	2	사우로	사우초교 후문 삼거리 어린이보호구역(아이파크아파트→사우초교)
37.621197	127.047152	30	F	2	월계로	장월초교 건너편
37.622351	126.722260	30	F	3	사우중로74번길	김포시노인종합복지관 노인보호구역(사우역→김포시보건소)
37.622443	126.820094	30	F	2	능곡로13번길	성원상떼빌 능곡성당유치원 어린이보호구역(에이스빌아파트→능곡역)
37.622546	126.480534	50	F	3	보리고개로	길상교회 부근 (장흥교차로 → 길화교 교차로)
37.623149	126.724385	30	F	3	풍년로	예원유치원 어린이보호구역(김포사우아이파크→김포시보건소)
37.623216	126.724611	30	F	3	풍년로	예원유치원 건너편 어린이보호구역(김포시보건소→김포사우아이파크아파트)
37.623817	126.717844	30	F	3	김포대로926번길	금파중학교 앞 어린이보호구역(금파초교사거리→사우제3어린이공원)
37.624201	126.832075	30	F	2	충장로123번길	신능초교 후문 어린이보호구역(지도공원→행신초교)
37.624473	127.089100	30	F	2	화랑로	화랑타운아파트 705동 앞
37.624504	126.494411	60	F	3	초지로	길상교차로 (장흥교차로 → 초지현 2교차로)
37.624537	126.830839	30	F	1	충장로123번길	신능초교 건너편 어린이보호구역(샘터마을3단지→지도공원)
37.624968	127.117899	100	S	1	세종포천고속도로	세종포천고속도로 7km 종점2,3차로(구리→포천)
37.625335	127.118339	100	F	1	구리포천고속도로	세종포천고속도로 6.8K 갈매동구릉영업소 전 구간종점 2,3차로 (구리→포천)
37.625935	127.091873	30	F	1	화랑로	태랑초교 건너편
37.626158	126.710551	30	F	3	북변중로	김포기원 앞 어린이보호구역(김포초교)(우체국앞사거리→김포북변산호아파트)
37.626231	127.110919	60	F	1	경춘북로	새우개 삼거리
37.626450	128.861920	60	F	1	백두대간로	샘터휴게실 앞
37.626511	126.684955	60	F	3	김포한강3로	감정1교 하부도로 (허산입구삼거리→나진IC)
37.627502	127.015797	30	F	2	삼양로	한빛맹학교 앞:스쿨존(수유동, 삼양로→서울효정학교)
37.627612	126.792139	80	S	2	제2자유로	도촌천 1교 시점 3차로(파주→서울)
37.627931	127.063437	30	F	2	마들로	녹천초교 앞
37.627940	126.704266	30	F	3	북변1로16번길	김포어린이집 앞 어린이보호구역(김포서초교)(북변대우아파트→김포본동행정복지센터)
37.628000	127.318132	100	S	2	수도권제2순환고속도로	수도권제2순환고속도로 318km 시점 1,2차로(화도→양평)
37.628002	126.704382	30	F	3	북변1로16번길	시립김포어린이집 건너편 어린이보호구역(김포본동행정복지센터→북변대우아파트)
37.628056	127.016304	30	F	1	삼양로	한빛맹학교 건너편
37.628072	127.050304	30	F	2	월계로	월계초교 건너편
37.628212	127.648185	40	F	1	단일로	대곡초등학교
37.628403	127.647976	40	F	1	한서로	대곡초등학교
37.628521	127.115352	30	F	2	갈매중앙로	갈매초교 건너편
37.628663	127.115606	30	F	1	갈매중앙로	갈매초교앞
37.628906	126.835806	60	F	1	충장로	민방위사거리 전 100m(행신역->원당역)
37.628962	126.785894	80	F	1	신평길	신평IC 전 200m(서울→파주)
37.628985	127.073205	30	F	1	동일로	아이누리어린이집 앞
37.629103	127.498189	30	F	3	양방가루재길	구리시 갈매동 627 갈매초교 건너편 어린이보호구역(갈매동행정복지센터→갈매6단지아파트)
37.629117	127.115643	30	F	1	갈매중앙로	갈매초교 건너편
37.629359	127.498333	30	F	3	양방가루재길	고양시 덕양구 행신동 1073 서정고교 건너편 노인보호구역(서정마을1단지→서정마을 4단지)
37.629803	127.120081	30	F	2	갈매순환로	산마루사거리
37.629824	127.140905	60	F	2	동구릉로	공설묘지입구 사거리
37.629825	127.141339	50	F	1	동구릉로	공설묘지입구 사거리
37.629826	127.120359	30	F	2	산마루로	산마루사거리 갈매유치원 앞
37.630004	128.145230	30	F	1	청정로	춘당초등학교
37.630138	127.121494	50	F	1	산마루로	솔샘교회 앞
37.630559	128.776536	30	F	1	왕산로	닭목령 → 왕산리마을회관)
37.630787	127.120501	30	F	2	갈매순환로	산마루초교 앞
37.631964	126.433193	50	F	3	마니산로	문산리마을회관 (강화실버케어스 → 화도초교)
37.632169	127.042424	30	F	1	우이천로	신화초교 건너편
37.632208	127.318289	100	E	1	수도권제2순환고속도로	수도권제2순환고속도로 319Km 종점 1,2차로(양평→화도)
37.632234	127.064331	80	E	1	동부간선도로	상계마들아파트 3차로
37.632501	126.929672	30	F	2	진관로	신도초교 앞
37.633782	127.040878	30	F	2	우이천로	신화초교입구
37.634179	126.713681	60	F	3	홍도평로	김포농수산물유통판매센터 앞(북변IC->북변동)
37.634300	126.406200	40	F	3	마니산로	마을회관 건너편 (화도초교 → 후포3)
37.634614	127.211442	30	F	2	금곡로	금곡초교 어린이보호구역(돌팍교차로→금곡사거리)
37.634870	126.930842	30	F	2	진관로	진관유치원 건너편
37.635162	127.122555	30	F	1	갈매순환로	갈매2단지 후문 앞 교차로
37.635199	126.867876	70	S	2	권율대로	시점 3차로(고양->서울)
37.635200	127.122655	30	F	2	갈매순환로176번길	힐스테이트갈매역스칸센 B동(금강펜테리움IX타워→이스트힐아파트)
37.635257	126.868854	70	E	1	권율대로	종점 3차로(서울->고양)
37.635763	126.719589	80	S	1	국도48	(태장로) 시점 3차로
37.635792	126.719632	80	E	2	태장로	(태장로) 종점 3차로
37.635859	126.494690	50	F	3	길상로	강화군 요양원 건너편 (전등사입구 → 공설운동장교차로)
37.636016	127.041587	30	F	2	덕릉로60길	신창초교 건너편
37.636111	127.121648	50	F	1	갈매순환로	협동사거리 (별내동 → 산마루초교
37.636213	127.212984	30	F	2	사릉로3번길	금곡초교 어린이보호구역(금곡역→남양주시청후문)
37.636256	127.213068	30	F	1	사릉로34번길	금곡초교 건너편 어린이보호구역(남양주시청 후문→금곡역)
37.636289	127.307006	30	F	2	수레로1120번길	신창현풍림아이원1차아파트(광암호수공원→화도TG)
37.636290	127.041417	30	F	1	덕릉로	신창초교 앞
37.636539	127.121634	50	F	1	갈매순환로	협동사거리 (산마루초교 → 별내동)
37.636951	127.123323	50	F	1	갈매중앙로	갈매주택1단지 앞 교차로
37.637131	127.124559	30	F	1	갈매순환로	갈매주택1단지 앞 교차로
37.637559	127.125748	30	F	1	갈매중앙로	구리갈매휴밸나인(구리시립노인전문요양원→갈매성은교회)
37.637619	126.698671	80	F	2	김포대로1216번길	나진IC 전 300m지점(일산대교->인천)
37.637621	127.117724	60	F	1	경춘북로	담터길입구(구리 → 서울)
37.638017	126.553253	30	F	3	약암로	약암관광호텔 건너편 노인보호구역(학운리→대명리)
37.638263	127.139371	50	F	1	동구릉로	내양초교 앞
37.638292	126.552770	30	F	2	약암로	약암관광호텔 앞 노인보호구역(대명리→학운리)
37.638399	127.056457	80	E	2	동부간선도로	초안산지하차도 입구 1,2차로:종점(월계동, 수락고가차도→월계1교)
37.638440	126.812293	30	F	2	대주로	대곡초교 건너편 어린이보호구역(내곡지하차도→능곡동17통새마을회관)
37.638469	126.812306	30	F	1	대주로	대곡초교 어린이보호구역(능곡동17통새마을회관→내곡지하차도)
37.638527	127.056592	80	E	2	동부간선도로	초안산지하차도 입구 3차로:종점(월계동, 수락고가차도→월계1교)
37.638559	127.139737	50	F	1	동구릉로	내양초교 건너편
37.638607	127.120019	60	F	1	경춘북로	경춘북로 갈매3단지 앞
37.638915	126.636005	60	F	1	김포한강3로	한강힐스테이트아파트 508동 앞(김포경찰서→유현리)
37.639274	126.491515	30	F	3	온수길	길상초교입구 (건일아파트 → 전등사입구교차로)
37.639351	126.490592	30	F	3	온수길	상면 온수길 길상초교부근 (온수4 → 건일아파트)
37.639374	126.629207	30	F	3	김포한강9로12번길	구래초교 어린이보호구역(한강리슈빌아파트→예미지아파트)
37.639513	127.146928	70	F	2	금강로	형제농원 3, 4차로(갈매→진관)
37.639574	126.865865	60	F	2	서오릉로	영인농원앞(원당역->창릉동)
37.639613	127.146833	70	F	1	금강로	형제농원 앞 3,4차로
37.640097	126.835566	30	F	2	화중로151번길	화중초교 어린이보호구역(꽃물공원→은빛공원)
37.640402	126.756756	90	F	2	자유로	장항IC(파주→서울)
37.640858	126.830117	30	F	1	화중로151번길	용정초교 건너편 어린이보호구역(은빛공원→꽃물공원)
37.640909	127.128308	60	F	1	경춘북로	갈매교차로
37.641358	127.111771	60	F	1	금강로	담터1교차로
37.641421	126.487267	50	F	3	마니산로	입구 (길상119안전센터 → 망실지)
37.641717	127.154741	70	F	2	동국로	사노교 전 300m(진관IC→사노IC)
37.641784	127.021191	30	F	2	삼각산로	성체유치원 앞
37.641849	127.040927	50	F	2	덕릉로	신창유치원 건너편
37.643038	127.037795	30	F	2	덕릉로	창동대우아파트 건너편
37.643445	126.694756	30	F	3	김포대로1216번길	늘푸른어린이집 맞은편 어린이보호구역(김포아트빌리지→김포경찰서)
37.643745	126.695114	30	F	3	김포대로1216번길	늘푸른어린이집 어린이보호구역(김포경찰서→김포아트빌리지)
37.643936	126.924701	30	F	1	진관로	진관중학교 앞
37.644288	127.361288	30	F	2	북한강로	금남초교 건너편 어린이보호구역(가평→하남)
37.644720	127.068954	30	F	1	노원로	상원유치원 앞
37.645196	127.289366	80	F	1	경춘북로	녹촌2교 앞(호평IC→마석IC)
37.645328	126.929704	30	F	2	진관로	진관초교 앞
37.645422	128.492006	30	F	1	운두령로	속사초등학교
37.645433	126.909510	60	F	2	통일로	골프장 입구 1,2차로(삼송역->서울)
37.645439	126.909609	60	F	2	통일로	골프장 입구 3,4차로(삼송역->서울)
37.645572	126.560781	30	F	2	하저자안로	하저2리마을회관 앞 노인보호구역(한미약품팔탄공단→팔탄JC)
37.646620	127.145968	30	F	2	경춘북로	도제원초교 어린이보호구역(퇴계원사거리→왕숙천)
37.648063	127.026261	30	E	2	노해로	쌍문119안전센터 건너편
37.648293	129.017056	60	F	1	동해대로	동해2터널 500m 후방
37.648601	127.125177	100	F	1	수도권제1순환고속도로	수도권제1순환고속도로 불암산TG 전400m 회전식전차로(구리→의정부)
37.648774	126.583213	30	F	3	율생중앙로	대곶성당 앞 어린이보호구역(대곶초교)(대곶면행정복지센터→대곶신사거리)
37.648828	127.025339	30	F	2	우이천로	쌍문초교 앞
37.649149	126.583052	30	F	3	율생중앙로	대곶중학교 앞 어린이보호구역(대곶초교)(대곶성당→대곶면행정복지센터)
37.649200	126.444659	30	F	3	강화남로	하록마을회관 부근 (조산초교 → 도장3)
37.649259	126.465198	50	F	3	강화남로	정화정미소 앞(강남중학교 → 도장3)
37.649318	126.899671	60	E	2	통일로	하나로마트 삼송점 종점 3,4차로(통일로IC→구파발역)
37.649601	127.262024	30	F	1	백봉로	하랑초교 어린이보호구역(하랑초교→호평주민센터)
37.649650	126.899550	60	F	1	통일로	삼송테크노밸리 앞(구파발→삼송역)
37.649899	127.652021	40	F	3	팔봉산로	반곡리→대곡리
37.650546	126.584310	30	F	1	율생로	대곶초교 입구 어린이보호구역(대곶파출소→양곡리)
37.650669	126.583919	30	F	3	율생로	대곶초교 입구 어린이보호구역(양곡리→대곶파출소)
37.650798	126.875927	30	F	2	권율대로	드림아이유치원 건너편 어린이보호구역(농협대학교→창릉천)
37.650826	126.518096	30	F	3	덕진로	덕성리 마을회관 입구 (덕진진입구4 → 신현 순복음교회)
37.651269	127.034672	30	S	2	노해로	반석교회앞
37.651477	126.583263	30	F	3	율생중앙로	장수건강원 앞 어린이보호구역(대곶초교)(대곶사거리→대곶면보건지소)
37.651665	126.626593	30	F	3	양곡2로	프라임유치원 앞 어린이보호구역(우미린아파트→양곡휴먼시아9단지)
37.652189	127.252800	60	F	1	수석호평로	동호평IC 2교 전 100m(율석IC->동호평IC)
37.652232	126.552198	30	F	3	대곶로	보람농원 앞 노인보호구역(석정초교→대명초교사거리)
37.652382	126.436470	30	F	3	강화남로	조산초교 앞 (도장3 → 양도면사무소)
37.653200	126.434000	40	F	3	강화남로	조산리마을회관 부근 (조산초교 → 탑재3)
37.653250	128.571694	60	F	1	경강로	공예전시관 맞은편
37.653472	128.568083	60	F	1	진부중앙로	산정모텔 전
37.653546	127.014282	30	F	2	삼양로	백운초교 앞:스쿨존(쌍문동, 쌍수교→근화교)
37.653691	126.504389	30	F	3	덕진로	불은어린이집 앞 (덕진4 → 마그네4)
37.653729	126.504845	30	F	3	덕진로	불은어린이집 건너편 (마그네4 → 덕진4)
37.654147	126.630966	30	F	3	양곡2로30번길	한강유치원 앞 어린이보호구역(김포독립운동기념관→신양초교)
37.654156	126.630558	30	F	3	양곡2로30번길	한강유치원 건너편 어린이보호구역(신양초교→김포독립운동기념관)
37.654827	127.044435	30	F	2	해등로	창동초교 앞
37.654870	126.580836	30	F	3	율생중앙로	해맑은마음터 장애인보호구역(석정리→대곶초교)
37.655049	126.849469	100	F	2	서울문산고속도로	서울문산고속도로 5.4km 종점 3차로(문산->서울)
37.655367	127.299835	30	F	2	비룡로	화도광성교회주차장 송라초교 어린이보호구역(진영공원→송라초교)
37.655464	127.133730	100	F	1	구리포천고속도로	구리포천고속도로 10.5km 시점 3차로(구리→포천)
37.655665	127.347747	80	F	1	신경춘로	(마석->양평)
37.656092	126.844206	60	F	2	충장로	미도빌라(수역이마을앞교차로→원당역)
37.656130	126.881290	60	F	2	권율대로	(신원지하차도→원흥역)
37.656458	126.843735	30	F	2	마상로	성사초교 어린이보호구역(고양시청->원당역)
37.656485	126.850606	100	F	1	서울문산고속도로	서울문산고속도로 5.6km 시점 3차로(서울->문산)
37.656624	126.624962	30	F	3	양곡1로68번길	양촌읍노인복지회관 노인보호구역(희영아파트→양촌지구대)
37.656714	127.045954	30	F	2	노해로	삼풍유치원 앞
37.656859	127.045461	30	F	1	도봉로	삼풍유치원:스쿨존(창동, 창5동주민센터→노해로63가길)
37.657020	127.280028	30	F	2	묵현로25번길	천마초교 후문 건너편 어린이보호구역(천마산역→천마중)
37.657382	127.072541	30	F	2	덕릉로	중계초교 앞
37.657484	126.492856	50	F	3	강화동로	강화요양병원 부근 (마그네4 → 옥토끼우주센터)
37.657624	127.178196	30	F	3	진건오남로	진건초교 어린이보호구역(진건중→지세사거리)
37.657745	126.920208	60	F	2	일영로	효자로주유소앞(양주-은평)
37.658386	127.157943	70	F	1	금강로	신월교(구리→포천)
37.658397	127.024979	30	F	2	시루봉로	원당어린이집 앞:스쿨존(방학동, 신방학파출소→초당초교)
37.658428	127.046900	30	F	1	노해로	자운초교 앞
37.658832	127.048408	30	F	2	노해로	쌍용아파트 114동 앞
37.659436	127.258520	50	F	1	묵현로	천마산역(천마중학교→천마파출소)
37.659451	127.058986	50	F	2	동일로	용화여자고교 앞
37.660549	126.409198	60	F	3	해안서로	하일리733 (굴암돈대 ↔ 하일저수지) 양방향
37.661035	127.830630	30	F	1	오안로	오안초등학교
37.661593	127.346929	30	F	1	경춘로2347번길	답내초교 어린이보호구역(답내초교후문→경춘로)
37.661696	127.015041	50	F	1	방학로	성원아파트 건너편
37.661960	126.712870	90	F	2	자유로	이산포IC 종점 3,4차로(구산IC->이산포IC)
37.662069	126.893581	60	S	2	통일로	장들생태다리 시점 3차로(통일로IC→구파발역)
37.662332	127.542823	50	F	1	한서로	한글과컴퓨터 건너편(홍천→설악IC)
37.662686	126.712794	90	F	1	자유로	이산포IC지나 1km 시점 3,4차로(서울->파주)
37.662776	126.632917	30	F	3	양곡3로	양곡숲유치원 어린이보호구역(양곡지구삼거리→신양중)
37.662813	126.632070	30	F	3	양곡3로	양곡숲유치원 어린이보호구역(신양중학교→양곡지구삼거리)
37.663164	126.408407	60	F	3	해안서로	하일부락입구 부근 (굴암돈대 → 송강돈대)
37.663322	127.127056	60	F	1	불암로	별사랑모아미래도@ 2301동 앞(별내IC→뱅이터널)
37.663427	127.128372	30	F	1	불암로	광전고가차도교 램프 샛별초교 어린이보호구역(별가람고교→샛별초교)
37.663538	127.126727	60	F	2	불암로	유승한내들아파트 5105동 앞(뱅이터널→별내IC)
37.663611	127.305524	30	F	1	비룡로116번길	화도초교 어린이보호구역(화도초교→화도수동행정복지센터)
37.663796	127.305028	30	F	2	비룡로116번길	화도초교 건너편 어린이보호구역(삼익아파트→화도수동행정복지센터)
37.663859	126.678154	80	S	1	김포한강로	시점 2차로(강화→서울)
37.663880	126.678177	80	S	1	김포한강로	시점 1차로(강화→서울)
37.663902	126.678203	80	E	2	김포한강로	종점 1차로(서울->강화)
37.663927	126.678224	80	E	2	김포한강로	종점 2차로(서울->강화)
37.663946	126.678247	80	E	2	김포한강로	종점 3차로(서울->강화)
37.664435	127.656685	40	F	3	팔봉산로	대곡리→반곡리
37.664803	126.894955	30	F	3	큰골길	다진유치원 어린이보호구역(신도3통마을회관→신원마을3단지)
37.664817	127.032015	20	F	1	도당로	방학초교:스쿨존(방학동, 뒷말어린이공원→방학중학교)
37.664924	126.895105	30	F	3	큰골길	다진유치원 건너편 어린이보호구역(신원마을3단지→신도3통마을회관)
37.664995	126.420175	50	F	3	강화남로	양도면사무소 부근(하우고개 → 양도면사무소)
37.665257	126.420124	50	F	3	강화남로	양도면사무소 부근(양도면사무소 → 하우고개)
37.665340	126.953090	60	F	1	북한산로	서대문예비군훈련장 버스정류장 전(은평구→송추)
37.665505	126.670874	80	S	1	김포한강로	시점 3차로(강화→서울)
37.665622	126.718619	80	F	2	제2자유로	종점 3차로(송산IC->법곳지하차도)
37.666069	127.171692	60	F	2	양진로	신월IC주유소 지나 200m지점(연평리->양정동)
37.666367	127.079628	30	F	2	덕릉로	동아불암아파트 102동 앞
37.666556	128.589278	60	F	1	경강로	현대오일뱅크주유소 앞
37.666886	127.050808	80	S	2	동부간선도로	상계근린공원 부근 3차로:시점(상계동, 수락고가차도→월계1교)
37.667174	126.762495	30	F	2	강선로	주엽초교 앞 어린이보호구역(일산역->일산호수공원)
37.667312	127.247985	30	F	1	천마산로	호평초교 어린이보호구역(라인그린아파트→호평도서관)
37.668787	126.762117	50	F	1	주화로	삼부르네상스오피스텔(정발산역↔대화역)
37.668998	128.013175	30	F	1	공작산로	노천초등학교
37.669081	128.012953	30	F	1	공작산로	노천초등학교
37.669408	127.078147	30	F	1	상계로	불암산역 앞:스쿨존(상계동, 신상계초교→덕릉로)
37.669785	128.600015	40	F	1	경강로	도성초등학교
37.670257	126.475769	30	F	3	고려왕릉로	호세요양원 앞 (길정리 → 학생교육원)
37.670628	127.487828	50	F	1	유명로	설악IC교차로(명장삼거리→설악면행정복지센터)
37.670895	128.606308	60	F	1	경강로	평창→진부)
37.671514	127.057407	30	F	2	동일로	상계우방아파트
37.671845	127.040901	30	F	2	시루봉로	오봉초교 앞:스쿨존(도봉동, 시루봉로23길→신도봉시장)
37.672541	126.405296	60	F	3	해안서로	전망데크 앞(굴암돈대 → 건평항)
37.672727	128.622993	60	E	1	경강로	(종점,싸리재교차로→유천2교차로)
37.673748	128.837314	30	F	1	백두대간로	왕산초등학교
37.673815	127.054646	30	F	1	동일로	노일초교 앞
37.677140	126.511885	30	F	3	불은남로	오두리경로당 건너편 (넙성리 → 오두리마을회관)
37.677720	126.707975	80	F	1	제2자유로	장산가좌IC 전400m(서울→파주)
37.678623	127.938192	30	F	1	속초길	속초초등학교
37.678658	127.491861	30	F	3	신천중앙로120번길	미원초교 건너편 어린이보호구역(설악파출소→설악고교)
37.678727	127.038533	30	F	1	도봉로	도봉초교 건너편
37.678819	126.681409	90	F	2	자유로	구산IC 시점 3,4차로(구산IC->이산포IC)
37.678903	127.491186	30	F	3	신천중앙로120번길	미원초교 어린이보호구역(설악고교→설악파출소)
37.678961	126.681900	90	F	1	자유로	구산IC 종점 3,4차로(서울->파주)
37.679091	128.701773	100	S	2	영동고속도로	고속도로212.3km
37.682495	127.048875	30	F	2	도봉로	유원아파트 앞
37.682940	129.008510	60	F	1	동해대로	정동진교차로50m 전방
37.682998	127.876924	30	F	1	연봉로	남산초등학교
37.683177	127.877009	30	F	1	연봉로	남산초등학교
37.683735	126.930574	100	S	2	수도권제1순환고속도로	수도권제1순환고속도로 56.3km 시점 3,4차로(고양→구리)
37.683840	129.007716	60	S	1	동해대로	(시점,옥계 →강릉)
37.684634	126.364347	30	F	3	삼산남로	석포리노인회관 (석포리교회→석포리선착장)
37.684642	127.875803	50	F	1	홍천로	가람석재앞
37.684686	128.659289	60	S	1	경강로	(시점,재교차로→유천2교차로)
37.687120	128.692782	40	F	1	경강로	대관령초등학교
37.687277	127.051171	60	F	2	동부간선도로	동부간선도로(의정부→서울)
37.687449	128.690202	60	F	1	경강로	대관령초교 200m 전방
37.687953	129.033938	30	F	1	헌화로	정동초등학교
37.688685	126.865514	30	F	2	통일로786번길	벽제농협 관산지점 노인보호구역(관산초교→공릉천)
37.689496	126.763384	50	F	2	산현로	탄현서광아파트(현산초교→덕이삼거리)
37.689765	127.665485	30	F	1	단일로	반곡초등학교
37.689861	127.665616	30	F	1	팔봉산로	반곡초등학교
37.690395	126.603118	30	F	3	조강로36번길	서암어린이공원 앞 어린이보호구역(서암초교→통진읍행정복지센터)
37.690432	127.869483	30	F	1	홍천로	북방고령자복지주택 앞
37.690917	126.603365	30	F	3	조강로36번길	서암어린이공원 앞 어린이보호구역(통진읍행정복지센터→서암초교)
37.690948	127.868405	30	F	1	홍천로	북방고령자복지주택 앞
37.691883	126.519131	60	F	3	해안동로	화도돈대 앞 (오두돈대 → 용당돈대)
37.691891	127.600712	40	F	1	밤벌길2번길	한서초등학교
37.691997	127.600801	40	F	1	밤벌길2번길	한서초등학교
37.692431	126.590636	70	F	1	김포대로	통진현대자동차공업사 앞(강화군청→김포시청)
37.692540	127.885377	30	F	1	희망로	홍천초등학교
37.693019	127.050123	60	F	1	동부간선도로	동부간선도로(서울→의정부)
37.693621	127.367292	50	F	1	남가로	보니애가구(대성교차로→수동면)
37.694226	126.598821	30	F	3	담터로	아람어린이집 어린이보호구역(통진초교→서암휴먼시아아파트)
37.694230	126.598848	30	F	3	담터로	아람어린이집 어린이보호구역(서암휴먼시아아파트→통진초교)
37.695529	126.391648	60	F	3	해안서로	대성양식장 앞 (건평항 → 외포항)
37.695607	126.771304	30	F	1	탄현로	홀트학교 어린이보호구역(현산중→일산동고교)
37.696971	126.707904	80	F	1	제2자유로	시점 3차로(송산IC->법곳지하차도)
37.697105	127.892456	30	F	1	석화안길	석화초등학교
37.697266	126.601738	30	F	1	서암로	선진아파트 앞 어린이보호구역(서암초교)(서암교차로→마송리)
37.697320	127.892437	30	F	1	석화안길	석화초등학교
37.697494	126.601904	30	F	3	서암로	선진아파트 교차로 어린이보호구역(서암초교)(서암삼거리→서암초교)
37.697759	126.855557	60	F	1	새빛로	고양시 덕양구 현천동 226 현천IC(서울→파주)
37.699541	128.878859	100	F	1	동해고속도로	고속도로52.2k
37.699715	128.225576	30	F	1	구룡령로	삼생초등학교
37.700093	128.225531	30	F	1	구룡령로	삼생초등학교
37.700650	127.456970	50	F	1	유명로	교원비젼센터 앞(설악→청평)
37.702524	127.868722	30	F	1	두개비산로	능암교차로100M전
37.703164	126.901960	30	F	1	혜음로	삼성아파트사거리(고양일고→고양동사거리)
37.703334	126.900679	30	F	2	벽제관로	고양초교 후문 어린이보호구역(고양근린공원→고양일고)
37.703468	126.781943	60	F	1	고봉로	고봉산삼거리 지나 500m(고봉산삼거리→파주)
37.703529	127.389295	70	F	1	경춘로	대성교차로 지나 900m(서울→춘천)
37.703560	127.539338	30	F	3	미사리로	미원초교장락분교 어린이보호구역(청심평화월드센터→미사리마을회관)
37.703586	127.539663	30	F	3	미사리로	미원초교장락분교 건너편 어린이보호구역(미사리마을회관→청심평화월드센터)
37.703620	126.902031	30	F	2	혜음로	고양동우체국사거리(고양동사거리→고양일고교)
37.703735	126.683050	90	S	1	자유로	파주출판도시휴게소 지나 500m 시점 3, 4차로(서울→파주)
37.704155	128.914885	30	F	1	금평로	금광초등학교
37.704332	126.657399	60	F	3	월하로	전류1리 패키지마을 입구(김포시청→강화군청)
37.704944	126.505408	40	F	3	연동로	연리경로당 앞 (연리보건소 → 독쟁이고개)
37.705887	127.852249	50	F	1	영서로	북방면사무소
37.705943	128.842236	60	F	1	백두대간로	(왕산→강릉)
37.706789	127.057569	60	F	2	동일로	장암역삼거리 전 200m지점(의정부→서울)
37.706852	126.702375	30	F	1	교하로	심학초교 어린이보호구역(심학산약천사->심학초교삼거리)
37.706963	126.754888	70	F	2	동서대로	아미가골프연습장 3,4차로(동패중→야당역)
37.707133	126.755880	70	F	1	동서대로	아미가골프연습장 건너편(야당역→동패중)
37.707680	126.735348	70	F	1	동서대로	삽다리IC 1km 전 3,4차로(야당역→삽다리IC)
37.708264	127.040161	100	E	2	수도권제1순환고속도로	수도권제1순환고속도로 44.6km 종점 3,4차로(고양→구리)
37.708477	126.801554	100	F	1	서울문산고속도로	서울문산고속도로 13.8km 종점 3차로(서울->문산)
37.708536	127.041199	80	F	3	서부로	호원TG 지나 250m 3차로(의정부→서울)
37.708631	127.041157	80	F	2	녹양로	호원TG 지나 300m 2, 3차로(의정부→서울)
37.708703	127.041375	80	F	3	서부로	호원TG 전 250m 1,2차로(서울→의정부)
37.708778	127.848437	40	F	1	영서로	화계초등학교
37.709063	126.800793	100	F	2	서울문산고속도로	서울문산고속도로 14.3km 시점 3차로(문산->서울)
37.710066	127.914479	30	F	1	두루봉길	주봉초등학교
37.710154	127.914423	30	F	1	두루봉1길	주봉초등학교
37.710959	126.889007	50	F	1	동헌로	중부대학교삼거리 500m전(고양동→관산동)
37.710965	127.179863	60	F	1	금강로	장현IC교차로 전300m(퇴계원→포천)
37.711350	126.755210	30	F	1	한빛로	롯데캐슬 정문앞 어린이보호구역(한빛고교->운정초교)
37.711696	128.187608	30	F	1	풍암길	서석초등학교
37.711968	127.108039	100	F	1	구리포천고속도로	구리포천고속도로 18km 종점 3차로(구리→포천)
37.712119	126.484363	50	F	3	대문고개로	선원면사무소 교차로(대문고개 교차로 → 냉정2리 마을회관)
37.712578	126.731323	60	F	2	남북로	심학산지하차도 지나 100m(문산->서울)
37.712616	126.731684	60	F	1	남북로	심학산지하차도 전 100m 5차로(서울→문산)
37.712631	126.731783	60	F	1	남북로	심학산지하차도 100m 전(서울->문산)
37.714140	126.751339	30	F	1	미래로408번길	한빛초교 어린이보호구역(한빛중→경기인력개발원)
37.714417	128.990397	60	E	1	동해대로	(종점,옥계→강릉)
37.714678	126.937855	60	F	2	호국로	장흥농협 건너편(의정부→고양)
37.714840	127.046308	30	F	2	호암로	회룡초교 어린이보호구역(회룡역→망월사역)
37.715687	126.552907	30	F	3	군하로	농협자재센터 월곶지점 어린이보호구역(월곶초교)(김포CC삼거리→군하교)
37.716302	126.739659	30	F	3	교하로	동패유치원 건너편 어린이보호구역(동패초교→자운학교)
37.716331	128.889514	50	F	3	범일로	학산교차로→구정보건지소
37.716341	126.740296	30	F	3	교하로	동패유치원 어린이보호구역(자운학교→동패초교)
37.716895	128.982155	60	F	1	동해대로	강원실업 앞
37.717651	128.912880	60	F	1	칠성로	학산교차로800m 후방
37.717663	126.459415	50	F	3	고비고개로	부근 (국화저수지 → 국화리야영장)
37.717911	126.397491	50	F	3	강화서로	이강2리마을회관 앞 (이강1리마을회관 → 이강3리마을회관)
37.718132	126.462910	40	F	3	강화대로	희망요양병원 부근 (송해3 → 강화119구조대)
37.718740	126.504997	40	F	3	선원사지로	신정리마을회관 앞 (지산2리마을회관 → 더리미미술관)
37.718854	128.832659	30	F	1	구산길	성산초등학교
37.719195	128.812160	60	F	1	경강로	굴면동삼거리 500M전방
37.720289	126.390320	30	F	3	강화서로	내가초교 건너편 (고려저수지입구교차로 → 내가우체국)
37.720902	126.732069	60	F	1	남북로	고양시 일산서구 대화동 2237 대화노인종합복지관 건너편 노인보호구역(일산백병원→고양종합운동장)
37.721600	126.731700	60	F	3	남북로	(심학산지하차도->책향기지하차도)
37.721867	128.834351	50	F	1	경강로	성산주유소 100M전
37.722091	126.731224	60	F	3	남북로	(책향기지하차도->심학산지하차도)
37.723071	126.947803	30	F	1	권율로	그린숲타운(장흥교차로→석현삼거리)
37.724116	127.096783	60	F	2	송산로	고산지구입구삼거리(만가대교차로→동의정부IC교차로)
37.724524	126.481957	50	F	3	중앙로	세광아파트 앞 (찬우물3 → 대문고개입구교차로)
37.725552	126.650319	30	F	3	석평로	벧엘어린이집 어린이보호구역(후평리→하성초교)
37.725570	126.735149	50	F	1	교하로	힐스테이트정문 앞 교차로 (산내중학교->금촌)
37.725637	128.964964	30	F	1	단경로	강동초등학교
37.725644	126.650639	30	F	3	석평로165번길	벧엘어린이집 건너편 어린이보호구역(하성초교→ 후평리)
37.725854	126.746665	30	F	1	책향기로	해솔초교 건너편 어린이보호구역(해솔중학교→해솔도서관)
37.725881	126.747446	30	F	2	해솔로	해솔초교 어린이보호구역(운정역->한솔공원)
37.726402	127.059804	50	F	2	동일로	장암초교 어린이보호구역(의정부터미널→장암역)
37.726480	126.688768	90	E	2	자유로	문발IC 종점 3, 4차로(파주→서울)
37.726866	126.987240	80	F	2	호국로709번길	(의정부->고양)
37.727075	127.075520	80	F	1	신평화로	만가대교차로 전 700m 3,4차로(서울→양주)
37.727346	126.742733	30	F	1	가온로	새아란유치원 어린이보호구역(해솔마을5단지→해솔마을1단지)
37.727486	128.952479	50	F	1	율곡로	강동면사무소 전
37.727530	127.596050	100	F	2	서울양양고속도로	고속도로44.5km
37.728473	127.062281	30	F	2	동일로454번길	발곡초교 어린이보호구역(청룡어린이공원→발곡고교)
37.728530	127.061906	30	F	1	동일로454번길	발곡초교 건너편 어린이보호구역(발곡고교→발곡역)
37.728607	127.034136	80	F	3	서부로	의정부서부우회도로 3차로(서울→의정부)
37.728700	126.728877	60	F	1	책향기지하도로	운정센트레빌아파트 311동 3,4차로(고양→문산)
37.728760	127.033835	80	F	3	서부로	의정부서부우회도로 1,2차로(의정부→서울)
37.729237	127.108473	30	F	2	수암로	고산수자인디에스티지 정문(수암교→잔돌근린공원)
37.729365	127.194692	30	F	1	금강로	장승초교 어린이보호구역(정광산호아파트->진접중)
37.729600	126.474500	30	F	3	충렬사로	남산군립어린이집 앞 (충렬사 → 강화군보건소)
37.729890	126.731710	30	F	2	교하로	산들초교 어린이보호구역(짚풀공원→산내초교)
37.730333	127.701057	30	F	1	김유정로	광판초등학교
37.730522	128.900710	30	F	1	모산로	모산초등학교
37.730841	127.195007	30	F	2	금강로1576번길	장승초교 어린이보호구역(현대아파트→한일아파트)
37.731026	126.971784	80	F	1	신호국로	장흥터널 지나서 200M (고양 ->의정부)
37.731327	126.720735	30	F	1	책향기숲길	청석초교 어린이보호구역(교하동→운정동)
37.731385	126.949141	30	F	2	권율로	양주시립장욱진미술관(석현삼거리→장흥교차로)
37.731595	128.925600	60	F	1	동해대로	신석회관 앞
37.731800	126.497100	40	F	3	고식이길	창1리마을회관 건너편 (환경공단강화사업소 → 중앙로)
37.732322	126.808940	30	F	2	가온로	큰별아이어린이집 어린이보호구역(대원사거리→대원초교)
37.732325	126.591233	30	F	2	애기봉로	개곡초교 앞 어린이보호구역(월곶면행정복지센터→하성면행정복지센터)
37.732567	127.091607	80	F	1	신평화로	용현지하차도 지나 400m 1,2차로(서울→양주)
37.732569	127.416119	30	F	3	구청평로	양주시 옥정동 1056 옥빛초교 건너편 어린이보호구역(양주옥정유림노르웨이숲아파트→옥정중앙공원)
37.732721	127.413558	30	F	3	구청평로	파주시 목동동 1085 자운학교 건너편 어린이보호구역(한울도서관→운정라피아노2단지)
37.733358	127.056357	30	F	2	경의로	청룡초교 건너편 어린이보호구역(의정부초교→경의초교)
37.733727	127.294493	30	F	2	비룡로	가양초교 어린이보호구역(현리→가양교)
37.735100	126.482900	30	F	3	충렬사로	코끼리유치원 앞 (강화군보건소 → 충렬사)
37.736149	126.726402	60	F	1	남북로	파크푸르지오 104동 3,4차로(일산서구→탄현면)
37.737758	126.512317	60	F	3	강화대로	강화여성복지회관 앞 (강화대교 → 알미골4)
37.738012	127.939400	30	F	1	홍천로	구송초등학교 앞
37.738040	127.939573	30	F	1	홍천로	구송초등학교
37.738111	126.744806	60	F	1	파주로	와동교차로 전 750m지점(문발IC→파주시청)
37.738603	127.202942	60	F	1	부평로	진접센트레빌시티3단지아파트 건너편(남양주→포천)
37.740662	127.623632	60	F	1	소주고개로	(강촌→강촌IC)
37.741399	127.205313	60	F	2	칠봉산로	부평교차로 전700m(포천→퇴계원)
37.741400	126.486500	30	F	3	부조고개길	당 건너편 (강화군보건소 → 남문)
37.742134	126.802796	30	F	2	능안로	행복한유치원 어린이보호구역(능안사거리→봉일천교)
37.742168	126.632492	30	F	3	하성로	금성초등학교 입구 어린이보호구역(하성초교→시암리)
37.742381	128.877443	30	F	1	범일로	명주초등학교옆
37.742546	128.088241	60	F	1	구룡령로	장평1리마을회관 앞
37.743541	126.387718	50	F	3	강화서로	명신초교 부근 (신삼리입구 → 산화고개)
37.743804	126.806242	30	F	2	봉천로	봉일천초교 건너편 어린이보호구역(조리사거리→봉일천입구교차로)
37.743892	128.876947	30	F	1	경변로	성원유치원
37.744215	126.387676	50	F	3	강화서로	명신초교 부근(산화고개 → 신삼리입구)
37.744268	126.692107	30	F	2	소라지로	동화나라유치원 어린이보호구역(파주프리미엄아울렛→파주출판단지)
37.744848	126.505149	30	F	3	강화대로216번길	용정한의원 부근(옥림리 → 갑룡공원)
37.745028	128.891144	30	F	1	남산초교길	남산초등학교
37.745296	126.505038	30	F	3	갑룡길117번길	용정한의원 부근 (갑룡공원 → 옥림리)
37.745445	126.810103	30	F	1	두루봉로	하늘채스카이어린이집 어린이보호구역(봉일천교→봉일천중)
37.745762	128.884952	60	F	1	동해대로	현대아파트 앞
37.746355	128.873246	50	F	1	경강로	하슬라스크린골프장
37.747891	127.187829	30	F	3	광릉수목원로	봉선사입구 건너편(남양주→포천)
37.748496	127.086267	50	F	2	천보로	(성모병원→남양주)
37.748524	127.113969	60	F	2	민락로298번길	민락지하차도 전100m 3,4차로(민락IC→민락교차로)
37.748552	127.174905	30	F	3	광릉수목원로	광릉입구(남양주→포천)
37.748620	127.113111	50	F	2	송양로	민락TG지나 300M 3,4차로(민락TG->민락지하차도)
37.748673	126.475505	50	F	3	강화대로	강화고등학교 부근(강화아시아드경기장 → 신문4)
37.749332	128.792198	100	E	2	영동고속도로	고속도로229.3km
37.749605	128.306540	30	F	1	방내로	율전초등학교
37.750635	127.061694	50	F	1	호국로	금신지하차도 지나 400m(의정부버스터미널→성모병원)
37.751115	127.796222	30	F	1	조양길	조양초등학교
37.751144	128.037170	60	F	1	구룡령로	(삼포초교→서석)
37.751490	126.791831	50	F	1	중앙로	럭키건재(고양→파주)
37.751530	128.051782	100	S	2	서울양양고속도로	고속도로86.2km
37.752122	127.110766	30	F	2	송양로	송양초교 건너편 어린이보호구역(송양고교→코스트코의정부점)
37.752372	126.747484	30	F	2	교하로	교하초교 건너편 어린이보호구역(교하장례식장->교하파출소)
37.752500	126.398700	30	F	3	고려산로	하점군립어린이집 앞 (신삼1리마을회관 → 신삼2리마을회관)
37.752814	128.888315	30	F	1	토성로	강릉초등학교
37.753112	127.122966	100	F	2	구리-포천고속도로	(소흘IC->민락IC)
37.754108	127.795883	50	F	1	영서로	동산치안센터 앞 (조양IC교차로↔모형항공기 박물관)
37.754492	127.074736	50	F	1	호국로	상록근린공원 앞 (의정부->포천)
37.755378	128.908111	30	F	1	용지로	성덕초등학교
37.755636	127.975989	30	F	1	구룡령로	삼포초등학교
37.755935	127.094672	80	F	2	신평화로	자금교 지나 600m 1,2차로(양주→서울)
37.756178	126.502441	70	F	3	인화-강화간 도로	옥림교차로 부근 (강화대교 교차로 → 옥림터널)
37.756200	126.501000	40	F	3	동문로	마을회관 앞 (장승교차로 → 옥림1교)
37.756966	128.919949	30	F	1	성덕포남로	중앙초등학교
37.757144	128.874328	60	F	1	동해대로	유천택지 앞
37.757600	128.921972	30	F	1	성덕포남로	중앙초등학교
37.757830	128.015531	100	E	1	서울양양고속도로	고속도로83km
37.758797	128.868678	30	F	1	선수천로	유천초등학교
37.760142	126.490520	30	F	3	대월로	대월초교 건너편(신당리 → 장승교차로)
37.760305	126.490367	30	F	3	대월로	대월초교 앞 (장승교차로 → 신당리)
37.760393	128.870321	30	F	1	선수촌로	유천초등학교
37.763273	126.495408	50	F	3	강화산단로	(대산교차로 → 강화산업단지)
37.764085	127.955525	80	F	1	설악로	성산교차로전50m
37.767607	128.387426	30	F	1	구룡령로	창촌초등학교
37.767955	128.387558	30	F	1	구룡령로	창촌초등학교
37.768009	126.451002	70	F	3	인화-강화간 도로	하도교 부근 (신당교차로 → 부근교차로)
37.768533	126.962971	40	F	1	권율로	말머리고개(장흥->백석)
37.768823	127.036189	30	F	1	양주산성로	남방정육점 앞 (양주역->백석)
37.769446	126.443559	50	F	3	강화대로	부근3 (강화산단 → 강화군청)
37.769673	126.683568	90	E	1	자유로	종점 3, 4차로(서울→파주)
37.769700	126.388100	60	F	3	강화서로	성경정류장 앞 (이강2리마을회관 → 이강3)
37.770243	128.879129	30	F	1	솔올로	경포초등학교
37.770698	127.967349	30	F	1	성산로	화촌초등학교
37.771114	127.103025	60	F	2	호국로	상원사 전100m (포천->의정부)
37.771608	126.814407	40	F	1	정문로	대동천막공사(서울->문산)
37.771751	128.922586	50	F	1	경강로	이마트 앞 교차로
37.772000	126.435900	70	F	3	인화-강화간 도로	강화역사박물관 앞 (부근교차로 → 하점교차로)
37.772300	126.436000	50	F	3	강화대로	강화역사박물관 앞 (부근교차로 → 하점우체국)
37.772416	126.715550	30	F	3	장릉로	갈현초교 건너편 어린이보호구역(장릉삼거리→갈현3리마을회관)
37.772504	126.732765	50	F	1	평화로	맥금동종점 노인보호구역(문산제일고교→갈현사거리)
37.772529	126.715756	30	F	3	장릉로	갈현초교 어린이보호구역(갈현3리마을회관→장릉삼거리)
37.772580	126.419020	30	F	3	강화대로	하점초교앞 (하점교차로 → 하점면사무소)
37.772610	127.165722	40	F	2	죽엽산로	호텔수목원(고모저수지→직동삼거리)
37.772940	126.413860	30	F	3	강화대로	하점초교앞 (하점교차로 → 하점면사무소)
37.774398	127.371396	30	F	3	청군로	상면초교 건너편 어린이보호구역(개누리고개→상면교차로)
37.774677	126.254799	60	F	3	교동서로	양갑교회 부근 (교동초교 → 난정초교)
37.774689	128.928853	30	F	1	경강로	동명초등학교
37.774955	127.371011	30	F	3	청군로	상면초교 어린이보호구역(상면교차로→개누리고개)
37.780826	126.771194	60	F	2	금월로	명품주유소 건너편(월롱IC→문산제일고교)
37.781152	128.915050	30	F	1	연당길	초당초등학교
37.783232	127.064598	60	F	2	부흥로	가압장입구 앞(광사동→양주시청)
37.783900	126.397400	40	F	3	배우개길	강화요양원 건너편 (교산저수지 → 이강교차로)
37.787082	126.822439	40	F	1	홀작로	앞 노인보호구역 (광탄->도내리)
37.787789	126.362294	50	F	3	인화로	건우기업 부근(인화3 → 송산3)
37.787879	128.121335	100	E	2	서울양양고속도로	고속도로93.5km
37.788001	127.128164	50	F	1	이동교로	(의정부 -> 포천)
37.788167	128.121429	100	S	1	서울양양고속도로	고속도로93.7km
37.790435	127.165422	40	F	1	죽엽산로	목화포트 앞(광릉수목원->고모사거리)
37.790516	127.165464	40	F	1	광릉수목원로	목화포트
37.791525	126.803759	30	F	1	도감로	영도초교 어린이보호구역(도내리->월롱)
37.791960	127.645800	30	F	1	한치로	남산초등학교
37.792131	126.986208	30	F	1	꿈나무로	백석고교 정문 백석어린이집 어린이보호구역(은봉초교→양주소방서)
37.792464	126.969583	30	F	1	양주산성로	리틀천재플러스어린이집 건너편 어린이보호구역(의정부→파주)
37.795691	126.477037	60	F	3	해안북로	해안북로 (연미정 → 평화전망대)
37.796545	127.365345	30	F	3	청군로	파주시 와동동 1455 지산초교 건너편 어린이보호구역(책향기지하차도→북고양IC)
37.796569	127.480197	60	F	1	일현로	포회촌마을입구교차로(청평→가평군청)
37.796782	127.365396	30	F	3	청군로	파주시 문산읍 당동리 939 자유초교 어린이보호구역(자유초교→자유초교차로)
37.799657	127.134206	50	F	1	무봉로	(의정부 -> 포천)
37.800524	126.681754	90	S	2	자유로	시점 3, 4차로(파주→서울)
37.800569	127.000560	50	F	2	고릉말로	방성1리마을회관 노인보호구역(방성삼거리→백석고등학교)
37.801177	126.788179	60	F	1	금월로	(금촌->문산)
37.801330	127.079065	30	F	2	고읍로	예일유치원 어린이보호구역(양주2동 행정복지센터→고읍아이파트)
37.801784	126.781823	30	F	3	휴암로	월롱초교 어린이보호구역(덕은5리마을회관→월롱역)
37.801827	127.348728	70	F	1	조종로	연하교 전150m(가평→포천)
37.802146	126.781551	30	F	3	휴암로	월롱초교 건너편 어린이보호구역(월롱역→덕은5리마을회관)
37.802352	126.718208	30	F	2	방촌로	탄현초교 앞(문산->탄현)
37.802998	128.902710	30	F	1	경포로	경포대초등학교
37.803201	126.464908	60	F	3	해안북로	해안북로 천도공원 앞 (평화전망대 → 연미정)
37.803393	127.773645	50	F	1	영서로	폴릭텍대학입구 500m전방
37.803530	127.168509	70	F	1	부흥로	고모1리사거리
37.803829	127.136095	70	F	1	부흥로	무봉사거리200m전
37.804590	127.160603	70	F	1	부흥로	고모사거리 전 300m(어하터널→고모사거리)
37.808440	126.851152	60	F	1	부흥로	광탄체육공원 건너편(벽초지수목원→방축삼거리)
37.810485	127.497846	70	F	1	경춘로	진동마을교차로 전150m(서울→춘천)
37.810489	127.517459	30	F	1	북한강변로	가시머리민물매운탕 노인보호구역(달전교차로→자라섬)
37.811490	126.979940	50	F	1	권율로	한승어린이집 건너편 어린이보호구역(홍죽산업단지→조양중학교)
37.811688	127.097022	30	F	2	옥정로2길	양주옥정유림노르웨이숲아파트 정문(율빛초교→e편한세상19단지후문)
37.812279	127.189217	70	F	1	부흥로	신금현사거리
37.814140	127.514933	30	F	1	호반로	농협 앞(남이섬->가평경찰서)
37.815780	128.087021	30	F	1	내촌길	내촌초등학교
37.817429	127.148239	100	F	2	구리-포천고속도로	(포천->구리)
37.819221	127.050088	30	F	1	평화로1454번길	중앙어린이집 건너편 어린이보호구역(덕계중→범양2단지아파트)
37.819386	127.051126	30	F	1	덕계로	양주회천신도시디에트로센트럴시티아파트 정문(덕계역→덕계근린공원)
37.821071	127.349481	30	F	3	조종새싹로	파주시 금촌동 1028 새금초교 어린이보호구역(파주중앙도서관→파주경찰서)
37.821231	127.076376	30	F	2	독바위로287번길	독바위교회 건너편(청담교→해동바베큐장)
37.821540	128.849617	30	F	1	미노길	사천초등학교
37.821753	127.349590	30	F	3	조종새싹로	파주시 문산읍 문산리 21 임진초교 어린이보호구역(한진1차아파트→문산중앙병원)
37.822038	127.262889	70	F	1	금강로	소학3리교차로(남양주->일동)
37.823495	127.518485	70	F	2	경춘로	가평2교 남단(춘천→서울)
37.824579	126.847903	70	F	2	파주로	연풍교차로 전 400m(법원읍→조리읍)
37.824601	127.659150	80	F	1	경춘로	석림사입구
37.824808	127.264289	70	F	1	금강로	대동종합목재
37.824818	127.136880	30	F	1	솔모루로3번길	추산초교 건너편 어린이보호구역(동남고교→소흘읍행정복지센터)
37.825309	126.984042	30	F	1	가래비길	광적분회부설노인대학 노인보호구역(승리교사거리→석우삼거리)
37.827717	127.670620	80	F	1	경춘로	의암교차로
37.828673	127.142176	30	F	1	봉솔로	고운마을주공 410동 놀이터(대경중→송우초교)
37.829499	127.507158	30	F	2	문화로	한석봉도서관(가평초교→가평역)
37.829562	126.834090	30	F	2	술이홀로	연풍초교 건너편 어린이보호구역(연풍1리교차로→연풍시장)
37.829698	127.508968	30	F	3	향교로	가평교육지원청 가평초교 어린이보호구역(가평군청→가평중학교)
37.830094	127.508873	30	F	3	향교로	가평교육지원청 가평초교 건너편 어린이보호구역(가평중학교→가평군청)
37.830256	127.087939	50	F	1	옥정서로	새창@ 1단지앞 (옥정초교 -> 회암교)
37.831077	127.516512	30	F	1	가평제방길	농협농용자재백화점(남이섬→마장리)
37.831466	126.834849	30	F	2	교육길	연풍초교 어린이보호구역(세경고교→연풍초교)
37.831837	127.508265	30	F	3	석봉로191번길	가평초교 어린이보호구역(가평초교→가평군청)
37.831924	126.944554	50	F	2	현석로	딱따구리수련원(비암1리마을회관→우고리마을회관)
37.832076	127.508610	30	F	3	석봉로191번길	가평초교 어린이보호구역(가평군청→가평초교)
37.832458	126.817209	30	F	2	우계로	파주초교 어린이보호구역(수억고교→파주농협)
37.833568	127.514826	30	F	3	가화로	가평어린이집 어린이보호구역(가평군법원→가평터미널)
37.833579	127.095875	30	F	1	옥정동로	천보초교 건너편 어린이보호구역(율정초교→구리포천고속도로)
37.834050	127.511361	30	F	3	가화로	가평어린이집 건너편 어린이보호구역(가평터미널→가평군법원)
37.834109	127.761085	60	F	1	영서로	학곡교차로400m 전
37.835782	127.555735	30	F	1	서백길	남산초등학교 서천분교
37.838100	127.288076	30	F	1	청군로	율길초교 어린이보호구역(율길삼거리→서파육교)
37.838593	127.080033	50	F	1	율정로	회암교차로앞 150m전(삼숭동→회암동)
37.838718	127.288007	30	F	2	청군로	율길초교 건너편 어린이보호구역(서파육교→율길삼거리)
37.838770	126.863834	50	F	1	보광로	(대능교차로->대능사거리)
37.839056	127.776584	100	F	2	중앙고속도로	고속도로384.5km 춘천방향
37.839550	127.731190	60	F	1	김유정로	(남춘천역→김유정역)
37.842415	126.768615	80	F	1	파주문산고속도로	서울문산고속도로 내포IC 900m 전(고양→파주)
37.842970	127.712530	30	F	1	칠전서길	신남초등학교
37.843323	127.712563	30	F	1	칠전서길	신남초등학교
37.844535	127.714484	60	S	1	경춘로	칠전교차로
37.844877	126.789773	60	F	2	통일로	파주농협봉서지점 앞 (문산역 → 파주역)
37.845237	127.701551	60	F	1	옛경춘로	보타사 앞
37.846936	127.097574	30	F	1	천보산로	회암삼거리 전50m 노인보호구역(옥정동→탑동동)
37.846992	127.080388	80	F	2	신평화로	봉양교(동두천->양주)
37.847574	127.132586	30	F	2	해룡로	동교3통마을회관 노인보호구역(차의과대학교→동교3통삼거리)
37.848083	127.186406	30	F	1	선마로	가산초교 어린이보호구역(선단동→포천가산우체국)
37.848765	128.734348	70	F	1	진고개로	연곡→진고개)
37.848778	128.734444	70	F	1	진고개로	진고개→연곡)
37.849033	127.028374	30	F	1	화합로	쉐마기독학교 어린이보호구역(파주→동두천)
37.850381	126.870772	30	F	2	샘재로	법원여중앞사거리 (율곡3차아파트->동원아파트)
37.850442	127.150093	30	F	2	송선로	짐랜드 어린이집 어린이보호구역(선단동→소흘읍)
37.850450	126.877576	30	F	1	법원로	천현초교 어린이보호구역(소화유치원->천현초교)
37.850475	127.766052	30	F	1	동내로	동내초등학교 앞
37.850645	127.150189	30	F	1	송선로	포천시 소흘읍 송우리 421 고운마을주공 410동 놀이터(대경중→송우초교)
37.850650	127.766710	30	F	1	동내로	동내초등학교
37.850795	127.041395	60	F	1	화합로	양주국군병원(덕정동→은현면)
37.853798	126.786266	30	F	1	문향로	한진1차아파트(문산1교→문산자유시장)
37.854122	126.784391	30	F	2	문향로17번길	임진초교 어린이보호구역(한진1차아파트→문산중앙병원)
37.855428	127.137688	50	F	2	해룡로	차의과대학교(설운체육공원→동교3통마을회관)
37.855611	127.150757	30	F	2	송선로	동심유치원 건너편 어린이보호구역(대진대학교→송우리)
37.856149	126.785490	30	F	2	문향로	문산우체국(문산초교↔임진초교)
37.857624	128.829892	30	F	1	진고개로	연곡초등학교
37.857716	128.829838	30	F	1	진고개로	연곡초등학교
37.857962	127.716238	60	E	1	경춘로	배나무골 앞
37.858392	127.515835	30	F	3	가화로	마장초교 어린이보호구역(목동버스터미널→가평군청)
37.858443	127.516192	30	F	3	가화로	마장초교 건너편 어린이보호구역(가평군청→목동버스터미널)
37.858787	126.963649	30	F	2	화합로	효촌초교 건너편 어린이보호구역(대성아스콘->덕도2리마을회관)
37.860175	126.834107	30	F	2	사임당로	파양초교 어린이보호구역(이천리->가야리)
37.861783	127.289715	70	F	2	금강로	봉수교차로 지나 500m(춘천→서울)
37.862088	126.782106	30	F	2	방촌로	문산초교 어린이보호구역(당동산업단지3호근린공원→문산역)
37.862461	127.149111	70	F	2	탑동가산로	오지재터널 지나500m (동두천->내촌)
37.862896	126.785077	30	F	1	봉미로	리틀월드어린이집 어린이보호구역(선문교차로→당동일반산업단지)
37.863959	127.279620	50	F	1	봉화로	삼석동정류장 앞(남양주↔베어크리크GC)
37.864814	127.146693	70	F	1	감암길	오지재터널
37.864888	126.786298	30	F	2	없음	자유초교 건너편 어린이보호구역(자유초교차로→동문아파트)
37.865675	126.785577	30	F	1	없음	자유초교 어린이보호구역(자유초교→자유초교차로)
37.868966	127.174572	30	F	2	자작로	자작2통마을회관 노인보호구역(자작교차로→자작삼거리)
37.869280	127.190953	30	F	1	유교로	유암초교 어린이보호구역(대진대→유암초교)
37.870270	127.001883	30	F	2	화합로610번길	상수2리마을회관 노인보호구역(상수4교차로→상수1교차로)
37.870454	127.244617	30	F	1	청군로	직두3리마을회관 노인보호구역(서파교차로→포천IC)
37.871110	127.214682	60	F	2	포천로	강산산업개발앞 (포천->내촌)
37.871170	127.737390	30	F	1	효제길	효제초등학교
37.871214	127.214499	70	F	1	포천로	용정섬유단지
37.872164	126.807391	30	F	1	장승배기로	문산중앙유치원 어린이보호구역(독서삼거리→율곡리)
37.872264	128.261574	30	F	1	내린천로	상남초등학교
37.872276	128.261569	30	F	1	내린천로	상남초등학교
37.873066	128.260699	30	F	3	내린천로	상남초등학교 앞
37.875083	127.024180	30	F	2	은현로	은현면행정복지센터 건너편(장현사거리→은현2교차로)
37.876249	127.229451	60	F	1	청군로	명인빌라(수원산→포천시청)
37.876824	127.742180	30	F	1	성심로	동춘천초등학교
37.877310	127.741810	30	F	1	성심로	동춘천초등학교
37.878906	126.804455	60	F	2	화석정로	(임진리마을회관→독서삼거리)
37.879814	127.714592	30	F	1	공지로	근화동노인정 앞(근화사거리↔춘천역)
37.879840	127.737090	30	F	1	교동길	교동초등학교
37.879864	127.737116	30	F	1	교동길	교동초등학교
37.880880	127.713154	60	F	1	영서로	청와아파트 앞
37.881311	127.301151	70	F	2	금강로	수입교차로 종점 1,2차로(기산리->수입리)
37.883800	127.035375	80	F	2	신평화로	은현교차로 400m전(상패동->양주)
37.883931	127.194845	60	F	1	용정경제로	포천리버포레세영리첼아파트(청성역사공원→어룡1통교차로)
37.886175	128.825478	30	F	1	주문로	주문진초등학교
37.887587	127.302138	80	F	1	금강로	화현교차로인근
37.888720	127.724970	30	F	3	소양로	서부시장삼거리→호반사거리
37.889331	126.747901	90	F	1	자유로	국도 77호선 종점 500m 전(당동IC->자유IC)
37.889333	127.302107	70	F	1	금강로	보문컨테이너(내촌→일동)
37.890170	127.754390	30	F	1	만천로	꿈나무유치원
37.890381	127.096814	70	F	2	삼육사로	오리궁전 앞 (포천->동두천)
37.890761	126.760376	30	F	2	마정로	마정초교 건너편 어린이보호구역(자유IC→운천역)
37.891084	127.754529	30	F	1	만천로	꿈나무유치원
37.893994	127.730292	30	F	1	후석로	근화어린이집(소양로1가 107, 강변삼거리→호반사거리)
37.897273	128.036901	80	F	1	설악로	장남교차로
37.899588	127.734745	30	F	1	충열로	강원명진학교
37.899741	127.734531	30	F	1	충열로	강원명진학교
37.900977	127.284596	30	F	2	달인동로1길	화현초교 건너편 어린이보호구역(운악천→화현면사무소)
37.901025	127.284733	30	F	1	달인동로1길	화현초교 어린이보호구역(화현면사무소→운악천)
37.902082	126.835535	50	F	2	파평산로	파평초교 건너편 어린이보호구역(두포교차로→두포2리마을회관)
37.904278	127.699501	30	F	1	금산2길	금산초등학교
37.904293	127.201549	70	F	1	금강로	소학3리교차로
37.905509	128.280949	60	F	2	내린천로	상남면 하남2리 버스정류장 앞
37.905690	128.281175	60	F	1	내린천로	(현리↔상남)
37.905959	128.821174	30	F	1	주문북로	신영초등학교
37.905985	128.821303	30	F	1	주문북로	신영초등학교
37.907123	127.005756	30	F	1	은현로	L마트(봉암교→봉암삼거리)
37.908932	127.054917	50	F	1	중앙로	서울병원사거리(양주→연천)
37.910037	127.006163	40	F	1	삼육사로	봉암초교 앞 어린이보호구역 (동두천->남면)
37.910679	127.030153	80	S	2	신평화로	동두천IC 종점 1,2차로(연천→의정부)
37.910774	128.503098	60	F	1	구룡령로	구룡령 휴게소 앞
37.910795	128.286977	40	F	1	내린천로	하남초등학교
37.911123	128.287226	30	F	3	내린천로	하남초등학교 앞
37.915815	127.298781	70	F	1	금강로	일동교차로 지나 200m 시점 1,2차로(기산리->수입리)
37.916016	127.036443	80	S	1	신평화로	상패터널 전50m 시점 1,2차로(의정부→연천)
37.918175	127.711687	30	F	3	박사로	신매교차로→강서중
37.923721	128.291170	60	F	1	내린천로	인제IC교차로
37.924621	128.290925	60	F	1	내린천로	인제IC교차로
37.924693	128.059592	80	F	2	설악로	남면 설악로 과훈단교차로
37.924775	128.059628	80	F	1	설악로	과훈단교차로
37.924804	126.998740	50	F	2	양연로	(연천->양주)
37.925620	127.744880	30	F	1	율문길	천전초등학교
37.926663	127.298638	70	F	2	금강로	황금바이크샵 전100m(일동교차로→선촌교차로)
37.926951	127.187481	60	F	2	포천로	(포천시청->연천)
37.927028	127.187403	60	F	1	포천로	스카이 모텔 앞
37.930214	127.788147	30	F	1	신샘밭로	동원학교 앞
37.933220	127.784958	30	F	1	상천2길	상천초등학교
37.933254	127.784999	30	F	1	상천2길	상천초등학교
37.936249	128.062301	80	F	1	설악로	남면 어론교차로
37.936249	128.062305	80	F	2	설악로	남면 설악로 어론교차로
37.936779	127.775497	30	F	1	맥국길	진실어린이집
37.938866	128.317844	100	S	2	서울양양고속도로	고속도로124.2km 시점 1차로
37.938975	128.317619	100	S	2	서울양양고속도로	고속도로124.2km 시점 2차로
37.939036	128.317396	100	E	1	서울양양고속도로	고속도로124.2km 종점 2차로
37.939067	128.317574	100	E	1	서울양양고속도로	고속도로124.2km 종점 1차로
37.939784	127.284205	70	F	2	신영일로	일동터널 지나 1km(일동터널→일동교차로)
37.942914	127.058809	50	F	2	평화로	세코닉스 앞(동두천→연천)
37.944508	128.314279	60	F	1	내린천로	기린면 덕다리 정류소 앞
37.945128	127.300836	70	F	1	금강로	일동교차로 지나350m(선촌교차로→연곡교차로)
37.945759	128.780735	30	F	1	갯마을길	남애초등학교
37.947164	127.054794	30	F	3	봉동로	소요초교 건너편 어린이보호구역(마차산→소요산사거리)
37.947444	127.054534	30	F	3	봉동로	소요초교 어린이보호구역(소요산사거리→마차산)
37.954838	127.227371	40	F	2	신창길	장자마을삼거리(창수면→신북면)
37.955973	127.315212	30	F	2	소야길	양주시 옥정동 1096 제일풍경채옥정 건너편(메트로포레아파트→유림노르웨이숲아파트)
37.956177	127.314558	30	F	1	소야길	일동초교 후문 건너편 어린이보호구역(일동시내→소야교)
37.956517	128.768367	80	F	1	동해대로	양양→강릉)
37.956574	127.306708	70	F	2	금강로	(수입교차로→일동교차로)
37.957602	127.062372	60	F	2	평화로	사단사거리(연천->동두천)
37.958172	128.318054	30	F	3	내린천로	기린초등학교 앞
37.958604	128.318428	30	F	1	내린천로	기린초등학교
37.958666	128.318356	30	F	1	내린천로	기린초등학교
37.962160	127.130428	30	F	1	청신로	삼정초교 어린이보호구역(나남수목원→연천)
37.962449	127.220096	50	F	1	신창길	박스킹(경복대학교포천캠퍼스→가양교)
37.962584	127.056552	80	S	2	신평화로	하봉암1교 시점 1,2차로(연천→의정부)
37.964907	127.324511	40	F	1	화동로	일동철강
37.964975	127.256418	70	F	1	신영일로	금주2교(일동교차로→만세교)
37.965083	127.323654	40	F	1	화동로	일동철강 앞 (일동->이동)
37.965243	127.256235	80	F	1	전영로	금주2교앞
37.967057	128.759148	40	F	1	해송천로	인구초등학교
37.967468	127.057660	80	S	1	신평화로	하봉암2교 종점 1,2차로(의정부→연천)
37.967849	127.189959	60	F	1	하개정길	(공도읍→개정사거리)
37.968449	126.899499	70	F	1	율곡로	두지교차로 지나 300m지점(문산→연천)
37.969840	128.082864	30	F	3	신남로	부평초등학교 앞
37.969998	128.082872	30	F	1	신남로94번길	부평초등학교
37.970362	128.303124	50	F	1	내린천로	기린→인제)
37.970433	127.455400	30	F	3	가화로	목동초교 명지분교 건너편 어린이보호구역(화천→가평)
37.970555	127.454917	30	F	3	가화로	목동초교 명지분교 어린이보호구역(가평→화천)
37.972004	127.204657	50	F	1	금화봉길	광석재 앞(신평->가양사거리)
37.972042	127.204652	50	F	1	금화봉길	광석재
37.974723	127.324287	70	F	1	금강로	수입교차로 전100m(선촌교차로→연곡교차로)
37.975462	128.083697	80	F	1	설악로	남면 한마당휴게소 앞
37.975505	128.083190	80	F	1	설악로	인제→홍천)
37.975725	126.904264	70	F	2	율곡로	적성산단교차로 전 400m지점(연천→문산)
37.980760	127.607580	30	F	1	화악지암길	지촌초등학교 지암분교
37.982243	126.968466	70	F	2	동서로	장현교차로 전 50M(연천->적성)
37.987381	128.100323	80	F	1	설악로	남면 모루박교차로
37.987539	128.530445	60	F	1	구룡령로	상평초등학교 현서분교
37.988026	127.707129	30	F	1	춘화로	송화초등학교
37.988082	128.101045	80	F	1	설악로	모루박교차로
37.988132	127.706970	30	F	1	춘화로	송화초등학교 건너편
37.989631	126.978399	70	F	1	동서로	과적검문소 앞(적성->연천)
37.991389	127.188760	40	F	1	메치골로	창수면사무소(가양리→창수교회)
37.991708	128.719836	100	F	1	동해고속도로	고속도로88.8km
37.991824	128.106379	80	F	2	설악로	남면 설악로 부평교차로
37.992944	127.172357	50	F	2	포천로	상추동입구(38고개→포천시청)
37.993829	128.530322	100	E	2	서울양양고속도로	고속도로140.2km 종점 1차로
37.993882	128.530319	100	E	2	서울양양고속도로	고속도로140.2km 종점 2차로
37.993953	128.741475	80	F	1	동해대로	무궁화동산 앞
37.994009	128.530095	100	S	1	서울양양고속도로	고속도로140.2km 시점 1차로
37.994100	128.530049	100	S	1	서울양양고속도로	고속도로140.2km 시점 2차로
37.994776	127.024148	60	F	2	양연로	양원교(연천→파주)
37.999485	127.246883	80	F	1	호극로	양문사거리전400m지점
38.001073	127.235257	70	F	2	동서로	거사교차로 지나 200m(창수면→신북면)
38.001561	128.116529	80	F	1	설악로	SK LPG충전소 앞
38.001954	127.242642	50	F	2	양문로	영중농협(영중체육문화센터->양문2교차로)
38.003260	127.065756	60	F	2	동서로	한탄대교사거리(연천->동두천)
38.006355	127.240086	30	F	1	양문로	포담초교 건너편 어린이보호구역(영중파출소→양문삼거리)
38.007733	127.075526	50	F	2	중앙로	청산아스콘 건너편(포천→동두천)
38.009351	127.235858	60	F	1	전영로	광명휴게소 전 1km(전곡→가평)
38.009440	127.358300	70	F	2	금강로	연곡1교앞(이동면->일동면)
38.009855	127.357989	70	F	1	금강로	연곡1교앞
38.010412	127.003981	80	S	1	동서로	마포교 시점 1,2차로(파주→포천)
38.010673	127.004047	80	E	2	동서로	마포교 종점 1,2차로(포천→파주)
38.014931	127.216827	60	F	1	전영로	영평삼거리(가평→전곡)
38.015053	128.698081	40	F	1	송이로	현북초등학교
38.015059	128.697768	40	F	1	송이로	현북초등학교
38.017157	127.194394	70	F	1	전영로	신오가교차로
38.018032	128.130798	80	F	2	설악로	남면 제설창고 앞
38.018195	128.724556	30	F	1	하조대1길	광정초등학교
38.019965	127.329641	40	F	1	운악청계로	소망원입구
38.020206	128.131031	80	F	1	설악로	남전교차로
38.020291	127.329407	40	F	2	새낭로	소망원 입구 건너편(산정호수->낭유교차로)
38.022420	127.123046	80	F	3	동서로	백의1교(전곡→포천)
38.022515	127.122463	80	F	3	동서로	백의1교(포천→전곡)
38.022683	127.036632	80	E	1	동서로	연천휴게소 종점 1,2차로(파주→포천)
38.022774	127.035290	80	S	2	동서로	연천휴게소 시점 1,2차로(포천→파주)
38.024060	127.883260	30	F	1	북산로	추곡초등학교
38.026811	127.883785	60	F	1	춘양로	추곡삼거리
38.030338	127.070730	50	F	1	동서로	전곡중고등학교 교차로(포천->전곡)
38.031841	127.064638	60	F	1	평화로	전곡교 후방 100m(동두천→연천)
38.032086	127.096476	80	F	1	동서로	궁평IC교 지나 150m(포천→파주)
38.034020	127.323730	40	F	3	사내천로	사창리->용담리
38.034667	128.689909	80	F	1	동해대로	양양→강릉)
38.038052	128.696976	30	F	1	선사유적로	동호교→하조대)
38.038190	128.596358	50	F	1	남대천로	석계리→양양시내)
38.039235	127.086727	80	F	2	동서로	전곡대교 전 100m(포천->연천)
38.041387	128.557668	40	F	1	구룡령로	상평초등학교 공수전분교
38.042608	128.157122	80	F	2	설악로	인제읍 인제대교 300m 전방
38.042758	127.074548	80	F	1	동서로	전곡대교 전 100m(연천->포천)
38.043461	128.206571	50	F	1	내린천로	덕다리정류소 앞
38.043461	128.206571	60	F	1	내린천로	고사리쉼터 앞
38.043728	128.206000	60	F	1	내린천로	고사리 입구
38.053060	128.160808	80	F	1	설악로	인제터널 100m 전방
38.053487	127.374842	70	F	3	금강로	민트글램핑(일동→김화)
38.053541	127.374688	70	F	3	금강로	민트글램핑 건너편(김화→일동)
38.053669	127.821513	30	F	1	동람길	오음초등학교
38.054117	127.791185	30	F	1	파로호로	유촌초등학교
38.054492	128.633881	100	F	2	동해고속도로	고속도로99.5km
38.054543	127.561941	60	F	1	사내천로	용담샘터 앞
38.054577	128.646239	80	F	1	동해대로	회산막국수 앞
38.055021	128.162200	80	F	1	설악로	인제읍 인제터널 전
38.056400	128.608085	40	F	1	남대천로	한남초등학교
38.058193	127.385562	30	F	2	화동로	도평초교 어린이보호구역(사내→일동)
38.058248	127.385703	30	F	1	화동로	양주시 옥정동 869 양주도담학교 어린이보호구역(양주도담학교→양주옥정LH3단지아파트)
38.058754	128.682175	60	F	3	신사유적로	낙산대교→하조대
38.058835	127.666408	30	F	1	원천새싹길	원천초등학교
38.058889	127.664993	30	F	1	영서로	원천초등학교
38.059503	128.642355	30	F	1	손중로	손양초등학교
38.059624	128.563141	80	F	1	설악로	남설악터널 후방 700m
38.059898	128.681427	60	F	3	신사유적로	하조대→낙산대교
38.060000	127.643500	60	F	1	영서로	목재문화체험장 앞
38.062674	128.169392	30	F	1	인제로	(상동리 432, 인제남초 후문→터미널)
38.062830	127.985320	60	F	1	춘양로	(춘천→양구)
38.063405	128.169795	30	F	2	인제로	인제남초등학교 후문
38.063419	128.169791	30	F	3	인제로	인제산촌민속박물관→인제보건소
38.063697	128.170916	30	F	1	비봉로	인제남초등학교 후문
38.063806	128.171001	30	F	2	비봉로	인제남초등학교 후문
38.064017	128.170728	30	F	1	인제로	인제남초등학교
38.064019	128.170783	30	F	1	인제로	인제남초등학교 정문
38.064026	128.171302	30	F	1	인제로	(상동리 432, 터미널→인제남초 후문)
38.064228	127.205660	50	F	1	한탄강1로	영로대교 100m 전(포천→철원)
38.064400	128.170323	30	F	1	인제로	인제남초등학교
38.064473	128.174938	80	F	2	설악로	인제읍 정중앙휴게소 앞
38.064625	127.520701	50	F	1	포화로	사내고등학교
38.064772	128.175153	80	F	1	설악로	인제읍 정중앙교차로 앞
38.066735	127.494630	30	F	1	포화로	광덕초등학교
38.066825	127.493824	30	F	1	포화로	광덕초등학교
38.068405	127.519537	30	F	1	포화로	사내초등학교
38.068469	127.519257	30	F	1	포화로	사내초등학교
38.068778	127.689694	60	F	1	춘화로	화천→부다리터널)
38.068990	128.639550	80	F	1	동해대로	8군단입구
38.070665	127.303392	60	F	1	산정호수로	명문이동갈비(산정호수→문암사거리)
38.070718	127.992170	30	F	1	춘양로	죽리초등학교
38.071335	128.539856	60	F	1	설악로	오색1교차로
38.071412	127.300826	80	F	3	서부로	의정부서부우회도로 3차로(의정부→서울)
38.071412	127.300826	60	F	1	산정호수로	산정2교(문암삼거리→산정호수)
38.072412	128.587354	30	F	1	물윗구미길	상평초등학교
38.073048	128.179492	30	F	1	인제로	인제초등학교
38.073435	128.180404	30	F	2	인제로	인제초등학교
38.074007	128.479513	40	F	1	설악로	상평초등학교 오색분교
38.076572	128.622229	30	F	1	군청길	양양초등학교
38.079770	128.022230	40	F	1	정중앙로	도촌초등학교
38.080141	127.266979	70	F	1	호국로	운천제2교차로 (포천->김화)
38.080151	127.267009	80	F	1	호극로	운천제2교차로
38.081499	128.007983	60	F	1	정중앙로	송청삼거리 1km 전방
38.086281	128.664139	60	F	3	선사유적로	낙산대교→하조대
38.086670	128.664139	60	F	3	신사유적로	하조대→낙산대교
38.086800	127.739690	60	F	1	평화로	미륵바위 앞
38.087821	128.181421	80	F	2	설악로	인제읍 덕산교차로
38.088310	128.008626	60	F	1	춘양로	황강교차로
38.088512	128.657606	30	F	1	동명로	송포초등학교
38.088984	127.700154	30	F	1	용화산로	용암초등학교
38.092250	128.042566	60	F	1	삼팔선로	양구터널→남면사무소)
38.094356	128.626412	60	F	1	설악로	(오색→양양)
38.102390	127.991930	40	F	1	중심로	양구초등학교
38.104930	127.707863	30	F	1	사내로	사내초등학교 후문
38.106164	127.708742	30	F	1	산수화로	화천초등학교
38.107463	128.034730	30	F	1	정중앙로	용하초등학교(인제→용하삼거리)
38.109271	127.211639	30	F	1	창동로	삼율리마을회관 노인보호구역(비둘기낭폭포→삼율교차로)
38.109620	128.034090	30	F	1	정중앙로	용하초등학교
38.113991	128.633973	30	F	1	동해대로	조산초등학교
38.117911	127.683628	60	F	1	포화로	흥남건재 앞 교차로
38.118657	127.530823	30	F	1	수피령로	실내초등학교
38.118954	128.200403	30	F	1	원통로	원통초등학교 앞
38.119262	128.200781	30	F	2	원통로	원통초등학교 앞
38.121641	128.209183	80	F	1	설악로	북면 원통교차로
38.127412	128.206651	30	F	1	금강로	미진아파트 앞
38.127663	128.207221	30	F	1	금강로	미진아파트 앞
38.133330	127.675430	60	F	1	영서로	신대교 앞
38.136141	127.471945	50	F	1	하오재로	하오터널 300m 후방
38.136423	128.232945	80	F	1	설악로	북면 어두원교차로
38.138064	128.006202	60	F	1	금강산로	(동면→ 양구군청)
38.139566	127.086350	50	F	2	연신로	철원→연천
38.140436	127.309178	30	F	1	명성로	단비어린이집
38.146587	127.306171	30	F	1	명성로	신철원초등학교
38.146680	127.306166	30	F	1	명성로	신철원초등학교
38.147296	127.741054	30	F	1	평화로	풍산초등학교
38.147338	127.740947	30	F	1	평화로	풍산초등학교
38.147547	127.305767	30	F	1	명성로	신철원초등학교
38.148189	128.015495	30	F	1	금강산로	한전초등학교
38.148321	128.015262	30	F	1	금강산로	한전초등학교
38.148722	128.604827	30	F	1	진미로	강현초등학교
38.148771	128.604819	30	F	1	진미로	강현초등학교
38.149359	128.258207	80	E	1	미시령로	한계터널 700m 후
38.155872	127.225135	30	F	1	상노로	오지삼거리→포천)
38.156396	127.251290	30	F	1	창동로	관인초교 건너편 어린이보호구역(초과리→철원)
38.157905	128.014489	60	F	1	학안로	생활체육공원→안대리마을회관)
38.159213	127.650525	30	F	1	평촌길	상승초등학교
38.161953	128.207176	60	F	1	금강로	월학의용소방대  후방100m
38.162209	127.317248	30	F	1	아랫삼성길	나래유치원
38.162283	128.207458	60	F	1	금강로	서화→원통)
38.162743	128.569261	50	F	1	설악산로	도천삼거리 70m 전
38.164814	128.541401	30	F	1	청봉로	설악초등학교
38.165720	128.586240	60	E	1	떡밭재로	한올종합건재 건너편
38.166931	127.429853	60	F	1	태봉로	신술터널→서면)
38.168007	127.415324	30	F	1	자등로	서면초등학교
38.168091	128.044621	60	F	1	남동로	후곡교사거리
38.168116	127.415176	30	F	1	자등로	서면초등학교
38.170703	128.208563	30	F	1	금강로	월학초등학교(원통→서화)
38.171267	128.014789	60	F	1	금강산로	방산→양구)
38.175124	127.534486	30	F	1	다파로	다목초등학교
38.175135	127.534521	30	F	1	다파로	다목초등학교
38.177264	128.279106	80	S	1	미시령로	용대터널 1km 전
38.177921	128.580832	60	S	1	떡밭재로	속초상수도사업소 앞
38.181462	127.324192	30	F	1	두루미로	무지개어린이집
38.184481	128.293811	80	F	1	미시령로	북면 아랫남교차로
38.184528	128.293833	80	F	1	미시령로	아랫남교차로
38.185396	127.317647	30	F	1	태봉로	문혜초등학교
38.185667	128.601067	50	F	1	조양로	동명아파트 앞
38.186480	128.040780	30	F	1	원당로	원당초등학교
38.190002	128.599795	50	F	1	동해대로	속초고속버스터미널 앞
38.190376	128.599705	50	F	1	동해대로	속초고속버스터미널 앞
38.190432	127.229165	60	F	1	북원로	현대자동차공업사 앞
38.191200	127.597649	30	F	1	다파로	봉오초등학교
38.191265	128.578190	30	F	1	소평로	청대초등학교
38.191369	127.597811	30	F	1	다파로	봉오초등학교
38.194474	128.327170	80	F	2	미시령로	북면 구만교차로
38.194712	128.326717	80	F	1	미시령로	북면 구만교차로
38.195373	128.597051	30	F	1	청호로	청호초등학교
38.196607	127.264702	60	F	1	태봉로	(동송↔문혜리)
38.197946	128.343115	80	F	1	미시령로	북면 백담교차로
38.198776	128.594559	50	F	1	설악금강대교로	설악대교 남단
38.200150	128.043180	40	F	1	금강산로	임당초등학교
38.202618	127.217285	30	F	1	금학로	동송초등학교
38.202844	128.581100	30	F	1	번영로	속초초등학교
38.204921	128.571865	30	F	1	미시령로	교동초등학교
38.205458	127.296816	30	F	1	두루미로	내대초등학교
38.205675	127.219798	30	F	1	금학로	동송초등학교
38.207240	128.488070	60	E	1	미시령로	미시령영업소 350M전
38.208277	127.277831	50	F	1	태봉대교길	에덴의집
38.208549	127.221818	30	F	1	이평3로	고려어린이집
38.208580	127.944200	30	F	1	평화로	방산초등학교
38.210329	127.221040	30	F	1	이평로	아이뜨리어린이집
38.211881	127.662379	30	F	1	영서로	산양초등학교
38.214405	127.213749	30	F	1	금학로	철원초등학교
38.214778	127.213471	30	F	1	금학로	철원초등학교
38.215506	128.361308	80	F	2	미시령로	북면 진미식당 앞
38.216499	128.362499	80	F	1	미시령로	진미식당앞
38.220213	128.407390	60	S	1	미시령로	미시령터널 100M전
38.220847	128.390441	70	F	1	미시령로	북면 선낙원 앞
38.229671	128.207610	30	F	1	금강로	서화초등학교 후문
38.230499	128.207298	30	F	2	금강로	서화초등학교 후문
38.233562	128.569460	40	F	1	용원로	용촌2리 마을회관
38.233656	128.569663	40	F	1	용원로	용촌2리마을회관
38.236458	128.571766	80	F	1	동해대로	용촌고가도로
38.238759	127.469807	30	F	1	하오대로	근남초등학교
38.239248	127.471096	30	F	1	대성로	근남초등학교
38.241995	127.344315	30	F	1	토성길	토성초등학교
38.243040	127.431613	30	F	1	와수1로	꽃다지지역아동센터
38.243099	127.431731	30	F	1	와수1로	꽃다지지역아동센터
38.243684	127.377427	30	F	1	청양로	청양초등학교
38.248143	127.205818	30	F	1	금강산로	관전리마을회관
38.251752	127.414849	30	F	1	김화로	김화초등학교
38.251762	127.414870	30	F	1	김화로	김화초등학교
38.256287	128.557720	30	F	1	천진1길	천진초등학교
38.256634	128.556274	80	F	1	동해대로	천진초등학교 앞
38.256972	128.556530	30	F	1	천진1길	천진초등학교
38.257480	128.559164	30	F	1	천진1길	천친초등학교
38.263464	127.165576	30	F	1	묘창로	묘장초등학교
38.267258	127.354375	30	F	1	도창로	도창초등학교
38.272840	128.549620	30	F	1	아야진길	아야진초등학교
38.273001	127.525175	50	F	1	영서로	승리전망대→용암삼거리)
38.273037	127.524840	50	F	1	영서로	용암삼거리→승리전망대)
38.277543	127.305431	60	F	1	금강산로	양지리→이길리 마을회관)
38.287950	128.544570	30	F	1	교암1길	동광초등학교
38.288060	128.139370	30	F	1	펀치볼로	해안초등학교
38.289070	128.544790	30	F	1	교암1길	동광초등학교
38.291348	128.545074	80	F	1	동해대로	문암삼거리 500M 전
38.295839	128.543421	80	F	1	동해대로	문암교차로
38.312870	128.532780	30	F	1	황포길	오호초등학교
38.329628	128.522840	30	F	1	송지호로	죽왕초등학교
38.356685	128.507677	80	F	1	동해대로	공현진마을 입구
38.376770	128.470260	30	F	1	수성로	간성어린이집
38.377884	128.497990	80	F	1	동해대로	고성→속초
